,Estimate; HOUSING OCCUPANCY - Rental vacancy rate,"Estimate; UNITS IN STRUCTURE - 1-unit, attached","Estimate; UNITS IN STRUCTURE - Boat, RV, van, etc.",Estimate; SELECTED MONTHLY OWNER COSTS AS A PERCENTAGE OF HOUSEHOLD INCOME (SMOCAPI) - Not computed,Estimate; SELECTED MONTHLY OWNER COSTS AS A PERCENTAGE OF HOUSEHOLD INCOME (SMOCAPI) - Less than 10.0 percent
0,9.6,4038.0,667.0,836.0,31722.0
1,9.6,4038.0,667.0,836.0,31722.0
2,5.6,6522.0,188.0,672.0,34542.0
3,6.9,4174.0,391.0,742.0,35194.0
4,4.9,1352.0,237.0,651.0,40224.0
5,8.6,6265.0,359.0,288.0,38008.0
6,7.7,10711.0,70.0,676.0,34269.0
7,9.9,4857.0,91.0,856.0,24312.0
8,5.6,23251.0,351.0,158.0,25284.0
9,9.2,27031.0,1172.0,1140.0,32043.0
10,9.2,27031.0,1172.0,1140.0,32043.0
11,9.2,8811.0,1145.0,622.0,17176.0
12,7.1,7899.0,4803.0,393.0,40152.0
13,6.6,11265.0,1149.0,664.0,26111.0
14,8.0,25820.0,93.0,1083.0,23382.0
15,11.4,8443.0,24.0,2304.0,8725.0
16,9.7,19286.0,285.0,519.0,28942.0
17,8.3,4341.0,426.0,329.0,38566.0
18,13.6,4651.0,509.0,1008.0,33898.0
19,7.4,9202.0,598.0,910.0,30497.0
20,6.6,8504.0,1557.0,750.0,25724.0
21,4.8,18516.0,1039.0,578.0,22952.0
22,5.3,11730.0,460.0,266.0,17992.0
23,7.8,7262.0,174.0,405.0,19873.0
24,7.4,19861.0,357.0,763.0,16301.0
25,6.4,20263.0,469.0,978.0,14251.0
26,7.1,14116.0,158.0,1034.0,17581.0
27,8.3,8160.0,789.0,1669.0,14641.0
28,6.0,13445.0,264.0,716.0,12877.0
29,4.5,8542.0,123.0,255.0,13192.0
30,4.4,22561.0,371.0,206.0,18145.0
31,2.8,40839.0,173.0,120.0,14080.0
32,4.4,14392.0,200.0,186.0,12771.0
33,1.2,24680.0,291.0,226.0,17808.0
34,2.4,25113.0,65.0,689.0,15413.0
35,8.0,6022.0,133.0,226.0,11923.0
36,3.3,30627.0,292.0,460.0,18935.0
37,2.7,22581.0,114.0,486.0,22649.0
38,2.7,21851.0,249.0,255.0,12146.0
39,3.1,17171.0,267.0,337.0,14303.0
40,5.5,5881.0,80.0,350.0,11338.0
41,3.6,6941.0,274.0,548.0,14768.0
42,7.3,6001.0,200.0,1165.0,17564.0
43,2.6,17688.0,353.0,157.0,19238.0
44,4.1,12948.0,232.0,1425.0,10299.0
45,2.6,24790.0,294.0,200.0,15425.0
46,2.6,22840.0,126.0,863.0,18157.0
47,3.0,11512.0,587.0,502.0,9698.0
48,3.8,9339.0,250.0,515.0,5916.0
49,5.0,12493.0,364.0,791.0,10773.0
50,7.5,11351.0,34.0,650.0,12600.0
51,4.9,18867.0,40.0,401.0,13479.0
52,4.7,20705.0,38.0,445.0,17791.0
53,4.6,12671.0,103.0,502.0,5139.0
54,6.5,10699.0,272.0,414.0,8244.0
55,8.2,35235.0,762.0,1167.0,18121.0
56,4.3,21856.0,0.0,517.0,9011.0
57,4.8,9961.0,42.0,847.0,16121.0
58,4.4,19364.0,248.0,467.0,16595.0
59,2.1,20847.0,173.0,80.0,7385.0
60,4.7,6999.0,184.0,503.0,9305.0
61,3.6,6424.0,381.0,464.0,10422.0
62,3.4,19063.0,287.0,335.0,9944.0
63,3.7,13951.0,35.0,141.0,8276.0
64,4.3,38917.0,184.0,731.0,15369.0
65,3.9,12491.0,0.0,80.0,10646.0
66,4.0,17977.0,219.0,371.0,14620.0
67,2.5,35049.0,132.0,26.0,21149.0
68,4.3,37183.0,0.0,4961.0,15550.0
69,5.9,14339.0,445.0,4889.0,14700.0
70,4.4,15029.0,303.0,506.0,11553.0
71,4.9,27038.0,94.0,364.0,17246.0
72,3.3,23940.0,300.0,515.0,13512.0
73,3.9,24914.0,473.0,615.0,16952.0
74,6.9,26688.0,0.0,577.0,27306.0
75,7.9,19671.0,366.0,584.0,31576.0
76,4.9,18899.0,70.0,1567.0,24957.0
77,5.7,24470.0,224.0,603.0,18975.0
78,5.2,25844.0,63.0,602.0,21450.0
79,7.1,17689.0,0.0,468.0,15365.0
80,6.7,12340.0,35.0,71.0,16614.0
81,6.7,17738.0,0.0,393.0,11314.0
82,7.7,17875.0,0.0,779.0,12289.0
83,6.6,16760.0,50.0,854.0,13164.0
84,7.9,60404.0,81.0,751.0,33390.0
85,12.0,10188.0,1045.0,623.0,29618.0
86,15.1,16007.0,511.0,778.0,28064.0
87,9.3,11743.0,714.0,870.0,34104.0
88,7.6,15492.0,47.0,1100.0,22671.0
89,11.3,11997.0,67.0,781.0,16037.0
90,8.8,17743.0,282.0,747.0,33660.0
91,8.4,17791.0,74.0,1003.0,17571.0
92,13.8,15915.0,628.0,840.0,32594.0
93,6.1,21625.0,357.0,1030.0,11615.0
94,12.0,6708.0,453.0,1175.0,44272.0
95,12.0,6708.0,453.0,1175.0,44272.0
96,8.1,19453.0,872.0,951.0,29882.0
97,6.8,17917.0,313.0,1428.0,29721.0
98,6.8,17917.0,313.0,1428.0,29721.0
99,6.8,18428.0,307.0,882.0,17443.0
100,8.5,13413.0,211.0,668.0,23354.0
101,9.3,35895.0,474.0,571.0,39840.0
102,13.1,14424.0,1965.0,492.0,37424.0
103,10.5,26285.0,225.0,660.0,31306.0
104,12.2,40414.0,216.0,791.0,32944.0
105,12.2,40414.0,216.0,791.0,32944.0
106,9.6,21277.0,444.0,748.0,12864.0
107,5.5,33668.0,36.0,837.0,22465.0
108,7.6,29400.0,0.0,896.0,24603.0
109,8.8,27180.0,183.0,617.0,16658.0
110,10.6,18290.0,79.0,852.0,10960.0
111,7.3,32656.0,62.0,1025.0,14525.0
112,9.8,34460.0,478.0,1212.0,15158.0
113,5.5,26243.0,86.0,777.0,12775.0
114,8.3,11929.0,396.0,790.0,27189.0
115,9.4,4070.0,118.0,920.0,21656.0
116,8.3,4280.0,62.0,1546.0,21364.0
117,12.1,13676.0,131.0,1503.0,14662.0
118,10.4,18748.0,590.0,1461.0,10620.0
119,9.0,19828.0,0.0,493.0,18320.0
120,8.1,17565.0,67.0,1189.0,15462.0
121,7.7,3501.0,189.0,628.0,28299.0
122,8.0,4528.0,238.0,1401.0,30034.0
123,11.6,4837.0,140.0,861.0,21924.0
124,7.9,17679.0,185.0,910.0,19213.0
125,8.0,8514.0,109.0,1117.0,29398.0
126,12.8,12408.0,70.0,581.0,14162.0
127,11.4,4210.0,62.0,976.0,26574.0
128,5.4,23726.0,0.0,247.0,17803.0
129,13.2,20942.0,85.0,705.0,22439.0
130,5.5,7126.0,724.0,876.0,30216.0
131,7.2,13194.0,164.0,536.0,35025.0
132,9.1,16611.0,133.0,1168.0,13297.0
133,9.1,15398.0,42.0,1214.0,14400.0
134,5.0,19498.0,0.0,543.0,15903.0
135,5.9,5107.0,167.0,209.0,6077.0
136,3.8,11678.0,107.0,480.0,13530.0
137,4.7,31077.0,0.0,526.0,17675.0
138,8.1,13180.0,36.0,731.0,7967.0
139,7.2,13462.0,169.0,568.0,14696.0
140,7.1,32546.0,0.0,227.0,13318.0
141,6.0,35436.0,0.0,310.0,13127.0
142,6.2,6852.0,176.0,473.0,31124.0
143,6.2,7678.0,153.0,546.0,29131.0
144,6.2,29334.0,0.0,390.0,10338.0
145,7.6,4283.0,177.0,205.0,41299.0
146,6.3,14155.0,20.0,342.0,27214.0
147,5.3,7678.0,0.0,270.0,30096.0
148,3.0,11940.0,104.0,191.0,36418.0
149,5.2,15245.0,0.0,576.0,28511.0
150,8.2,6858.0,73.0,502.0,34591.0
151,10.7,6524.0,0.0,499.0,35735.0
152,6.4,8307.0,249.0,210.0,27029.0
153,6.5,17539.0,0.0,188.0,25735.0
154,10.5,6643.0,7.0,543.0,28660.0
155,12.0,31669.0,0.0,1259.0,17189.0
156,6.6,5174.0,189.0,282.0,34502.0
157,9.3,10191.0,44.0,313.0,35118.0
158,6.2,12005.0,29.0,389.0,35559.0
159,4.7,17497.0,6.0,557.0,28644.0
160,7.1,7408.0,0.0,391.0,46539.0
161,7.1,10276.0,71.0,88.0,37592.0
162,7.9,13823.0,164.0,211.0,30226.0
163,4.6,25959.0,21.0,605.0,21242.0
164,7.9,8341.0,0.0,255.0,27385.0
165,5.2,5331.0,124.0,580.0,44033.0
166,5.6,7234.0,55.0,480.0,37516.0
167,5.8,12889.0,37.0,354.0,25950.0
168,4.4,8275.0,27.0,253.0,29065.0
169,6.3,1902.0,464.0,601.0,50833.0
170,5.7,10139.0,0.0,373.0,25482.0
171,9.2,12034.0,380.0,427.0,41099.0
172,10.8,30376.0,115.0,684.0,29366.0
173,7.8,4788.0,353.0,404.0,50946.0
174,7.8,8405.0,464.0,398.0,46936.0
175,7.7,3500.0,721.0,724.0,49407.0
176,7.7,3500.0,721.0,724.0,49407.0
177,5.7,12418.0,38.0,293.0,21052.0
178,6.8,4413.0,115.0,227.0,29170.0
179,12.6,23858.0,68.0,273.0,23787.0
180,7.6,97157.0,71.0,154.0,14670.0
181,4.6,81906.0,22.0,810.0,19468.0
182,6.7,50933.0,0.0,584.0,13258.0
183,6.1,28757.0,146.0,641.0,14515.0
184,5.0,67255.0,36.0,305.0,18949.0
185,8.5,128105.0,322.0,823.0,17759.0
186,4.4,12102.0,0.0,436.0,18936.0
187,4.8,16799.0,67.0,152.0,16423.0
188,5.3,19386.0,0.0,470.0,17322.0
189,4.3,16672.0,0.0,547.0,17256.0
190,2.7,18272.0,34.0,767.0,14735.0
191,4.1,16375.0,72.0,407.0,15163.0
192,4.7,17906.0,330.0,389.0,7042.0
193,3.9,14700.0,0.0,320.0,13285.0
194,6.4,12417.0,39.0,1118.0,17592.0
195,7.6,5841.0,215.0,822.0,37919.0
196,5.2,15247.0,129.0,875.0,27485.0
197,6.0,13229.0,0.0,546.0,24532.0
198,4.5,6415.0,94.0,498.0,32803.0
199,7.1,14049.0,56.0,556.0,28876.0
200,7.4,6976.0,70.0,579.0,25338.0
201,8.1,8275.0,52.0,551.0,25458.0
202,6.6,15939.0,0.0,414.0,19194.0
203,4.1,25729.0,0.0,622.0,24007.0
204,7.3,20786.0,32.0,908.0,24274.0
205,4.4,21276.0,0.0,396.0,22494.0
206,5.1,15763.0,55.0,381.0,22182.0
207,9.9,25274.0,116.0,592.0,18016.0
208,6.7,11152.0,10.0,137.0,35753.0
209,3.2,43967.0,46.0,389.0,20964.0
210,3.0,40703.0,84.0,316.0,22472.0
211,2.7,28071.0,250.0,493.0,21985.0
212,3.8,14040.0,107.0,450.0,15711.0
213,2.8,21283.0,107.0,356.0,20712.0
214,7.2,7954.0,150.0,410.0,38866.0
215,3.7,8016.0,169.0,477.0,33506.0
216,10.1,3957.0,132.0,790.0,36834.0
217,10.5,3088.0,196.0,387.0,31203.0
218,9.8,5117.0,400.0,380.0,42851.0
219,12.9,4467.0,828.0,346.0,38481.0
220,7.7,14590.0,34.0,765.0,16299.0
221,5.9,15220.0,72.0,401.0,27686.0
222,6.3,9996.0,203.0,914.0,34165.0
223,4.3,10317.0,252.0,366.0,33056.0
224,8.7,16632.0,31.0,710.0,21194.0
225,8.9,10530.0,212.0,402.0,32042.0
226,5.6,7545.0,267.0,236.0,32240.0
227,5.0,3123.0,352.0,802.0,41718.0
228,5.0,3123.0,352.0,802.0,41718.0
229,6.8,15134.0,353.0,538.0,49964.0
230,5.5,15276.0,88.0,651.0,23368.0
231,7.8,9868.0,0.0,185.0,14932.0
232,4.2,4651.0,20.0,286.0,35133.0
233,16.6,16192.0,201.0,310.0,13875.0
234,9.2,16696.0,228.0,389.0,24731.0
235,6.4,14063.0,133.0,498.0,17835.0
236,9.3,9427.0,244.0,340.0,16657.0
237,6.1,18664.0,22.0,364.0,13701.0
238,5.0,14537.0,0.0,303.0,15280.0
239,7.0,42240.0,39.0,319.0,9651.0
240,7.0,42240.0,39.0,319.0,9651.0
241,9.4,29662.0,0.0,371.0,13466.0
242,5.2,32586.0,0.0,350.0,13760.0
243,3.8,36734.0,128.0,226.0,13666.0
244,4.9,15261.0,0.0,548.0,12341.0
245,4.9,23454.0,40.0,424.0,10608.0
246,6.4,28814.0,0.0,501.0,15779.0
247,5.4,12946.0,103.0,276.0,3033.0
248,3.9,12575.0,189.0,762.0,7648.0
249,8.3,18457.0,206.0,502.0,3828.0
250,4.5,19609.0,40.0,82.0,14320.0
251,6.1,49898.0,0.0,426.0,13243.0
252,7.2,14910.0,438.0,769.0,27739.0
253,9.8,7771.0,1039.0,530.0,40259.0
254,9.2,10191.0,278.0,1029.0,39652.0
255,7.4,13480.0,0.0,452.0,11567.0
256,2.7,8953.0,0.0,304.0,6638.0
257,4.4,13499.0,0.0,806.0,15998.0
258,4.9,6302.0,0.0,351.0,12592.0
259,3.8,17772.0,241.0,276.0,9875.0
260,2.0,29615.0,441.0,325.0,16694.0
261,3.1,12720.0,162.0,336.0,4545.0
262,5.5,26175.0,97.0,599.0,9059.0
263,3.8,27013.0,177.0,258.0,8330.0
264,3.8,10387.0,0.0,201.0,13325.0
265,4.3,56044.0,212.0,862.0,13986.0
266,3.7,5197.0,77.0,464.0,20048.0
267,3.1,2926.0,892.0,122.0,6217.0
268,2.8,24819.0,0.0,445.0,7786.0
269,3.3,7849.0,197.0,0.0,2274.0
270,7.1,14680.0,0.0,498.0,15007.0
271,3.7,18387.0,0.0,240.0,10037.0
272,3.2,17067.0,0.0,454.0,9876.0
273,8.8,7083.0,295.0,876.0,22885.0
274,7.2,13264.0,0.0,204.0,21316.0
275,4.8,6956.0,27.0,381.0,30211.0
276,5.9,4923.0,46.0,404.0,28771.0
277,3.7,5964.0,195.0,43.0,32242.0
278,5.2,10226.0,215.0,432.0,23926.0
279,4.6,17074.0,0.0,1012.0,18921.0
280,6.1,10438.0,212.0,285.0,23636.0
281,5.8,8774.0,47.0,109.0,25702.0
282,8.1,10113.0,0.0,319.0,20113.0
283,8.7,14327.0,0.0,714.0,25333.0
284,8.7,14327.0,0.0,714.0,25333.0
285,7.3,19276.0,77.0,613.0,24080.0
286,6.9,23634.0,59.0,558.0,17750.0
287,10.0,9619.0,0.0,695.0,36151.0
288,8.0,10479.0,110.0,374.0,33108.0
289,13.6,9020.0,160.0,886.0,30520.0
290,7.5,4851.0,0.0,718.0,29639.0
291,5.5,21325.0,37.0,913.0,18181.0
292,6.5,7032.0,207.0,1437.0,31762.0
293,7.5,7536.0,67.0,1151.0,48444.0
294,8.6,13715.0,236.0,623.0,11627.0
295,8.6,13715.0,236.0,623.0,11627.0
296,5.3,16980.0,241.0,146.0,46991.0
297,7.6,16887.0,38.0,200.0,18403.0
298,7.5,11049.0,131.0,275.0,24315.0
299,8.4,28157.0,0.0,168.0,11646.0
300,6.9,7217.0,13.0,193.0,29403.0
301,5.5,10566.0,115.0,404.0,29414.0
302,5.6,5418.0,370.0,151.0,42432.0
303,5.0,11009.0,0.0,131.0,30024.0
304,6.5,10188.0,0.0,232.0,26925.0
305,7.5,15919.0,124.0,437.0,23145.0
306,6.1,20151.0,0.0,201.0,19671.0
307,10.7,19156.0,245.0,814.0,15717.0
308,5.6,16012.0,54.0,569.0,22458.0
309,7.4,13067.0,40.0,291.0,29593.0
310,5.7,15982.0,0.0,527.0,25407.0
311,5.3,14716.0,108.0,106.0,23570.0
312,6.4,17452.0,0.0,506.0,29679.0
313,8.3,8848.0,301.0,477.0,29543.0
314,9.4,4600.0,490.0,593.0,47988.0
315,6.4,4583.0,723.0,138.0,47027.0
316,10.2,6668.0,238.0,533.0,36345.0
317,5.4,20991.0,184.0,439.0,18640.0
318,5.7,14092.0,1107.0,561.0,29320.0
319,4.5,12742.0,273.0,920.0,15770.0
320,3.4,13691.0,1336.0,1052.0,27880.0
321,4.8,16342.0,1067.0,87.0,22259.0
322,9.0,178643.0,169.0,1217.0,16470.0
323,7.0,165843.0,125.0,352.0,19558.0
324,6.7,55038.0,0.0,651.0,17046.0
325,7.5,48339.0,64.0,507.0,21490.0
326,7.6,43318.0,86.0,382.0,18209.0
327,7.6,43318.0,86.0,382.0,18209.0
328,4.6,14953.0,258.0,821.0,37637.0
329,5.3,15611.0,202.0,840.0,31451.0
330,3.4,43837.0,29.0,391.0,29300.0
331,4.3,20426.0,46.0,425.0,35741.0
332,4.3,20426.0,46.0,425.0,35741.0
333,9.0,107507.0,44.0,665.0,15575.0
334,6.1,60711.0,0.0,74.0,20401.0
335,6.1,60711.0,0.0,74.0,20401.0
336,4.6,70734.0,0.0,339.0,20301.0
337,4.6,70734.0,0.0,339.0,20301.0
338,5.9,21006.0,93.0,264.0,36779.0
339,5.9,21006.0,93.0,264.0,36779.0
340,5.8,9186.0,149.0,495.0,9542.0
341,5.1,7699.0,0.0,334.0,9118.0
342,13.2,15990.0,284.0,405.0,22138.0
343,8.7,6927.0,169.0,983.0,32125.0
344,12.8,5030.0,234.0,259.0,35757.0
345,7.2,9151.0,50.0,782.0,28053.0
346,6.3,7348.0,144.0,470.0,31944.0
347,10.4,5563.0,348.0,1175.0,26277.0
348,25.3,9828.0,204.0,1016.0,34420.0
349,5.6,11987.0,39.0,575.0,44089.0
350,9.6,5723.0,373.0,837.0,46717.0
351,4.2,13836.0,84.0,785.0,38208.0
352,7.5,4965.0,437.0,405.0,36468.0
353,6.8,7540.0,581.0,384.0,34010.0
354,7.3,21857.0,293.0,822.0,22549.0
355,8.2,6469.0,154.0,586.0,38880.0
356,9.2,5406.0,5.0,515.0,31957.0
357,11.1,12177.0,0.0,1235.0,13598.0
358,8.0,5714.0,864.0,270.0,38471.0
359,9.2,12644.0,171.0,615.0,21062.0
360,8.1,7269.0,101.0,1253.0,18874.0
361,9.3,4784.0,682.0,887.0,34533.0
362,10.1,3755.0,414.0,248.0,24679.0
363,8.5,8627.0,261.0,700.0,22134.0
364,11.3,16806.0,0.0,149.0,21961.0
365,7.2,4294.0,748.0,1191.0,27677.0
366,12.5,12203.0,84.0,300.0,15736.0
367,6.6,9212.0,465.0,351.0,25361.0
368,4.9,6569.0,1105.0,420.0,44766.0
369,7.8,12535.0,99.0,253.0,21989.0
370,7.3,5987.0,353.0,33.0,37619.0
371,12.1,7280.0,700.0,544.0,35787.0
372,5.8,3478.0,1357.0,298.0,27349.0
373,7.3,7345.0,116.0,255.0,22083.0
374,8.2,8576.0,252.0,694.0,24670.0
375,9.8,10387.0,0.0,200.0,16864.0
376,7.1,5932.0,299.0,270.0,37692.0
377,8.9,6010.0,98.0,640.0,20585.0
378,6.6,8432.0,491.0,442.0,24620.0
379,8.0,5036.0,233.0,587.0,23555.0
380,6.4,5748.0,454.0,387.0,34621.0
381,6.0,20048.0,0.0,574.0,16607.0
382,5.5,9588.0,381.0,558.0,23562.0
383,4.7,5585.0,195.0,535.0,15337.0
384,7.5,4786.0,1003.0,172.0,31954.0
385,5.7,4152.0,294.0,1038.0,23980.0
386,11.0,5346.0,301.0,48.0,19069.0
387,10.9,8847.0,0.0,763.0,16552.0
388,13.1,10034.0,96.0,860.0,19953.0
389,8.4,14239.0,69.0,662.0,17416.0
390,12.5,8922.0,95.0,265.0,15718.0
391,8.7,4520.0,1019.0,1334.0,31059.0
392,5.8,6692.0,326.0,249.0,16880.0
393,9.2,5710.0,1015.0,940.0,41935.0
394,8.0,12416.0,44.0,346.0,26642.0
395,4.9,14835.0,269.0,385.0,24584.0
396,4.9,18369.0,449.0,405.0,24985.0
397,6.0,16356.0,52.0,225.0,18303.0
398,4.3,13060.0,180.0,277.0,14714.0
399,6.3,34038.0,187.0,652.0,23358.0
400,5.7,47559.0,0.0,824.0,14917.0
401,9.7,24888.0,93.0,761.0,12444.0
402,7.5,17452.0,120.0,612.0,19817.0
403,6.8,12155.0,40.0,758.0,39981.0
404,5.9,17304.0,112.0,290.0,34873.0
405,7.0,22580.0,37.0,604.0,26375.0
406,7.0,22580.0,37.0,604.0,26375.0
407,3.7,59935.0,233.0,454.0,15164.0
408,6.8,9384.0,56.0,413.0,49841.0
409,4.8,54668.0,0.0,342.0,17957.0
410,3.1,76491.0,138.0,354.0,15925.0
411,5.6,9792.0,218.0,628.0,17301.0
412,4.9,12303.0,568.0,491.0,19962.0
413,4.5,9868.0,664.0,691.0,20503.0
414,5.7,5555.0,676.0,478.0,27618.0
415,6.5,9473.0,193.0,126.0,26229.0
416,7.5,9687.0,943.0,553.0,21571.0
417,3.6,14309.0,96.0,327.0,15279.0
418,5.9,8341.0,808.0,461.0,17318.0
419,4.8,11650.0,557.0,515.0,13415.0
420,5.4,14953.0,1070.0,515.0,19001.0
421,6.2,4426.0,71.0,481.0,43774.0
422,7.8,2821.0,28.0,221.0,55306.0
423,5.6,14966.0,114.0,485.0,19233.0
424,4.0,16862.0,0.0,962.0,18994.0
425,4.9,10243.0,51.0,302.0,27596.0
426,4.0,22466.0,81.0,401.0,9857.0
427,4.6,17829.0,90.0,244.0,19409.0
428,7.4,12241.0,0.0,260.0,24729.0
429,7.5,9589.0,151.0,492.0,30019.0
430,7.9,11593.0,144.0,126.0,25758.0
431,8.1,11647.0,580.0,139.0,34539.0
432,22.8,2887.0,262.0,830.0,31920.0
433,10.5,6433.0,278.0,568.0,35443.0
434,6.9,3065.0,497.0,676.0,37929.0
435,8.3,2052.0,209.0,341.0,40376.0
436,7.8,4909.0,137.0,1007.0,41014.0
437,6.2,10759.0,72.0,993.0,31188.0
438,8.0,4385.0,219.0,734.0,24994.0
439,5.9,23535.0,404.0,214.0,25820.0
440,10.7,24737.0,1041.0,385.0,32312.0
441,7.2,8192.0,617.0,439.0,18335.0
442,8.6,8389.0,4762.0,760.0,44138.0
443,7.5,11812.0,975.0,709.0,29251.0
444,7.0,26506.0,296.0,764.0,26571.0
445,9.5,7724.0,384.0,1887.0,12504.0
446,7.7,17649.0,627.0,944.0,30890.0
447,7.6,3214.0,570.0,711.0,37281.0
448,13.6,3542.0,285.0,221.0,33060.0
449,7.0,10370.0,712.0,509.0,33855.0
450,9.6,2362.0,498.0,664.0,49991.0
451,4.4,8512.0,995.0,669.0,30339.0
452,2.8,18393.0,1639.0,497.0,26488.0
453,4.3,11077.0,761.0,538.0,19230.0
454,7.7,8670.0,207.0,366.0,24091.0
455,4.2,20352.0,56.0,504.0,20091.0
456,6.3,20817.0,193.0,673.0,16946.0
457,5.6,16677.0,724.0,528.0,21720.0
458,7.6,8671.0,522.0,596.0,17137.0
459,4.9,11500.0,615.0,386.0,16238.0
460,4.2,6894.0,117.0,377.0,15794.0
461,2.8,20564.0,379.0,88.0,22596.0
462,2.6,34200.0,133.0,339.0,18653.0
463,2.6,16305.0,418.0,358.0,16408.0
464,2.7,30444.0,140.0,156.0,20442.0
465,3.1,27601.0,246.0,191.0,17979.0
466,4.7,5546.0,159.0,490.0,13915.0
467,3.1,31600.0,233.0,190.0,21949.0
468,3.5,22120.0,442.0,284.0,23307.0
469,1.8,25834.0,288.0,389.0,14921.0
470,4.1,17384.0,287.0,417.0,15657.0
471,3.8,5069.0,93.0,165.0,13228.0
472,4.0,6468.0,141.0,175.0,17867.0
473,5.2,6601.0,886.0,388.0,19306.0
474,3.8,16963.0,218.0,640.0,19231.0
475,4.9,17185.0,128.0,950.0,12242.0
476,3.4,28729.0,62.0,699.0,19374.0
477,2.2,19060.0,0.0,147.0,19787.0
478,3.3,12915.0,140.0,238.0,9664.0
479,2.5,11823.0,153.0,192.0,7131.0
480,2.8,14288.0,45.0,1062.0,13398.0
481,6.3,11522.0,0.0,887.0,10981.0
482,4.8,20744.0,59.0,439.0,17013.0
483,2.2,23062.0,82.0,357.0,20329.0
484,4.6,14807.0,47.0,240.0,5832.0
485,3.0,9040.0,202.0,484.0,11746.0
486,10.3,34943.0,1197.0,611.0,21977.0
487,3.2,24854.0,39.0,573.0,9705.0
488,5.7,11195.0,26.0,579.0,19209.0
489,3.1,20969.0,67.0,344.0,16379.0
490,2.6,20262.0,151.0,99.0,8269.0
491,6.0,6146.0,85.0,520.0,10537.0
492,3.1,5689.0,258.0,1092.0,13062.0
493,2.4,18922.0,242.0,299.0,13303.0
494,3.3,14603.0,251.0,173.0,9587.0
495,4.2,41728.0,68.0,233.0,19267.0
496,2.5,11782.0,219.0,151.0,10700.0
497,3.1,16166.0,269.0,366.0,15608.0
498,4.2,39818.0,0.0,898.0,24217.0
499,4.3,34984.0,179.0,2564.0,16683.0
500,4.3,13089.0,154.0,2963.0,13876.0
501,4.0,15814.0,708.0,168.0,13326.0
502,2.5,26396.0,273.0,663.0,19275.0
503,4.0,26510.0,108.0,614.0,16525.0
504,4.1,27084.0,181.0,574.0,21924.0
505,5.5,32874.0,141.0,609.0,31243.0
506,8.7,17196.0,547.0,514.0,31884.0
507,4.8,11035.0,224.0,871.0,25912.0
508,4.6,20492.0,277.0,814.0,29427.0
509,4.6,29197.0,189.0,331.0,22750.0
510,2.5,24933.0,107.0,459.0,23661.0
511,7.8,18720.0,43.0,132.0,14948.0
512,7.2,10796.0,88.0,386.0,18378.0
513,7.0,15648.0,0.0,148.0,12379.0
514,5.6,16066.0,0.0,511.0,14496.0
515,6.0,14668.0,0.0,991.0,15726.0
516,7.1,58286.0,46.0,1170.0,33543.0
517,13.4,7683.0,201.0,690.0,31467.0
518,13.7,14134.0,145.0,510.0,29681.0
519,9.6,10756.0,391.0,1196.0,37261.0
520,5.7,15662.0,145.0,403.0,25758.0
521,8.8,11454.0,213.0,1250.0,19360.0
522,7.5,17198.0,95.0,906.0,40434.0
523,10.9,23614.0,140.0,899.0,19960.0
524,10.8,13738.0,457.0,770.0,38034.0
525,5.8,23122.0,519.0,712.0,14921.0
526,11.4,5983.0,623.0,1348.0,48987.0
527,11.4,5983.0,623.0,1348.0,48987.0
528,9.6,18790.0,745.0,852.0,33678.0
529,7.3,19096.0,853.0,1872.0,31045.0
530,8.0,19497.0,356.0,475.0,22183.0
531,8.0,11680.0,47.0,603.0,28779.0
532,9.6,33677.0,568.0,315.0,46472.0
533,12.0,13512.0,1340.0,710.0,44497.0
534,7.1,31031.0,110.0,871.0,32425.0
535,9.6,32207.0,452.0,1388.0,40716.0
536,7.3,20940.0,470.0,520.0,14112.0
537,4.4,29912.0,67.0,743.0,25632.0
538,8.5,30567.0,283.0,808.0,28981.0
539,8.1,24554.0,197.0,737.0,17912.0
540,7.7,17999.0,116.0,804.0,13619.0
541,6.7,31217.0,180.0,575.0,17924.0
542,9.1,35178.0,375.0,1127.0,17373.0
543,6.7,28928.0,155.0,547.0,14903.0
544,7.9,10217.0,585.0,575.0,25141.0
545,8.2,5073.0,240.0,1047.0,23170.0
546,5.9,5630.0,118.0,1391.0,23222.0
547,9.4,15183.0,176.0,1041.0,17047.0
548,10.3,18400.0,124.0,350.0,14094.0
549,8.5,21570.0,233.0,283.0,24557.0
550,6.4,16654.0,357.0,474.0,17332.0
551,6.7,5297.0,92.0,810.0,30270.0
552,8.4,6362.0,203.0,468.0,34510.0
553,8.2,8648.0,337.0,942.0,24644.0
554,6.2,19575.0,0.0,702.0,23491.0
555,9.3,7118.0,51.0,894.0,29441.0
556,10.4,11492.0,62.0,368.0,17506.0
557,6.1,2307.0,142.0,486.0,27752.0
558,6.0,25356.0,36.0,189.0,19940.0
559,6.0,25356.0,36.0,189.0,19940.0
560,13.5,20222.0,43.0,851.0,23924.0
561,3.8,6638.0,881.0,1430.0,34397.0
562,6.5,12125.0,142.0,643.0,36023.0
563,10.5,17982.0,64.0,530.0,14316.0
564,8.8,15642.0,121.0,1224.0,16489.0
565,6.4,18269.0,37.0,601.0,19009.0
566,4.4,4879.0,94.0,163.0,9137.0
567,4.0,11371.0,46.0,715.0,15657.0
568,3.7,30904.0,0.0,370.0,21199.0
569,6.6,12922.0,58.0,1064.0,9629.0
570,8.8,11953.0,43.0,536.0,16081.0
571,7.1,29322.0,0.0,554.0,18301.0
572,3.4,32725.0,76.0,507.0,14291.0
573,8.3,6171.0,83.0,577.0,31696.0
574,5.6,8698.0,109.0,237.0,32147.0
575,3.5,28200.0,75.0,886.0,17823.0
576,8.3,4877.0,251.0,822.0,44526.0
577,7.5,13612.0,135.0,565.0,29888.0
578,8.4,7710.0,42.0,619.0,33937.0
579,4.9,10730.0,11.0,379.0,39657.0
580,4.9,10730.0,11.0,379.0,39657.0
581,7.0,19003.0,55.0,497.0,26526.0
582,9.2,7205.0,88.0,582.0,30026.0
583,7.3,5677.0,50.0,230.0,35831.0
584,7.6,9140.0,85.0,315.0,29432.0
585,8.4,15507.0,0.0,464.0,28490.0
586,9.7,5928.0,82.0,655.0,29765.0
587,8.5,25928.0,27.0,828.0,18990.0
588,8.0,3908.0,390.0,479.0,32649.0
589,5.4,10828.0,134.0,360.0,38565.0
590,7.0,14848.0,140.0,638.0,33182.0
591,4.4,19501.0,0.0,828.0,27797.0
592,5.1,7790.0,111.0,547.0,47508.0
593,8.3,9137.0,50.0,483.0,37406.0
594,10.4,11786.0,133.0,507.0,29378.0
595,5.8,26766.0,105.0,399.0,24130.0
596,9.3,9309.0,126.0,491.0,31208.0
597,5.2,3727.0,449.0,536.0,41180.0
598,5.2,3727.0,449.0,536.0,41180.0
599,5.9,5877.0,109.0,520.0,36642.0
600,7.2,13600.0,240.0,268.0,25484.0
601,5.1,8635.0,61.0,389.0,28153.0
602,7.4,1940.0,217.0,1394.0,46240.0
603,6.3,11209.0,154.0,578.0,29781.0
604,8.5,9887.0,392.0,879.0,45949.0
605,8.2,24131.0,247.0,493.0,29628.0
606,9.5,4021.0,651.0,112.0,56172.0
607,9.0,6731.0,109.0,711.0,47099.0
608,8.3,2965.0,490.0,1181.0,46038.0
609,6.7,5261.0,482.0,641.0,43902.0
610,5.9,12530.0,269.0,722.0,22135.0
611,8.3,3753.0,116.0,292.0,27262.0
612,10.7,23959.0,274.0,636.0,27952.0
613,5.9,98368.0,26.0,665.0,20162.0
614,6.4,87583.0,70.0,1011.0,23740.0
615,6.4,53880.0,0.0,294.0,14302.0
616,7.9,32162.0,0.0,592.0,16387.0
617,5.5,67803.0,0.0,300.0,22047.0
618,8.2,124127.0,121.0,620.0,19923.0
619,4.7,13658.0,0.0,369.0,20319.0
620,5.9,16550.0,52.0,74.0,17672.0
621,5.7,19219.0,0.0,397.0,16060.0
622,3.1,14027.0,170.0,112.0,20750.0
623,2.8,22534.0,350.0,966.0,18937.0
624,2.7,14519.0,232.0,96.0,20508.0
625,3.0,20125.0,452.0,792.0,9050.0
626,3.2,17302.0,0.0,637.0,17973.0
627,6.0,13796.0,102.0,292.0,22167.0
628,7.6,8347.0,144.0,756.0,36484.0
629,4.2,13977.0,264.0,400.0,29921.0
630,5.4,14049.0,97.0,336.0,28653.0
631,5.0,7950.0,97.0,602.0,31768.0
632,5.4,11781.0,48.0,887.0,29722.0
633,5.2,7941.0,128.0,882.0,30962.0
634,6.4,7202.0,70.0,206.0,28162.0
635,6.2,16286.0,93.0,684.0,24120.0
636,4.7,25044.0,42.0,592.0,24765.0
637,5.7,18641.0,12.0,309.0,30988.0
638,4.2,20145.0,38.0,612.0,27207.0
639,4.7,16378.0,164.0,346.0,22805.0
640,7.3,15345.0,0.0,506.0,21651.0
641,8.3,24434.0,46.0,218.0,20585.0
642,5.9,13417.0,38.0,337.0,35641.0
643,5.6,43352.0,8.0,626.0,25784.0
644,4.5,41097.0,45.0,695.0,26811.0
645,2.8,29699.0,0.0,124.0,24811.0
646,3.1,15266.0,44.0,233.0,17633.0
647,5.3,20386.0,175.0,215.0,24283.0
648,7.8,7884.0,91.0,293.0,38262.0
649,3.7,7097.0,282.0,410.0,32997.0
650,8.7,4898.0,589.0,499.0,40211.0
651,8.7,4898.0,589.0,499.0,40211.0
652,8.6,2285.0,186.0,1690.0,29582.0
653,7.3,2966.0,215.0,861.0,42900.0
654,11.4,3630.0,761.0,1125.0,40398.0
655,8.4,13372.0,96.0,629.0,17500.0
656,6.7,20575.0,0.0,1087.0,30451.0
657,8.3,11399.0,114.0,640.0,34659.0
658,5.2,10039.0,304.0,378.0,35315.0
659,8.6,17767.0,191.0,287.0,22044.0
660,6.7,11967.0,90.0,436.0,33306.0
661,5.8,7896.0,632.0,773.0,33479.0
662,6.3,3245.0,597.0,764.0,42482.0
663,6.1,15371.0,409.0,713.0,56216.0
664,3.7,13106.0,7.0,168.0,24662.0
665,7.7,9859.0,0.0,255.0,17402.0
666,5.8,7241.0,217.0,238.0,35422.0
667,12.2,14492.0,575.0,547.0,14211.0
668,6.3,12391.0,310.0,503.0,27702.0
669,5.7,14476.0,102.0,333.0,23032.0
670,7.7,11363.0,153.0,707.0,20351.0
671,6.3,18620.0,69.0,300.0,16512.0
672,3.9,12991.0,50.0,100.0,14957.0
673,6.7,45740.0,0.0,1468.0,12958.0
674,10.9,40746.0,51.0,508.0,16111.0
675,4.7,30029.0,72.0,763.0,16487.0
676,4.5,37966.0,0.0,329.0,18244.0
677,4.8,14597.0,45.0,213.0,13370.0
678,4.1,21790.0,0.0,418.0,12789.0
679,6.7,25213.0,0.0,297.0,17670.0
680,4.8,13686.0,0.0,745.0,5012.0
681,4.6,13384.0,0.0,366.0,10336.0
682,8.9,16763.0,0.0,718.0,4909.0
683,3.5,20618.0,0.0,580.0,16730.0
684,7.2,53209.0,75.0,223.0,14069.0
685,7.8,16251.0,441.0,1268.0,26626.0
686,8.1,7548.0,1294.0,1147.0,42684.0
687,9.6,10339.0,693.0,518.0,40008.0
688,4.4,15810.0,51.0,412.0,11810.0
689,5.4,9026.0,226.0,418.0,9354.0
690,5.3,14016.0,0.0,640.0,19776.0
691,4.6,4570.0,0.0,449.0,13605.0
692,2.5,19138.0,102.0,408.0,10245.0
693,3.1,29328.0,142.0,566.0,21717.0
694,2.5,12701.0,130.0,185.0,8086.0
695,4.3,25682.0,214.0,241.0,10228.0
696,3.0,28109.0,0.0,242.0,9910.0
697,4.2,11072.0,0.0,259.0,17712.0
698,4.5,56353.0,185.0,868.0,15057.0
699,5.1,4304.0,0.0,155.0,24064.0
700,3.0,2426.0,284.0,0.0,6862.0
701,2.3,19175.0,109.0,72.0,10692.0
702,2.2,7400.0,511.0,0.0,3440.0
703,5.7,13409.0,513.0,725.0,18709.0
704,4.3,20304.0,52.0,377.0,12228.0
705,7.1,20583.0,124.0,648.0,15320.0
706,7.9,7676.0,90.0,122.0,22097.0
707,4.7,12851.0,101.0,494.0,22152.0
708,5.2,8973.0,86.0,1040.0,29055.0
709,6.4,4657.0,14.0,601.0,27062.0
710,5.7,6284.0,337.0,213.0,31587.0
711,5.5,8970.0,0.0,441.0,23357.0
712,7.8,16315.0,92.0,288.0,19878.0
713,5.8,8831.0,42.0,263.0,25836.0
714,6.5,9780.0,0.0,200.0,28480.0
715,6.0,8860.0,125.0,313.0,21308.0
716,9.0,14989.0,0.0,753.0,29086.0
717,9.0,14989.0,0.0,753.0,29086.0
718,11.2,16071.0,389.0,714.0,24829.0
719,6.5,31132.0,129.0,623.0,19410.0
720,9.6,8992.0,178.0,924.0,36565.0
721,8.6,11553.0,89.0,1319.0,33711.0
722,7.9,11182.0,95.0,1209.0,30378.0
723,5.6,4654.0,146.0,381.0,31178.0
724,5.3,26771.0,50.0,653.0,21517.0
725,8.9,6177.0,77.0,713.0,32055.0
726,5.6,5713.0,272.0,1040.0,47821.0
727,5.4,13306.0,253.0,1191.0,11510.0
728,6.4,17946.0,102.0,203.0,52967.0
729,6.9,17277.0,85.0,76.0,21807.0
730,5.9,10825.0,240.0,539.0,27220.0
731,6.6,26347.0,0.0,271.0,13342.0
732,4.8,8190.0,112.0,280.0,29820.0
733,5.2,10387.0,106.0,244.0,30948.0
734,4.9,5023.0,179.0,1052.0,39036.0
735,4.4,9041.0,28.0,816.0,30974.0
736,6.0,13801.0,170.0,541.0,27648.0
737,6.0,13801.0,170.0,541.0,27648.0
738,7.7,14495.0,48.0,791.0,22734.0
739,8.6,18195.0,40.0,497.0,23949.0
740,7.9,17561.0,141.0,634.0,17655.0
741,6.0,17495.0,67.0,268.0,24445.0
742,7.6,11442.0,23.0,360.0,30124.0
743,4.2,15086.0,41.0,383.0,32045.0
744,4.1,13881.0,94.0,192.0,23196.0
745,4.3,14509.0,132.0,345.0,33090.0
746,8.5,8852.0,645.0,263.0,30660.0
747,7.9,3438.0,1024.0,648.0,48935.0
748,6.5,5438.0,783.0,584.0,46139.0
749,9.4,6686.0,359.0,504.0,38979.0
750,8.1,9386.0,117.0,432.0,32172.0
751,2.4,22194.0,287.0,638.0,23418.0
752,4.7,14127.0,507.0,797.0,31846.0
753,1.9,13310.0,963.0,566.0,17366.0
754,6.0,11950.0,1187.0,435.0,31567.0
755,3.1,13128.0,716.0,351.0,24390.0
756,7.3,188460.0,76.0,501.0,15807.0
757,8.8,170668.0,235.0,1048.0,18348.0
758,8.8,170668.0,235.0,1048.0,18348.0
759,6.4,12802.0,93.0,335.0,35884.0
760,5.0,56335.0,0.0,262.0,23293.0
761,3.8,49400.0,0.0,196.0,23481.0
762,6.8,43706.0,40.0,393.0,21518.0
763,6.8,43706.0,40.0,393.0,21518.0
764,6.7,14908.0,42.0,356.0,38015.0
765,7.2,15387.0,404.0,376.0,30556.0
766,7.0,43908.0,5.0,429.0,29076.0
767,6.6,22550.0,29.0,145.0,38879.0
768,6.6,22550.0,29.0,145.0,38879.0
769,6.6,58737.0,58.0,352.0,22178.0
770,6.6,58737.0,58.0,352.0,22178.0
771,8.0,67535.0,63.0,39.0,21767.0
772,8.0,67535.0,63.0,39.0,21767.0
773,4.3,21014.0,43.0,390.0,39462.0
774,4.3,21014.0,43.0,390.0,39462.0
775,6.3,7544.0,282.0,41.0,9272.0
776,6.0,6740.0,352.0,241.0,11739.0
777,8.9,20007.0,82.0,817.0,26061.0
778,7.8,6611.0,135.0,698.0,32594.0
779,9.5,5052.0,135.0,348.0,39335.0
780,8.7,9275.0,85.0,530.0,31270.0
781,9.0,10343.0,46.0,939.0,38056.0
782,7.8,6664.0,185.0,422.0,25368.0
783,20.9,11043.0,366.0,1011.0,38499.0
784,5.0,12491.0,33.0,205.0,46371.0
785,6.9,6537.0,268.0,503.0,47423.0
786,6.5,14114.0,364.0,761.0,39169.0
787,9.4,5139.0,59.0,682.0,42033.0
788,7.2,7427.0,400.0,513.0,36246.0
789,3.8,22829.0,50.0,1291.0,21388.0
790,3.9,4493.0,217.0,515.0,38828.0
791,7.3,4778.0,189.0,361.0,32239.0
792,10.6,12281.0,226.0,736.0,13907.0
793,8.0,4211.0,371.0,461.0,38745.0
794,7.5,12929.0,167.0,455.0,26015.0
795,6.1,7851.0,192.0,284.0,22020.0
796,9.2,2847.0,603.0,581.0,33979.0
797,8.1,3415.0,1324.0,712.0,26360.0
798,6.2,7403.0,401.0,424.0,23328.0
799,7.3,15269.0,60.0,896.0,24818.0
800,6.5,6505.0,1090.0,130.0,31080.0
801,7.6,13128.0,0.0,539.0,18447.0
802,5.9,7415.0,593.0,953.0,28127.0
803,6.9,7550.0,913.0,575.0,47154.0
804,9.7,7698.0,53.0,447.0,23533.0
805,8.6,5846.0,93.0,157.0,40039.0
806,8.1,4438.0,902.0,216.0,35892.0
807,7.5,4498.0,1264.0,573.0,30934.0
808,11.2,6187.0,244.0,408.0,26094.0
809,4.8,8601.0,921.0,369.0,26447.0
810,7.1,9440.0,47.0,95.0,19484.0
811,7.9,7059.0,259.0,399.0,37463.0
812,7.4,7883.0,36.0,541.0,21856.0
813,5.8,8993.0,543.0,60.0,29327.0
814,6.9,4683.0,91.0,322.0,32177.0
815,7.3,4582.0,390.0,581.0,32698.0
816,5.9,11944.0,79.0,665.0,21285.0
817,6.6,8376.0,527.0,516.0,27463.0
818,4.6,4898.0,432.0,441.0,17346.0
819,6.6,4076.0,1370.0,404.0,36962.0
820,7.9,4406.0,952.0,615.0,30547.0
821,4.8,6832.0,170.0,121.0,22206.0
822,8.0,7740.0,146.0,497.0,16912.0
823,10.9,7116.0,204.0,521.0,22960.0
824,7.7,15116.0,85.0,406.0,21445.0
825,6.3,8517.0,39.0,714.0,18443.0
826,9.4,3875.0,931.0,861.0,33777.0
827,6.7,8843.0,710.0,357.0,17352.0
828,8.1,4164.0,1268.0,913.0,44617.0
829,5.7,14498.0,97.0,337.0,30990.0
830,6.9,10822.0,86.0,297.0,25835.0
831,4.9,17890.0,183.0,429.0,26073.0
832,3.3,14879.0,0.0,852.0,22659.0
833,4.1,12444.0,204.0,179.0,17076.0
834,6.7,38360.0,37.0,286.0,27584.0
835,6.0,44053.0,0.0,311.0,19915.0
836,6.0,25925.0,284.0,427.0,13342.0
837,6.1,18549.0,72.0,273.0,24533.0
838,4.6,10681.0,124.0,909.0,39611.0
839,6.8,17785.0,213.0,431.0,33983.0
840,7.0,21448.0,130.0,233.0,30882.0
841,5.0,62561.0,23.0,151.0,17380.0
842,8.0,9713.0,83.0,592.0,46821.0
843,3.5,55416.0,51.0,296.0,20952.0
844,3.6,76155.0,0.0,323.0,19250.0
845,4.1,10793.0,501.0,463.0,21332.0
846,2.7,12339.0,421.0,558.0,19233.0
847,3.3,9056.0,723.0,434.0,25840.0
848,6.2,8316.0,283.0,141.0,29674.0
849,6.0,8347.0,597.0,641.0,27696.0
850,6.8,9482.0,798.0,1144.0,24713.0
851,1.4,11684.0,121.0,709.0,19188.0
852,5.2,9747.0,374.0,612.0,20432.0
853,3.2,11338.0,119.0,137.0,16862.0
854,5.9,13859.0,480.0,971.0,18842.0
855,9.3,5131.0,289.0,276.0,47968.0
856,6.7,10201.0,0.0,314.0,46932.0
857,10.6,3272.0,283.0,366.0,51696.0
858,5.5,13638.0,35.0,307.0,20564.0
859,2.5,14473.0,23.0,465.0,20770.0
860,4.7,11263.0,92.0,382.0,27147.0
861,4.3,18136.0,0.0,449.0,9918.0
862,3.5,19714.0,0.0,349.0,21367.0
863,4.5,13165.0,16.0,144.0,24855.0
864,7.2,10645.0,165.0,563.0,30985.0
865,6.3,12041.0,0.0,827.0,27373.0
866,6.9,11480.0,529.0,34.0,33540.0
867,19.5,2803.0,407.0,1277.0,36242.0
868,8.3,6639.0,53.0,567.0,36697.0
869,9.2,4213.0,490.0,379.0,42236.0
870,7.9,2396.0,311.0,654.0,46134.0
871,9.5,3927.0,179.0,934.0,40378.0
872,8.6,10706.0,23.0,719.0,38499.0
873,8.0,3582.0,174.0,348.0,31072.0
874,5.8,20740.0,363.0,376.0,30283.0
875,7.6,9147.0,630.0,865.0,40451.0
876,6.2,9244.0,1047.0,1047.0,22361.0
877,6.9,8022.0,4787.0,2461.0,47984.0
878,6.7,13125.0,498.0,1773.0,28045.0
879,6.5,31398.0,117.0,455.0,30998.0
880,4.7,10823.0,419.0,835.0,15477.0
881,6.4,16660.0,465.0,851.0,35318.0
882,6.4,16660.0,465.0,851.0,35318.0
883,8.5,4238.0,430.0,320.0,47588.0
884,11.5,4836.0,287.0,246.0,39537.0
885,3.7,11479.0,573.0,384.0,36453.0
886,8.9,2393.0,158.0,638.0,50236.0
887,5.9,8892.0,681.0,815.0,27132.0
888,2.8,18806.0,471.0,289.0,26065.0
889,2.1,11767.0,443.0,405.0,21323.0
890,6.6,8611.0,500.0,1016.0,24750.0
891,2.7,22433.0,65.0,334.0,20783.0
892,3.2,21084.0,40.0,439.0,18001.0
893,3.9,16216.0,37.0,324.0,21486.0
894,5.6,11865.0,1004.0,1208.0,17458.0
895,3.9,14039.0,97.0,570.0,15885.0
896,2.0,7521.0,529.0,377.0,17432.0
897,1.0,24091.0,297.0,323.0,20035.0
898,3.2,34622.0,0.0,458.0,19991.0
899,2.0,16292.0,36.0,293.0,16426.0
900,3.9,30756.0,154.0,249.0,21864.0
901,2.9,31017.0,81.0,237.0,17763.0
902,4.3,4878.0,68.0,181.0,14384.0
903,3.4,33317.0,0.0,211.0,21779.0
904,3.8,20528.0,0.0,741.0,25742.0
905,1.6,24877.0,446.0,143.0,15284.0
906,2.4,17490.0,99.0,101.0,16420.0
907,3.3,5600.0,505.0,299.0,14439.0
908,3.3,7730.0,273.0,446.0,19943.0
909,5.3,4933.0,420.0,668.0,19049.0
910,2.6,17515.0,237.0,561.0,20722.0
911,4.2,12605.0,211.0,650.0,14080.0
912,3.9,29303.0,111.0,418.0,18653.0
913,2.7,20022.0,0.0,374.0,19785.0
914,3.0,12737.0,247.0,528.0,11248.0
915,1.5,11945.0,214.0,126.0,8427.0
916,3.5,11068.0,42.0,715.0,14432.0
917,4.2,11285.0,199.0,915.0,14351.0
918,2.3,16804.0,41.0,343.0,17340.0
919,3.6,20599.0,302.0,539.0,21065.0
920,2.8,14883.0,166.0,479.0,6886.0
921,2.8,14883.0,166.0,479.0,6886.0
922,2.6,9960.0,210.0,282.0,12100.0
923,6.6,32423.0,541.0,3576.0,22457.0
924,3.6,20873.0,339.0,592.0,9028.0
925,3.1,10640.0,188.0,453.0,19681.0
926,3.5,18749.0,173.0,611.0,19445.0
927,2.3,18089.0,182.0,89.0,8071.0
928,3.4,6497.0,48.0,469.0,12707.0
929,3.3,7513.0,728.0,568.0,15502.0
930,3.1,20747.0,53.0,439.0,12477.0
931,1.5,15510.0,37.0,116.0,10604.0
932,3.5,47528.0,235.0,436.0,20684.0
933,2.4,12391.0,43.0,344.0,10747.0
934,2.7,17930.0,89.0,402.0,14891.0
935,3.9,37773.0,119.0,366.0,25705.0
936,2.5,37940.0,41.0,607.0,17050.0
937,3.1,13288.0,510.0,758.0,16560.0
938,3.6,20584.0,461.0,240.0,15675.0
939,5.8,33147.0,49.0,607.0,19886.0
940,3.7,26596.0,128.0,765.0,17237.0
941,3.8,29563.0,167.0,904.0,26201.0
942,3.6,26602.0,37.0,556.0,34707.0
943,8.1,16131.0,512.0,1150.0,34186.0
944,4.1,11962.0,228.0,526.0,28673.0
945,4.1,22623.0,592.0,574.0,30130.0
946,3.9,28288.0,24.0,200.0,24823.0
947,3.0,27800.0,153.0,179.0,26377.0
948,4.9,17313.0,269.0,441.0,18137.0
949,4.7,11514.0,40.0,583.0,22823.0
950,7.8,15911.0,255.0,199.0,14200.0
951,5.0,18250.0,100.0,342.0,13833.0
952,5.0,19297.0,124.0,456.0,18556.0
953,8.0,69916.0,214.0,1773.0,44135.0
954,15.7,9776.0,508.0,383.0,36691.0
955,15.3,11714.0,1094.0,364.0,41895.0
956,9.4,9844.0,138.0,538.0,34566.0
957,6.7,18945.0,370.0,955.0,32111.0
958,8.3,13047.0,94.0,593.0,25438.0
959,6.5,14316.0,328.0,836.0,44358.0
960,9.2,26559.0,49.0,1365.0,20077.0
961,14.9,15286.0,472.0,729.0,41793.0
962,5.8,20086.0,379.0,664.0,26919.0
963,8.4,17797.0,0.0,1661.0,21265.0
964,7.7,6117.0,380.0,1003.0,63113.0
965,5.8,21049.0,730.0,652.0,38243.0
966,6.5,13855.0,457.0,1323.0,31935.0
967,6.1,21296.0,566.0,518.0,22753.0
968,7.7,13413.0,496.0,401.0,30087.0
969,10.0,36340.0,621.0,1097.0,42905.0
970,9.4,13947.0,1107.0,331.0,52022.0
971,9.4,26104.0,42.0,1388.0,35248.0
972,9.1,33037.0,571.0,1109.0,38490.0
973,7.4,25237.0,0.0,489.0,15780.0
974,7.5,42219.0,217.0,1267.0,28590.0
975,8.4,25500.0,124.0,585.0,24320.0
976,8.7,34117.0,115.0,1769.0,19326.0
977,5.7,15827.0,203.0,1065.0,12101.0
978,3.2,30931.0,38.0,728.0,21648.0
979,8.4,38935.0,137.0,575.0,16063.0
980,6.6,28631.0,0.0,783.0,16882.0
981,7.2,8995.0,289.0,858.0,28520.0
982,5.4,4967.0,250.0,620.0,23267.0
983,4.2,4646.0,270.0,498.0,31466.0
984,3.8,13934.0,30.0,923.0,18358.0
985,7.1,17602.0,164.0,848.0,16193.0
986,6.0,19181.0,0.0,414.0,26001.0
987,6.0,19181.0,0.0,414.0,26001.0
988,5.7,18095.0,154.0,796.0,22620.0
989,6.4,4912.0,315.0,996.0,31460.0
990,9.1,5833.0,421.0,681.0,36441.0
991,5.0,7449.0,322.0,346.0,26429.0
992,5.2,21973.0,0.0,762.0,28674.0
993,8.0,7868.0,1059.0,992.0,33101.0
994,6.8,17846.0,0.0,671.0,21097.0
995,6.2,4164.0,107.0,581.0,30534.0
996,6.2,26644.0,143.0,863.0,20785.0
997,14.3,23128.0,76.0,170.0,27941.0
998,3.2,8129.0,1435.0,2523.0,41136.0
999,7.4,13189.0,293.0,629.0,40836.0
1000,7.4,19246.0,85.0,732.0,15969.0
1001,8.6,16738.0,149.0,1757.0,20099.0
1002,4.7,16292.0,0.0,609.0,21613.0
1003,3.7,5622.0,141.0,253.0,10040.0
1004,4.2,10601.0,139.0,244.0,17283.0
1005,7.9,29756.0,0.0,265.0,22033.0
1006,5.8,11694.0,283.0,313.0,10936.0
1007,3.8,35209.0,65.0,687.0,17583.0
1008,5.1,13943.0,0.0,361.0,18939.0
1009,6.3,27522.0,69.0,471.0,19924.0
1010,4.9,35462.0,108.0,622.0,19672.0
1011,7.5,7227.0,113.0,387.0,33859.0
1012,7.4,7895.0,0.0,400.0,34649.0
1013,5.0,29027.0,0.0,760.0,18286.0
1014,6.7,4479.0,108.0,609.0,44210.0
1015,5.0,13260.0,42.0,981.0,31073.0
1016,6.8,7083.0,44.0,609.0,31499.0
1017,8.1,10988.0,7.0,477.0,41291.0
1018,6.1,20453.0,28.0,593.0,30928.0
1019,9.0,7274.0,25.0,328.0,39278.0
1020,6.7,5939.0,0.0,408.0,39957.0
1021,4.5,8092.0,0.0,305.0,33941.0
1022,6.3,16188.0,0.0,827.0,30806.0
1023,7.4,7051.0,49.0,436.0,35786.0
1024,8.5,28529.0,213.0,992.0,17188.0
1025,6.8,3436.0,240.0,421.0,41254.0
1026,6.4,13440.0,40.0,53.0,34743.0
1027,6.5,9752.0,70.0,401.0,39777.0
1028,8.0,13398.0,72.0,263.0,36993.0
1029,5.2,22794.0,134.0,284.0,33245.0
1030,5.3,7130.0,142.0,317.0,51006.0
1031,10.7,11319.0,59.0,789.0,36410.0
1032,8.6,10938.0,350.0,415.0,32129.0
1033,5.0,28089.0,94.0,324.0,28557.0
1034,8.9,7663.0,260.0,1011.0,32749.0
1035,8.9,7663.0,260.0,1011.0,32749.0
1036,7.3,4081.0,255.0,720.0,44813.0
1037,6.7,6819.0,75.0,567.0,36758.0
1038,6.4,12760.0,68.0,509.0,28196.0
1039,4.1,9405.0,46.0,611.0,34030.0
1040,7.1,2349.0,122.0,911.0,50396.0
1041,3.8,13143.0,31.0,485.0,33194.0
1042,7.7,9374.0,670.0,469.0,41437.0
1043,8.3,20854.0,269.0,884.0,32261.0
1044,8.4,4168.0,660.0,325.0,52907.0
1045,9.2,7568.0,193.0,684.0,49967.0
1046,8.9,3818.0,296.0,410.0,51303.0
1047,8.0,6003.0,1132.0,595.0,50096.0
1048,6.0,12939.0,14.0,237.0,24410.0
1049,7.6,5621.0,58.0,313.0,30580.0
1050,4.9,28471.0,356.0,553.0,26125.0
1051,6.5,102304.0,73.0,191.0,18869.0
1052,6.7,86441.0,0.0,203.0,24168.0
1053,6.0,53026.0,0.0,940.0,15767.0
1054,5.1,33414.0,164.0,533.0,20103.0
1055,4.1,67846.0,37.0,540.0,24247.0
1056,6.7,126893.0,162.0,547.0,21408.0
1057,3.0,31772.0,475.0,282.0,25685.0
1058,4.9,8857.0,114.0,221.0,19479.0
1059,4.1,18236.0,74.0,235.0,18146.0
1060,4.2,17270.0,143.0,274.0,18032.0
1061,4.1,15135.0,0.0,249.0,23079.0
1062,3.9,20680.0,350.0,501.0,19913.0
1063,4.1,17897.0,67.0,307.0,18035.0
1064,3.2,17671.0,67.0,663.0,10539.0
1065,2.5,14673.0,62.0,784.0,17545.0
1066,6.1,15231.0,209.0,462.0,24135.0
1067,7.6,8270.0,138.0,1154.0,43276.0
1068,2.4,13313.0,72.0,253.0,32830.0
1069,4.9,12513.0,24.0,275.0,30474.0
1070,5.7,4664.0,58.0,673.0,37369.0
1071,6.3,14204.0,152.0,385.0,33599.0
1072,4.6,10660.0,21.0,551.0,34049.0
1073,6.1,6918.0,62.0,567.0,32345.0
1074,5.9,21315.0,0.0,373.0,27045.0
1075,4.9,24786.0,41.0,628.0,28531.0
1076,6.0,20110.0,85.0,551.0,35126.0
1077,4.0,25196.0,0.0,288.0,31065.0
1078,3.9,14799.0,0.0,447.0,26125.0
1079,6.9,21765.0,145.0,725.0,21468.0
1080,6.9,21765.0,145.0,725.0,21468.0
1081,6.0,26517.0,0.0,384.0,24921.0
1082,4.7,12465.0,40.0,336.0,36221.0
1083,3.3,43388.0,25.0,105.0,27120.0
1084,3.8,42045.0,0.0,849.0,26135.0
1085,3.4,28412.0,0.0,434.0,25652.0
1086,2.9,14606.0,0.0,461.0,19593.0
1087,1.9,18119.0,13.0,227.0,30230.0
1088,6.1,8969.0,129.0,335.0,39144.0
1089,7.2,8470.0,65.0,694.0,34040.0
1090,8.8,3654.0,75.0,877.0,41678.0
1091,8.5,2365.0,32.0,466.0,35273.0
1092,7.4,4032.0,164.0,784.0,46038.0
1093,9.6,5441.0,687.0,793.0,43271.0
1094,7.1,10066.0,253.0,465.0,20489.0
1095,6.2,16488.0,0.0,419.0,34808.0
1096,8.1,11595.0,370.0,312.0,35629.0
1097,6.5,10826.0,236.0,603.0,38910.0
1098,6.2,17308.0,31.0,369.0,26461.0
1099,7.9,9992.0,0.0,367.0,36159.0
1100,6.1,7517.0,542.0,977.0,35658.0
1101,7.0,4545.0,149.0,723.0,42326.0
1102,6.2,18861.0,609.0,821.0,57606.0
1103,6.2,18861.0,609.0,821.0,57606.0
1104,3.5,15442.0,39.0,203.0,26564.0
1105,6.8,10961.0,273.0,215.0,18260.0
1106,4.4,7679.0,19.0,297.0,40518.0
1107,11.5,14925.0,128.0,1185.0,17112.0
1108,4.9,14372.0,575.0,462.0,31782.0
1109,7.8,13303.0,594.0,673.0,22454.0
1110,3.7,19336.0,101.0,390.0,16529.0
1111,3.8,15212.0,293.0,383.0,18734.0
1112,6.1,41939.0,0.0,436.0,12454.0
1113,11.8,48319.0,46.0,508.0,15678.0
1114,2.9,32878.0,0.0,577.0,17816.0
1115,2.3,37893.0,0.0,476.0,16952.0
1116,3.8,14535.0,0.0,724.0,13407.0
1117,2.4,21489.0,0.0,334.0,11813.0
1118,3.3,26661.0,0.0,714.0,19934.0
1119,4.7,16908.0,343.0,442.0,5170.0
1120,3.9,14001.0,430.0,420.0,9514.0
1121,6.8,17903.0,149.0,816.0,5830.0
1122,4.7,22464.0,0.0,131.0,16408.0
1123,5.2,54766.0,0.0,185.0,15694.0
1124,7.9,14970.0,171.0,1114.0,32375.0
1125,12.0,6322.0,786.0,555.0,42801.0
1126,9.9,10456.0,655.0,544.0,42204.0
1127,6.7,12275.0,36.0,793.0,14317.0
1128,5.8,8409.0,132.0,913.0,11735.0
1129,7.0,13926.0,0.0,198.0,20790.0
1130,4.1,6279.0,50.0,590.0,14584.0
1131,2.5,20623.0,0.0,373.0,12048.0
1132,3.4,31569.0,0.0,433.0,22424.0
1133,2.0,12512.0,370.0,276.0,8283.0
1134,3.3,29611.0,408.0,487.0,11826.0
1135,3.1,29050.0,115.0,467.0,10640.0
1136,6.0,12470.0,518.0,167.0,21352.0
1137,5.5,52553.0,0.0,1141.0,17047.0
1138,6.3,4642.0,0.0,238.0,25491.0
1139,2.9,1754.0,206.0,170.0,7910.0
1140,1.7,20285.0,36.0,159.0,9417.0
1141,1.9,6873.0,0.0,221.0,4072.0
1142,4.4,15884.0,86.0,747.0,19471.0
1143,3.3,19771.0,0.0,886.0,14235.0
1144,3.3,20762.0,0.0,137.0,15678.0
1145,8.0,8002.0,153.0,454.0,26858.0
1146,4.2,14616.0,0.0,285.0,24990.0
1147,7.3,8430.0,212.0,528.0,37683.0
1148,4.7,5274.0,124.0,204.0,33764.0
1149,7.7,5696.0,38.0,247.0,37311.0
1150,6.7,10709.0,48.0,128.0,29623.0
1151,6.8,17708.0,61.0,651.0,23642.0
1152,6.8,17708.0,61.0,651.0,23642.0
1153,6.3,8737.0,215.0,659.0,30127.0
1154,5.8,8352.0,0.0,355.0,34355.0
1155,5.9,13166.0,43.0,953.0,26563.0
1156,6.1,11780.0,97.0,728.0,29359.0
1157,14.1,16877.0,167.0,561.0,29959.0
1158,6.6,42928.0,0.0,329.0,24502.0
1159,10.5,9136.0,55.0,979.0,43660.0
1160,5.6,8680.0,645.0,807.0,37582.0
1161,5.6,12082.0,37.0,893.0,32713.0
1162,7.2,9949.0,24.0,1043.0,32538.0
1163,5.1,11765.0,0.0,1035.0,30043.0
1164,5.4,9216.0,304.0,746.0,37492.0
1165,5.1,8024.0,0.0,968.0,54516.0
1166,5.0,21435.0,280.0,526.0,17639.0
1167,8.0,11896.0,199.0,544.0,33105.0
1168,9.7,21915.0,70.0,347.0,53022.0
1169,5.1,16030.0,0.0,223.0,18904.0
1170,4.7,12465.0,356.0,485.0,26999.0
1171,5.1,28438.0,0.0,170.0,14983.0
1172,4.7,9278.0,106.0,563.0,35651.0
1173,4.0,7806.0,174.0,307.0,36248.0
1174,8.6,5030.0,216.0,554.0,45360.0
1175,4.8,8746.0,62.0,358.0,34623.0
1176,3.8,14157.0,0.0,319.0,32275.0
1177,4.2,15479.0,141.0,391.0,25334.0
1178,4.9,18422.0,0.0,578.0,29210.0
1179,7.6,17385.0,28.0,1021.0,22900.0
1180,7.1,17189.0,68.0,445.0,28636.0
1181,7.1,17189.0,68.0,445.0,28636.0
1182,6.4,11200.0,0.0,1067.0,34770.0
1183,6.4,16880.0,71.0,399.0,35786.0
1184,5.1,15549.0,87.0,147.0,29789.0
1185,3.9,17872.0,0.0,403.0,34905.0
1186,7.4,9232.0,278.0,732.0,34315.0
1187,7.4,9232.0,278.0,732.0,34315.0
1188,7.5,3785.0,970.0,661.0,51589.0
1189,7.3,5204.0,739.0,371.0,46928.0
1190,9.1,7611.0,262.0,1075.0,38951.0
1191,8.9,10258.0,351.0,359.0,35500.0
1192,2.7,23455.0,404.0,564.0,26144.0
1193,3.0,11967.0,1364.0,496.0,35876.0
1194,2.4,16601.0,661.0,473.0,18012.0
1195,3.6,15798.0,1148.0,223.0,31241.0
1196,4.4,14173.0,825.0,216.0,28154.0
1197,5.9,183410.0,102.0,1045.0,18570.0
1198,5.9,183410.0,102.0,1045.0,18570.0
1199,8.9,170815.0,64.0,1494.0,21636.0
1200,6.7,12702.0,80.0,271.0,37255.0
1201,4.5,9296.0,59.0,220.0,39235.0
1202,5.6,60040.0,0.0,315.0,25237.0
1203,5.0,47125.0,41.0,577.0,24719.0
1204,5.0,47125.0,41.0,577.0,24719.0
1205,4.9,47890.0,45.0,469.0,22114.0
1206,4.9,15774.0,76.0,735.0,38624.0
1207,7.1,13549.0,93.0,198.0,33585.0
1208,5.0,45949.0,57.0,407.0,35056.0
1209,5.0,45949.0,57.0,407.0,35056.0
1210,7.5,25022.0,86.0,538.0,39754.0
1211,7.5,25022.0,86.0,538.0,39754.0
1212,5.3,58785.0,0.0,611.0,23493.0
1213,5.3,58785.0,0.0,611.0,23493.0
1214,4.5,69576.0,0.0,254.0,22785.0
1215,4.7,50974.0,0.0,282.0,26219.0
1216,8.4,22952.0,16.0,394.0,39628.0
1217,8.4,22952.0,16.0,394.0,39628.0
1218,4.9,8185.0,0.0,156.0,13166.0
1219,4.1,7258.0,94.0,137.0,13054.0
1220,7.1,20098.0,52.0,1210.0,29905.0
1221,4.6,5956.0,169.0,391.0,33596.0
1222,4.0,4606.0,261.0,525.0,42516.0
1223,6.2,9301.0,141.0,778.0,36044.0
1224,4.9,8589.0,35.0,403.0,41839.0
1225,4.9,8589.0,35.0,403.0,41839.0
1226,6.8,7071.0,275.0,1044.0,31032.0
1227,23.3,15109.0,112.0,405.0,43886.0
1228,6.7,13182.0,119.0,456.0,46460.0
1229,8.7,5435.0,288.0,791.0,45494.0
1230,4.9,16368.0,120.0,1011.0,42681.0
1231,10.2,6625.0,0.0,856.0,38664.0
1232,6.4,7829.0,324.0,149.0,39053.0
1233,3.1,22202.0,328.0,918.0,25581.0
1234,4.4,5853.0,417.0,406.0,42408.0
1235,5.6,5260.0,192.0,763.0,36807.0
1236,9.2,14431.0,150.0,190.0,18296.0
1237,8.4,4037.0,312.0,520.0,35860.0
1238,7.8,15992.0,147.0,730.0,24767.0
1239,6.6,8931.0,0.0,1570.0,25153.0
1240,6.2,2617.0,1185.0,687.0,41170.0
1241,7.6,3942.0,206.0,516.0,29692.0
1242,10.2,6858.0,39.0,209.0,26863.0
1243,7.9,19138.0,182.0,264.0,24490.0
1244,5.8,6126.0,603.0,494.0,35202.0
1245,7.3,14960.0,240.0,488.0,21828.0
1246,6.0,7553.0,478.0,423.0,32394.0
1247,10.4,5642.0,1071.0,739.0,44396.0
1248,8.9,9490.0,452.0,601.0,26370.0
1249,9.3,4947.0,737.0,238.0,39354.0
1250,7.7,4689.0,707.0,625.0,37947.0
1251,7.5,2283.0,446.0,212.0,34481.0
1252,10.3,7371.0,52.0,400.0,24209.0
1253,4.2,8602.0,534.0,299.0,31652.0
1254,7.6,11494.0,313.0,566.0,23626.0
1255,11.1,8160.0,309.0,241.0,38630.0
1256,7.9,8828.0,0.0,350.0,24274.0
1257,7.4,9961.0,436.0,1108.0,30427.0
1258,6.8,6567.0,998.0,845.0,29168.0
1259,9.3,3227.0,357.0,486.0,36486.0
1260,6.6,12689.0,0.0,279.0,22614.0
1261,7.4,11300.0,466.0,226.0,32721.0
1262,6.3,4413.0,345.0,268.0,21861.0
1263,9.6,4909.0,614.0,1100.0,36634.0
1264,9.6,4909.0,614.0,1100.0,36634.0
1265,9.0,5387.0,286.0,597.0,32119.0
1266,5.2,6665.0,220.0,297.0,28320.0
1267,7.4,6799.0,133.0,409.0,21578.0
1268,9.5,8530.0,530.0,505.0,25398.0
1269,5.4,13885.0,161.0,232.0,22876.0
1270,6.7,10293.0,24.0,416.0,19882.0
1271,8.1,4480.0,1007.0,716.0,35060.0
1272,6.4,9316.0,206.0,796.0,24312.0
1273,9.4,4517.0,1029.0,243.0,42497.0
1274,9.9,14358.0,197.0,750.0,29985.0
1275,4.8,12859.0,512.0,426.0,26919.0
1276,7.2,18351.0,52.0,414.0,29656.0
1277,7.2,18351.0,52.0,414.0,29656.0
1278,3.7,17850.0,0.0,64.0,24690.0
1279,3.8,13669.0,58.0,165.0,17424.0
1280,4.5,33253.0,115.0,367.0,27695.0
1281,5.0,49254.0,55.0,828.0,22041.0
1282,8.3,25032.0,166.0,239.0,17549.0
1283,3.8,18278.0,221.0,395.0,21578.0
1284,4.1,14757.0,0.0,730.0,43222.0
1285,6.8,21289.0,0.0,751.0,37103.0
1286,5.1,22211.0,0.0,303.0,29836.0
1287,4.9,61052.0,67.0,180.0,19327.0
1288,8.1,8107.0,35.0,269.0,47316.0
1289,6.5,59775.0,214.0,326.0,24557.0
1290,4.1,76816.0,78.0,1259.0,21827.0
1291,3.5,11260.0,401.0,568.0,21166.0
1292,3.1,12399.0,275.0,478.0,22234.0
1293,2.8,9030.0,1347.0,354.0,26088.0
1294,3.1,7237.0,1396.0,262.0,31692.0
1295,4.3,9435.0,398.0,470.0,33212.0
1296,3.7,11617.0,808.0,856.0,27771.0
1297,2.1,15162.0,273.0,272.0,20546.0
1298,4.3,10543.0,671.0,1306.0,20293.0
1299,3.1,13687.0,544.0,418.0,18644.0
1300,3.2,15017.0,299.0,346.0,21385.0
1301,9.2,5707.0,0.0,285.0,49921.0
1302,5.9,11340.0,170.0,222.0,44673.0
1303,8.6,3289.0,149.0,650.0,46201.0
1304,3.4,14855.0,47.0,230.0,20028.0
1305,3.2,16315.0,168.0,339.0,24049.0
1306,5.0,11906.0,30.0,292.0,32227.0
1307,6.0,18603.0,109.0,542.0,13176.0
1308,4.3,18698.0,0.0,200.0,24241.0
1309,4.6,13522.0,25.0,388.0,31752.0
1310,5.9,10484.0,314.0,288.0,36221.0
1311,6.0,10779.0,0.0,342.0,33570.0
1312,10.8,12160.0,123.0,261.0,33419.0
1313,24.5,3897.0,408.0,784.0,38345.0
1314,12.0,5964.0,391.0,334.0,35831.0
1315,7.4,3822.0,126.0,532.0,46285.0
1316,8.1,2027.0,359.0,371.0,48036.0
1317,6.6,4835.0,704.0,996.0,45740.0
1318,6.7,8668.0,749.0,502.0,38748.0
1319,8.4,3657.0,0.0,1140.0,30165.0
1320,8.1,25568.0,725.0,387.0,25642.0
1321,6.9,10144.0,1725.0,2092.0,45351.0
1322,7.5,27629.0,717.0,720.0,38892.0
1323,3.9,9992.0,947.0,603.0,24765.0
1324,5.9,8065.0,6030.0,1924.0,48676.0
1325,4.5,15610.0,1378.0,1780.0,30962.0
1326,6.9,22875.0,502.0,944.0,32690.0
1327,4.9,11362.0,593.0,530.0,18729.0
1328,5.9,17146.0,680.0,392.0,37886.0
1329,6.6,23446.0,245.0,693.0,23833.0
1330,6.2,2789.0,531.0,921.0,44286.0
1331,12.3,3643.0,450.0,847.0,36657.0
1332,5.9,10116.0,309.0,561.0,39214.0
1333,8.2,2953.0,309.0,570.0,51390.0
1334,4.5,7425.0,1179.0,404.0,29431.0
1335,3.6,20362.0,1165.0,910.0,26704.0
1336,3.2,12775.0,287.0,380.0,21990.0
1337,4.8,9735.0,619.0,1264.0,27463.0
1338,3.9,20025.0,524.0,759.0,22806.0
1339,2.4,19765.0,473.0,427.0,16654.0
1340,3.1,16199.0,273.0,366.0,21955.0
1341,4.8,11208.0,456.0,447.0,17092.0
1342,4.4,11809.0,203.0,790.0,16265.0
1343,2.3,8143.0,95.0,478.0,17444.0
1344,3.4,24535.0,263.0,507.0,20785.0
1345,3.4,39016.0,193.0,646.0,17965.0
1346,1.8,18207.0,0.0,364.0,16378.0
1347,3.2,27038.0,282.0,620.0,23007.0
1348,4.7,31557.0,52.0,214.0,20186.0
1349,3.9,5157.0,220.0,431.0,15466.0
1350,4.9,33558.0,180.0,624.0,23131.0
1351,5.1,20907.0,333.0,183.0,23899.0
1352,4.5,27090.0,440.0,480.0,16443.0
1353,4.7,16537.0,155.0,203.0,16879.0
1354,3.4,4095.0,484.0,323.0,13709.0
1355,3.0,7101.0,197.0,230.0,20414.0
1356,5.3,5630.0,429.0,443.0,20840.0
1357,2.5,18300.0,512.0,291.0,22305.0
1358,3.9,13301.0,189.0,923.0,14456.0
1359,2.8,32033.0,217.0,302.0,20085.0
1360,2.9,21750.0,95.0,590.0,20954.0
1361,3.2,14374.0,132.0,458.0,10375.0
1362,4.4,10711.0,249.0,337.0,9802.0
1363,2.1,13902.0,167.0,641.0,15113.0
1364,3.0,10726.0,0.0,273.0,14999.0
1365,2.1,17777.0,87.0,277.0,19113.0
1366,4.2,20202.0,146.0,116.0,19769.0
1367,3.9,15275.0,0.0,143.0,7435.0
1368,2.9,10630.0,177.0,39.0,13969.0
1369,5.8,30534.0,435.0,2400.0,23991.0
1370,4.8,24484.0,0.0,1027.0,10256.0
1371,3.1,11291.0,42.0,490.0,19390.0
1372,4.0,21782.0,71.0,559.0,20425.0
1373,1.9,24106.0,176.0,29.0,7726.0
1374,4.5,7030.0,81.0,374.0,13140.0
1375,2.1,7456.0,126.0,1095.0,12895.0
1376,3.1,20173.0,294.0,763.0,13035.0
1377,1.4,16277.0,389.0,262.0,11349.0
1378,2.9,45582.0,0.0,700.0,20142.0
1379,2.9,13546.0,348.0,222.0,12161.0
1380,3.2,18192.0,282.0,442.0,16774.0
1381,2.8,39434.0,106.0,656.0,27077.0
1382,2.8,40484.0,427.0,199.0,20267.0
1383,3.6,14157.0,639.0,579.0,16907.0
1384,2.9,18451.0,493.0,696.0,14835.0
1385,4.3,31404.0,373.0,875.0,19173.0
1386,3.4,29141.0,174.0,384.0,16890.0
1387,5.4,29264.0,148.0,244.0,22434.0
1388,4.3,26189.0,87.0,1069.0,35294.0
1389,7.7,17287.0,599.0,538.0,35419.0
1390,6.5,12726.0,41.0,516.0,31826.0
1391,2.4,22740.0,304.0,1202.0,29613.0
1392,4.2,30171.0,191.0,811.0,25435.0
1393,5.9,27233.0,144.0,905.0,28622.0
1394,7.3,22642.0,17.0,534.0,16625.0
1395,3.6,10708.0,34.0,405.0,21752.0
1396,7.9,16770.0,47.0,423.0,14813.0
1397,7.4,17059.0,0.0,419.0,16167.0
1398,8.2,15952.0,0.0,465.0,17411.0
1399,7.5,68872.0,407.0,2556.0,47296.0
1400,12.3,10926.0,602.0,990.0,37467.0
1401,15.3,14528.0,1920.0,888.0,48410.0
1402,13.0,10287.0,757.0,435.0,38564.0
1403,6.5,22707.0,24.0,1377.0,31279.0
1404,7.3,14804.0,106.0,1180.0,26466.0
1405,4.4,13407.0,484.0,1594.0,40962.0
1406,9.1,25486.0,0.0,3040.0,24769.0
1407,13.8,14369.0,1269.0,229.0,44257.0
1408,6.3,20736.0,465.0,876.0,29323.0
1409,10.7,18148.0,78.0,1484.0,21232.0
1410,14.7,7909.0,866.0,1249.0,65362.0
1411,6.3,23535.0,827.0,484.0,41698.0
1412,10.0,17874.0,269.0,664.0,36154.0
1413,6.0,22978.0,113.0,383.0,26623.0
1414,7.2,16565.0,633.0,657.0,33319.0
1415,13.8,33632.0,1032.0,1306.0,46068.0
1416,9.3,12867.0,1566.0,359.0,55841.0
1417,11.3,26525.0,287.0,1699.0,39539.0
1418,11.8,31085.0,745.0,2083.0,43149.0
1419,7.4,24560.0,47.0,348.0,19665.0
1420,6.0,39803.0,212.0,651.0,34522.0
1421,12.5,27529.0,379.0,785.0,26897.0
1422,9.7,31367.0,191.0,1107.0,24484.0
1423,5.6,16386.0,65.0,342.0,14582.0
1424,5.0,28682.0,0.0,659.0,19002.0
1425,8.0,34660.0,105.0,632.0,15811.0
1426,9.3,27908.0,29.0,577.0,18064.0
1427,8.0,14068.0,510.0,222.0,29385.0
1428,6.4,4677.0,559.0,679.0,28494.0
1429,3.6,5822.0,188.0,667.0,32434.0
1430,4.6,15015.0,0.0,573.0,23238.0
1431,7.5,16860.0,71.0,1098.0,20876.0
1432,7.1,22620.0,0.0,769.0,26546.0
1433,7.9,16519.0,0.0,1768.0,23890.0
1434,7.3,7339.0,216.0,1644.0,34484.0
1435,8.8,6191.0,410.0,207.0,43520.0
1436,5.8,6135.0,124.0,517.0,31000.0
1437,4.4,23503.0,37.0,335.0,29704.0
1438,10.1,10401.0,449.0,310.0,35356.0
1439,7.1,15054.0,85.0,1427.0,21417.0
1440,5.1,4879.0,196.0,554.0,33963.0
1441,6.5,28319.0,40.0,558.0,21725.0
1442,12.2,22938.0,410.0,616.0,28956.0
1443,3.5,6911.0,753.0,1357.0,39028.0
1444,8.6,12332.0,153.0,1300.0,41157.0
1445,7.9,17929.0,314.0,741.0,17363.0
1446,8.8,15342.0,0.0,916.0,19424.0
1447,7.2,17429.0,71.0,271.0,21043.0
1448,5.5,4846.0,40.0,577.0,9877.0
1449,4.2,11674.0,27.0,367.0,16690.0
1450,6.6,29010.0,133.0,664.0,23060.0
1451,8.1,11254.0,261.0,291.0,12951.0
1452,3.5,33008.0,0.0,407.0,16910.0
1453,7.8,13305.0,0.0,318.0,19427.0
1454,3.9,27802.0,0.0,367.0,22499.0
1455,5.5,37623.0,72.0,747.0,17010.0
1456,7.7,5807.0,136.0,532.0,34782.0
1457,9.6,6165.0,283.0,679.0,34074.0
1458,3.7,32067.0,199.0,470.0,18742.0
1459,8.2,4751.0,218.0,221.0,47386.0
1460,5.4,11439.0,10.0,156.0,31089.0
1461,8.6,9444.0,0.0,793.0,32427.0
1462,11.3,12025.0,182.0,659.0,40460.0
1463,7.1,21670.0,0.0,656.0,31373.0
1464,8.9,6523.0,39.0,860.0,38009.0
1465,7.7,5917.0,46.0,448.0,42355.0
1466,4.8,8254.0,135.0,426.0,38651.0
1467,7.4,14829.0,0.0,643.0,31930.0
1468,9.7,5725.0,105.0,1095.0,36762.0
1469,8.2,28536.0,0.0,544.0,21799.0
1470,4.7,4347.0,282.0,332.0,39279.0
1471,5.1,14306.0,106.0,859.0,35748.0
1472,8.3,11491.0,208.0,727.0,38806.0
1473,9.6,14883.0,84.0,730.0,35278.0
1474,6.4,22591.0,95.0,401.0,32159.0
1475,4.9,7429.0,83.0,421.0,50341.0
1476,9.0,11652.0,226.0,544.0,38474.0
1477,8.1,11004.0,142.0,378.0,34231.0
1478,4.8,27661.0,32.0,221.0,27622.0
1479,8.0,10444.0,165.0,786.0,31949.0
1480,7.6,3750.0,454.0,745.0,45076.0
1481,4.9,6321.0,351.0,316.0,41884.0
1482,6.6,13808.0,134.0,491.0,28423.0
1483,3.3,10840.0,418.0,203.0,30687.0
1484,6.5,4142.0,203.0,661.0,47545.0
1485,4.0,12084.0,51.0,619.0,36456.0
1486,7.6,12312.0,166.0,595.0,46422.0
1487,8.4,21419.0,134.0,1010.0,34225.0
1488,10.3,5072.0,1078.0,871.0,49618.0
1489,9.2,9281.0,276.0,1216.0,46221.0
1490,8.8,3439.0,559.0,782.0,52045.0
1491,8.1,5462.0,151.0,1233.0,49212.0
1492,7.6,14174.0,93.0,697.0,27746.0
1493,9.3,4530.0,192.0,605.0,34029.0
1494,6.5,29096.0,98.0,504.0,28406.0
1495,4.8,102552.0,86.0,689.0,20481.0
1496,6.5,86385.0,50.0,526.0,24899.0
1497,4.8,51924.0,253.0,546.0,15701.0
1498,7.6,31022.0,0.0,483.0,22379.0
1499,5.9,67775.0,97.0,350.0,27162.0
1500,6.9,127716.0,45.0,343.0,22739.0
1501,5.2,30644.0,113.0,682.0,25320.0
1502,4.7,9307.0,80.0,253.0,20095.0
1503,3.4,17344.0,0.0,430.0,18050.0
1504,5.2,19166.0,49.0,170.0,15491.0
1505,5.2,15675.0,82.0,411.0,22194.0
1506,4.7,17283.0,88.0,628.0,20119.0
1507,1.2,22510.0,90.0,821.0,20069.0
1508,2.7,20765.0,92.0,324.0,11042.0
1509,3.7,15966.0,297.0,471.0,17737.0
1510,4.9,15339.0,203.0,366.0,21064.0
1511,7.5,7998.0,281.0,805.0,44597.0
1512,3.6,14280.0,203.0,414.0,35289.0
1513,4.0,11087.0,19.0,569.0,34762.0
1514,7.4,5812.0,131.0,1273.0,42724.0
1515,4.7,13470.0,59.0,726.0,34217.0
1516,3.5,8619.0,75.0,378.0,37442.0
1517,4.7,8070.0,132.0,308.0,34215.0
1518,3.6,18575.0,14.0,411.0,26801.0
1519,3.6,22619.0,41.0,424.0,30207.0
1520,6.0,18578.0,0.0,492.0,35389.0
1521,3.2,21506.0,47.0,999.0,29462.0
1522,5.5,14517.0,0.0,306.0,25826.0
1523,5.0,15937.0,62.0,278.0,25795.0
1524,6.1,23383.0,181.0,201.0,23753.0
1525,5.8,12592.0,80.0,102.0,37710.0
1526,2.1,40097.0,18.0,529.0,27723.0
1527,4.3,41479.0,170.0,309.0,29598.0
1528,2.7,29484.0,86.0,158.0,28461.0
1529,3.7,13953.0,38.0,254.0,18628.0
1530,3.1,20962.0,63.0,641.0,27497.0
1531,7.6,8498.0,148.0,286.0,39298.0
1532,5.8,7427.0,174.0,501.0,36082.0
1533,13.2,2252.0,142.0,349.0,49619.0
1534,9.2,2792.0,408.0,968.0,38000.0
1535,7.8,3243.0,503.0,467.0,50342.0
1536,12.5,4580.0,599.0,328.0,48057.0
1537,7.1,11853.0,188.0,461.0,20568.0
1538,4.6,18210.0,0.0,420.0,34485.0
1539,6.1,10110.0,115.0,378.0,41443.0
1540,7.5,9497.0,331.0,670.0,39272.0
1541,5.0,17635.0,166.0,649.0,28034.0
1542,6.2,10448.0,477.0,254.0,37669.0
1543,6.8,9383.0,861.0,607.0,37129.0
1544,7.4,3278.0,529.0,1013.0,42190.0
1545,6.1,18208.0,874.0,1137.0,56300.0
1546,4.9,15344.0,70.0,579.0,27926.0
1547,7.2,10982.0,64.0,119.0,18685.0
1548,6.7,6891.0,118.0,333.0,39903.0
1549,8.1,13772.0,406.0,448.0,19212.0
1550,5.5,13115.0,726.0,506.0,34764.0
1551,8.4,16655.0,79.0,446.0,24392.0
1552,4.7,13060.0,662.0,379.0,24677.0
1553,3.1,17363.0,197.0,338.0,18184.0
1554,4.0,18113.0,222.0,331.0,20128.0
1555,3.6,44484.0,54.0,488.0,13241.0
1556,9.7,50152.0,0.0,618.0,18355.0
1557,3.8,34292.0,0.0,425.0,17289.0
1558,3.1,37523.0,62.0,598.0,19218.0
1559,2.8,15884.0,57.0,190.0,16570.0
1560,3.2,20957.0,22.0,195.0,14845.0
1561,5.7,25504.0,42.0,352.0,19663.0
1562,4.9,12772.0,0.0,274.0,5522.0
1563,3.5,13289.0,41.0,512.0,10242.0
1564,4.8,17719.0,0.0,556.0,7231.0
1565,4.8,19418.0,42.0,750.0,18188.0
1566,3.4,53923.0,0.0,261.0,16445.0
1567,7.3,13375.0,258.0,1139.0,31402.0
1568,11.2,6285.0,1109.0,585.0,47713.0
1569,6.3,10942.0,729.0,2712.0,41113.0
1570,6.2,14697.0,89.0,763.0,17436.0
1571,5.0,8419.0,0.0,316.0,11644.0
1572,6.0,14647.0,0.0,518.0,21720.0
1573,4.2,3646.0,0.0,336.0,14757.0
1574,3.0,18593.0,0.0,148.0,12518.0
1575,3.9,31441.0,44.0,249.0,22358.0
1576,3.0,13350.0,193.0,47.0,9223.0
1577,3.8,27472.0,0.0,421.0,13980.0
1578,3.9,29870.0,39.0,313.0,13044.0
1579,4.8,13185.0,52.0,667.0,23719.0
1580,5.6,62512.0,0.0,923.0,19967.0
1581,5.9,4577.0,178.0,592.0,29001.0
1582,1.9,4469.0,305.0,230.0,7719.0
1583,1.8,23171.0,0.0,168.0,10274.0
1584,1.7,7453.0,130.0,97.0,3041.0
1585,2.4,14743.0,40.0,570.0,19988.0
1586,3.3,20315.0,65.0,307.0,13549.0
1587,4.4,19361.0,242.0,673.0,16415.0
1588,5.3,9082.0,163.0,404.0,30259.0
1589,5.3,12048.0,74.0,461.0,28236.0
1590,6.3,9166.0,265.0,269.0,35932.0
1591,8.3,6404.0,40.0,413.0,34672.0
1592,5.6,6907.0,146.0,151.0,38499.0
1593,7.2,13139.0,78.0,522.0,29239.0
1594,5.3,20461.0,72.0,317.0,25441.0
1595,4.7,8980.0,0.0,205.0,29009.0
1596,5.0,7865.0,24.0,624.0,32638.0
1597,5.5,16465.0,38.0,568.0,29937.0
1598,5.6,11943.0,226.0,567.0,32962.0
1599,13.9,17778.0,1010.0,681.0,33081.0
1600,5.0,44140.0,275.0,168.0,27074.0
1601,10.9,9737.0,419.0,708.0,45014.0
1602,5.9,8879.0,171.0,76.0,41393.0
1603,5.7,10571.0,136.0,767.0,42060.0
1604,6.4,9466.0,0.0,1080.0,36019.0
1605,5.9,6308.0,328.0,806.0,40375.0
1606,6.1,6779.0,670.0,383.0,54618.0
1607,6.1,28448.0,36.0,605.0,15928.0
1608,6.1,11404.0,43.0,1112.0,33391.0
1609,12.5,21063.0,146.0,169.0,52081.0
1610,5.6,17541.0,41.0,140.0,23349.0
1611,4.7,10954.0,86.0,465.0,30099.0
1612,5.7,29778.0,65.0,312.0,15067.0
1613,4.9,7232.0,127.0,512.0,34529.0
1614,3.9,10097.0,54.0,89.0,36049.0
1615,10.1,4342.0,409.0,680.0,45876.0
1616,3.8,8548.0,150.0,492.0,36858.0
1617,5.9,14798.0,85.0,78.0,32639.0
1618,4.7,14928.0,104.0,558.0,26533.0
1619,5.6,21395.0,0.0,305.0,31294.0
1620,8.4,17473.0,79.0,896.0,22621.0
1621,5.8,18988.0,112.0,414.0,25068.0
1622,3.1,12506.0,131.0,258.0,35145.0
1623,6.2,17949.0,24.0,682.0,36462.0
1624,5.9,15693.0,536.0,101.0,32609.0
1625,4.8,15428.0,0.0,443.0,37020.0
1626,9.3,8776.0,441.0,457.0,35209.0
1627,7.8,3834.0,1141.0,542.0,49377.0
1628,7.5,5874.0,698.0,547.0,50460.0
1629,8.8,6821.0,89.0,427.0,39689.0
1630,9.0,9075.0,465.0,420.0,35835.0
1631,3.8,21167.0,652.0,995.0,23131.0
1632,2.8,11603.0,1258.0,646.0,32721.0
1633,3.1,14694.0,727.0,1049.0,20183.0
1634,4.0,16181.0,1550.0,283.0,30875.0
1635,5.5,15292.0,756.0,960.0,26195.0
1636,5.8,186117.0,96.0,1331.0,19464.0
1637,6.9,182138.0,251.0,1102.0,20277.0
1638,5.6,14889.0,201.0,376.0,38608.0
1639,4.8,54671.0,285.0,402.0,26209.0
1640,6.5,10299.0,193.0,443.0,39476.0
1641,6.4,62770.0,73.0,346.0,26279.0
1642,4.9,51320.0,0.0,456.0,25890.0
1643,4.6,44041.0,0.0,690.0,24362.0
1644,6.0,19014.0,23.0,478.0,38447.0
1645,5.9,15382.0,178.0,309.0,31151.0
1646,5.3,42597.0,112.0,668.0,34724.0
1647,8.2,24363.0,65.0,260.0,41471.0
1648,5.8,104766.0,87.0,1693.0,22064.0
1649,6.4,45074.0,0.0,531.0,29988.0
1650,5.2,64574.0,104.0,411.0,25272.0
1651,4.5,69091.0,0.0,136.0,24626.0
1652,4.8,53080.0,70.0,114.0,27910.0
1653,6.1,23655.0,34.0,124.0,41246.0
1654,4.0,7984.0,238.0,287.0,12111.0
1655,6.1,5949.0,0.0,286.0,14648.0
1656,7.8,20071.0,92.0,502.0,30833.0
1657,6.6,7977.0,479.0,1051.0,40271.0
1658,7.7,2748.0,591.0,365.0,47927.0
1659,6.0,8677.0,207.0,548.0,40421.0
1660,5.9,10801.0,421.0,539.0,43355.0
1661,6.7,5693.0,55.0,633.0,30015.0
1662,20.2,8926.0,423.0,542.0,41954.0
1663,6.4,13745.0,184.0,582.0,50364.0
1664,7.8,5191.0,579.0,721.0,50713.0
1665,5.6,13347.0,174.0,438.0,43294.0
1666,6.6,7366.0,424.0,434.0,45268.0
1667,4.0,8278.0,333.0,235.0,41601.0
1668,6.8,18954.0,157.0,825.0,27445.0
1669,4.6,5074.0,286.0,370.0,48666.0
1670,6.3,7580.0,372.0,761.0,42620.0
1671,7.9,5277.0,250.0,946.0,39751.0
1672,8.9,13435.0,89.0,908.0,18917.0
1673,8.6,4537.0,714.0,1197.0,44828.0
1674,10.3,15801.0,36.0,666.0,28169.0
1675,7.5,7670.0,520.0,464.0,25269.0
1676,8.6,3596.0,677.0,443.0,41046.0
1677,8.9,4698.0,476.0,674.0,30377.0
1678,9.9,6459.0,423.0,490.0,25607.0
1679,11.9,15862.0,16.0,350.0,24642.0
1680,5.8,5761.0,930.0,720.0,38181.0
1681,10.4,14833.0,0.0,181.0,24448.0
1682,6.3,6808.0,583.0,658.0,32026.0
1683,8.3,7250.0,1318.0,720.0,43714.0
1684,8.4,8016.0,233.0,195.0,26841.0
1685,9.1,5141.0,403.0,766.0,40000.0
1686,8.3,4404.0,1753.0,250.0,42054.0
1687,8.3,4284.0,792.0,456.0,36194.0
1688,11.4,8211.0,373.0,566.0,23943.0
1689,8.3,8298.0,1027.0,117.0,33536.0
1690,10.6,14100.0,268.0,383.0,27734.0
1691,9.0,6965.0,648.0,564.0,37742.0
1692,9.7,7344.0,0.0,711.0,25182.0
1693,9.6,13067.0,775.0,842.0,33193.0
1694,9.5,5952.0,445.0,447.0,31072.0
1695,7.6,4356.0,715.0,283.0,35620.0
1696,5.7,12399.0,167.0,350.0,22202.0
1697,7.8,12367.0,622.0,237.0,29826.0
1698,5.1,5711.0,413.0,352.0,23594.0
1699,10.2,3308.0,1361.0,176.0,42013.0
1700,8.9,7388.0,922.0,1214.0,34249.0
1701,6.7,5080.0,0.0,0.0,25366.0
1702,5.9,7047.0,0.0,591.0,18301.0
1703,9.1,11169.0,260.0,1278.0,23878.0
1704,5.8,14303.0,108.0,320.0,21548.0
1705,9.2,8505.0,52.0,192.0,23819.0
1706,7.4,5048.0,492.0,364.0,35636.0
1707,6.4,7189.0,435.0,779.0,24532.0
1708,9.4,6037.0,2194.0,791.0,42940.0
1709,7.3,13828.0,334.0,209.0,34205.0
1710,4.4,14287.0,340.0,185.0,29706.0
1711,7.3,17752.0,0.0,131.0,27775.0
1712,6.1,21613.0,0.0,340.0,25355.0
1713,3.8,12895.0,321.0,118.0,18261.0
1714,6.6,31295.0,380.0,648.0,30678.0
1715,7.8,46479.0,57.0,1001.0,23297.0
1716,9.3,23142.0,138.0,557.0,17696.0
1717,6.0,19331.0,0.0,266.0,23806.0
1718,4.6,12610.0,86.0,335.0,44311.0
1719,6.9,19933.0,115.0,775.0,39707.0
1720,4.7,23854.0,180.0,659.0,33521.0
1721,4.0,60694.0,0.0,205.0,18358.0
1722,9.3,6805.0,36.0,744.0,56150.0
1723,3.2,62358.0,68.0,444.0,25152.0
1724,7.3,79401.0,0.0,809.0,21282.0
1725,2.2,11790.0,602.0,462.0,24789.0
1726,4.0,11938.0,868.0,507.0,21883.0
1727,3.5,9622.0,1532.0,695.0,27459.0
1728,4.0,8139.0,897.0,58.0,30391.0
1729,3.1,8991.0,618.0,311.0,30767.0
1730,4.4,11591.0,1525.0,892.0,27943.0
1731,3.4,17811.0,167.0,447.0,21620.0
1732,3.5,11466.0,484.0,1029.0,21761.0
1733,4.2,14099.0,125.0,79.0,18285.0
1734,4.4,17598.0,371.0,815.0,20562.0
1735,6.9,6733.0,158.0,150.0,52961.0
1736,10.5,10571.0,65.0,498.0,40125.0
1737,7.4,2553.0,275.0,540.0,53236.0
1738,4.5,14267.0,62.0,512.0,24214.0
1739,4.0,18416.0,106.0,174.0,24418.0
1740,5.0,13591.0,236.0,455.0,31097.0
1741,6.8,15539.0,0.0,689.0,13104.0
1742,5.5,19070.0,74.0,206.0,28237.0
1743,5.1,12615.0,55.0,464.0,31114.0
1744,6.5,10375.0,258.0,413.0,37982.0
1745,3.6,11760.0,108.0,374.0,35586.0
1746,16.1,11780.0,228.0,380.0,33915.0
