,"Percent; UNITS IN STRUCTURE - 1-unit, attached","Percent; UNITS IN STRUCTURE - Boat, RV, van, etc.",Percent; HOUSING TENURE - Owner-occupied,"Percent; VALUE - $200,000 to $299,999",Percent; SELECTED MONTHLY OWNER COSTS AS A PERCENTAGE OF HOUSEHOLD INCOME (SMOCAPI) - 10.0 to 14.9 percent,Percent; GROSS RENT AS A PERCENTAGE OF HOUSEHOLD INCOME (GRAPI) - 25.0 to 29.9 percent,Percent; GROSS RENT AS A PERCENTAGE OF HOUSEHOLD INCOME (GRAPI) - 30.0 to 34.9 percent
0,1.2,0.2,66.5,14.6,19.8,11.7,7.7
1,1.2,0.2,66.5,14.6,19.8,11.7,7.7
2,2.1,0.1,67.0,13.4,21.5,11.7,7.7
3,1.3,0.1,69.9,14.5,19.1,9.9,8.4
4,0.4,0.1,73.4,11.4,18.9,13.9,7.6
5,2.0,0.1,69.9,17.2,17.7,8.7,6.9
6,3.7,0.0,75.2,19.8,19.8,11.9,9.2
7,1.5,0.0,59.2,8.0,20.9,10.0,8.1
8,7.6,0.1,63.4,33.2,17.2,13.2,10.5
9,7.8,0.3,60.5,17.5,16.7,11.9,8.3
10,7.8,0.3,60.5,17.5,16.7,11.9,8.3
11,3.3,0.4,61.5,8.0,21.3,11.4,7.8
12,2.1,1.3,70.2,16.3,18.1,12.6,9.4
13,3.7,0.4,71.0,23.6,17.7,11.0,9.4
14,7.4,0.0,62.9,16.8,16.2,10.0,8.3
15,3.3,0.0,45.2,7.4,20.0,9.5,9.6
16,6.1,0.1,72.0,20.3,21.7,10.7,9.2
17,1.3,0.1,65.8,9.1,20.9,11.4,9.9
18,1.4,0.2,65.7,15.1,21.5,9.6,7.1
19,2.9,0.2,64.2,12.3,20.6,9.4,9.5
20,2.7,0.5,64.1,23.2,19.2,12.1,8.2
21,5.8,0.3,60.7,14.9,18.6,11.9,7.0
22,4.4,0.2,58.3,23.9,19.7,10.5,10.5
23,2.1,0.0,71.0,27.1,19.3,11.0,9.6
24,7.0,0.1,59.1,19.9,19.3,11.7,10.0
25,7.2,0.2,47.2,23.7,16.9,12.0,8.5
26,5.2,0.1,63.2,29.7,20.9,11.3,9.5
27,2.7,0.3,60.1,15.9,20.6,9.3,8.2
28,5.5,0.1,59.5,25.1,22.0,9.7,10.0
29,3.5,0.1,57.2,23.8,21.4,10.2,6.9
30,8.1,0.1,61.8,12.8,19.6,11.2,9.3
31,11.9,0.1,32.9,2.3,17.8,12.2,9.1
32,4.8,0.1,42.4,12.6,21.8,11.7,9.8
33,9.5,0.1,57.1,3.2,16.7,12.4,8.4
34,10.0,0.0,63.4,11.3,20.7,13.3,9.3
35,2.7,0.1,48.1,13.9,18.5,9.1,9.7
36,12.3,0.1,55.0,4.7,16.2,10.8,7.2
37,7.9,0.0,59.4,2.7,17.4,11.1,9.3
38,9.8,0.1,58.3,9.3,15.3,12.6,8.0
39,7.0,0.1,51.1,18.3,18.3,12.3,10.3
40,3.0,0.0,48.4,15.7,16.3,10.0,9.2
41,2.8,0.1,57.4,24.5,22.3,11.8,9.1
42,2.3,0.1,62.1,23.7,20.0,8.5,8.5
43,6.4,0.1,52.5,17.3,20.8,12.2,9.0
44,5.6,0.1,67.2,15.3,17.5,11.1,10.8
45,10.4,0.1,63.5,14.3,17.4,11.7,8.3
46,8.8,0.0,53.6,5.1,15.8,12.1,7.9
47,3.7,0.2,34.3,6.8,20.1,11.6,8.0
48,4.4,0.1,41.9,29.0,22.9,9.8,8.4
49,4.4,0.1,54.2,9.7,20.7,10.5,8.7
50,5.0,0.0,55.9,26.3,17.6,10.0,9.9
51,9.2,0.0,59.2,24.5,16.9,12.0,11.2
52,6.4,0.0,50.3,2.6,16.8,10.5,9.3
53,4.9,0.0,20.2,20.3,19.6,11.9,10.3
54,5.5,0.1,59.0,39.4,19.1,11.2,10.3
55,10.5,0.2,64.5,17.1,19.3,11.3,8.6
56,7.5,0.0,34.5,15.9,19.5,10.2,7.5
57,4.7,0.0,60.7,22.2,17.2,12.3,10.3
58,8.3,0.1,67.3,8.6,17.1,11.3,10.5
59,11.5,0.1,34.0,33.0,14.4,10.2,8.9
60,3.4,0.1,56.1,29.2,17.4,13.2,8.6
61,2.7,0.2,72.0,32.3,20.4,11.6,12.3
62,7.6,0.1,41.5,17.6,19.4,9.3,9.6
63,7.2,0.0,49.0,36.4,19.2,9.8,8.4
64,14.6,0.1,63.6,7.8,16.9,12.2,11.9
65,6.5,0.0,41.6,15.5,17.3,10.3,9.8
66,7.0,0.1,46.3,11.7,16.0,11.1,11.6
67,12.5,0.0,57.1,6.8,17.3,11.7,9.1
68,13.8,0.0,60.2,10.4,16.7,13.5,9.1
69,5.5,0.2,61.5,19.6,18.0,12.3,11.1
70,6.9,0.1,43.5,27.7,19.6,10.0,9.1
71,9.3,0.0,53.8,7.2,17.3,12.3,10.4
72,8.6,0.1,49.6,19.1,18.1,12.3,9.3
73,7.4,0.1,50.7,26.3,17.9,12.7,8.7
74,7.5,0.0,66.7,26.2,15.3,11.6,8.2
75,5.5,0.1,68.6,21.0,19.8,9.8,10.3
76,6.1,0.0,64.9,26.2,16.4,11.7,10.6
77,8.5,0.1,64.5,31.5,16.6,12.8,11.3
78,8.7,0.0,63.9,35.8,19.9,11.9,10.0
79,5.8,0.0,64.4,34.3,20.7,11.9,7.8
80,4.1,0.0,72.3,34.4,21.3,12.5,10.8
81,5.9,0.0,63.4,35.7,17.2,12.0,8.7
82,6.4,0.0,66.9,12.6,19.8,11.9,7.3
83,5.6,0.0,67.8,26.3,19.9,12.5,9.8
84,14.7,0.0,70.8,32.2,19.5,13.2,9.2
85,2.9,0.3,64.4,16.8,20.2,11.1,10.1
86,4.7,0.2,62.8,18.0,20.8,9.8,9.3
87,3.8,0.2,69.3,15.1,20.0,9.7,8.4
88,5.0,0.0,64.2,18.7,18.3,10.3,8.4
89,4.0,0.0,52.4,6.5,21.2,10.7,10.3
90,4.9,0.1,71.9,18.6,19.7,9.4,7.5
91,5.9,0.0,67.6,18.9,19.3,11.6,7.8
92,4.5,0.2,73.3,14.2,18.7,10.1,9.9
93,6.9,0.1,58.8,12.3,22.3,10.0,10.1
94,1.9,0.1,79.2,15.1,24.4,12.4,10.0
95,1.9,0.1,79.2,15.1,24.4,12.4,10.0
96,5.8,0.3,73.9,15.7,22.2,10.5,8.6
97,4.6,0.1,64.7,13.8,20.9,12.3,8.8
98,4.6,0.1,64.7,13.8,20.9,12.3,8.8
99,5.6,0.1,48.2,11.6,19.8,11.9,9.9
100,4.6,0.1,65.9,17.0,20.5,11.7,10.8
101,8.9,0.1,71.7,16.9,17.5,11.5,10.4
102,4.1,0.6,76.0,13.3,20.4,10.5,9.3
103,7.2,0.1,72.9,18.4,19.1,11.0,6.6
104,9.0,0.0,69.7,15.6,19.2,13.4,9.1
105,9.0,0.0,69.7,15.6,19.2,13.4,9.1
106,7.2,0.1,57.4,10.1,18.9,11.5,9.0
107,10.3,0.0,76.7,21.8,17.6,12.8,11.4
108,7.5,0.0,63.8,18.7,18.4,11.6,9.8
109,7.1,0.0,62.0,20.4,18.3,11.4,9.6
110,6.5,0.0,50.5,13.4,19.9,10.7,9.9
111,13.1,0.0,63.9,20.6,19.4,11.8,9.4
112,13.2,0.2,67.4,27.2,20.5,9.8,6.9
113,9.4,0.0,49.9,19.0,17.5,10.2,8.5
114,3.8,0.1,61.6,17.1,17.5,11.9,11.0
115,1.4,0.0,56.6,9.3,20.7,11.0,8.8
116,1.5,0.0,68.4,17.8,19.8,12.0,7.7
117,4.9,0.0,63.3,13.1,22.0,14.2,6.5
118,5.4,0.2,44.9,13.5,20.0,11.7,7.8
119,6.9,0.0,62.9,25.3,19.2,13.2,7.6
120,6.9,0.0,67.2,22.4,17.1,9.5,9.6
121,1.2,0.1,64.2,12.0,20.9,9.4,7.2
122,1.4,0.1,72.4,15.9,20.9,12.7,8.0
123,1.7,0.0,69.4,14.4,21.5,10.9,8.5
124,6.1,0.1,66.2,22.7,20.4,11.5,10.6
125,2.9,0.0,60.6,12.0,18.6,11.1,8.4
126,4.5,0.0,66.0,11.1,20.4,10.5,10.6
127,1.5,0.0,70.4,11.5,20.7,12.7,12.3
128,9.4,0.0,53.4,10.3,16.5,11.1,10.9
129,7.7,0.0,60.6,13.0,18.2,11.9,8.4
130,2.1,0.2,70.7,19.4,19.6,11.7,10.7
131,4.0,0.0,66.1,17.7,17.6,9.9,10.0
132,5.5,0.0,60.5,23.5,17.9,9.7,8.3
133,5.2,0.0,62.8,11.7,21.9,9.5,7.2
134,7.6,0.0,75.1,28.0,21.4,10.2,7.7
135,2.1,0.1,46.4,27.4,21.3,11.5,8.1
136,3.6,0.0,53.5,26.4,18.2,12.9,8.1
137,11.2,0.0,80.8,27.3,19.9,10.8,11.0
138,3.8,0.0,41.6,20.8,16.2,12.2,8.6
139,4.3,0.1,60.7,26.6,21.2,11.4,9.4
140,12.3,0.0,71.2,17.6,20.8,13.9,10.2
141,13.5,0.0,72.7,23.5,20.7,11.2,9.3
142,2.2,0.1,68.3,12.4,21.2,12.9,9.0
143,2.4,0.0,65.8,12.3,24.4,11.0,7.0
144,11.2,0.0,81.8,31.8,23.5,9.4,10.1
145,1.4,0.1,76.4,10.6,22.2,10.8,8.6
146,4.8,0.0,73.4,14.6,23.1,13.6,7.2
147,2.4,0.0,67.4,7.9,24.6,10.0,9.1
148,3.9,0.0,74.5,18.0,23.8,12.2,7.8
149,5.0,0.0,71.1,17.0,20.3,11.7,8.1
150,2.3,0.0,71.7,11.2,18.7,11.7,8.6
151,2.1,0.0,73.7,11.0,21.3,13.7,8.5
152,2.7,0.1,70.9,13.8,20.5,9.3,9.1
153,5.6,0.0,71.0,18.6,17.3,10.2,10.2
154,2.1,0.0,72.3,12.1,22.0,12.1,8.9
155,9.5,0.0,52.4,7.0,19.5,11.3,7.4
156,1.6,0.1,72.0,10.4,20.5,12.5,9.8
157,3.0,0.0,74.2,15.5,23.1,10.1,8.6
158,3.6,0.0,70.2,12.7,19.5,10.1,8.0
159,5.3,0.0,71.5,17.8,21.1,11.0,7.4
160,2.1,0.0,71.9,11.0,20.5,10.0,8.6
161,3.2,0.0,66.0,9.9,20.4,14.0,8.2
162,4.4,0.1,66.2,13.6,22.5,11.1,8.4
163,8.7,0.0,67.5,24.9,19.0,15.1,8.2
164,2.7,0.0,65.7,11.8,23.2,11.7,8.6
165,1.6,0.0,69.4,8.0,19.2,12.0,9.0
166,2.3,0.0,69.3,13.5,17.1,9.0,10.0
167,3.9,0.0,60.6,17.3,20.1,11.9,9.2
168,2.7,0.0,70.9,17.2,21.8,10.7,8.2
169,0.6,0.1,71.9,6.7,19.3,10.5,7.8
170,3.1,0.0,61.0,16.1,18.1,10.6,9.5
171,3.7,0.1,68.2,25.2,17.8,11.1,9.1
172,8.7,0.0,55.3,15.1,19.3,9.6,7.6
173,1.5,0.1,69.4,12.9,16.9,10.2,6.9
174,2.5,0.1,65.4,12.3,18.0,10.5,10.1
175,1.1,0.2,65.9,12.7,16.4,9.7,9.2
176,1.1,0.2,65.9,12.7,16.4,9.7,9.2
177,3.6,0.0,70.4,29.3,21.0,12.5,10.6
178,1.2,0.0,72.4,14.6,18.9,14.5,8.8
179,7.1,0.0,76.4,29.3,19.7,11.1,8.1
180,32.6,0.0,60.6,33.8,21.4,12.0,7.6
181,27.1,0.0,65.2,28.9,18.6,11.1,9.0
182,17.9,0.0,61.7,31.4,17.3,12.7,10.9
183,10.6,0.1,75.1,35.6,23.3,11.7,11.0
184,23.0,0.0,69.2,22.5,19.9,11.6,11.5
185,39.8,0.1,56.2,18.2,16.1,13.4,8.6
186,3.8,0.0,65.0,30.9,19.5,14.6,10.0
187,5.7,0.0,63.1,34.4,18.9,11.9,10.4
188,6.7,0.0,65.0,30.3,19.7,13.0,9.5
189,5.8,0.0,71.2,23.4,18.1,14.0,8.6
190,6.0,0.0,58.7,13.4,17.7,12.4,7.7
191,5.4,0.0,68.8,19.5,20.8,11.9,10.9
192,5.9,0.1,33.5,25.7,19.9,13.5,9.8
193,4.8,0.0,63.0,24.6,19.7,14.2,8.2
194,3.1,0.0,72.2,28.3,19.1,13.0,9.2
195,1.3,0.0,78.8,13.2,21.7,12.8,8.9
196,4.9,0.0,73.6,11.6,21.4,8.5,9.0
197,4.5,0.0,72.0,13.4,21.7,10.6,8.5
198,1.9,0.0,77.2,11.1,22.6,14.0,11.1
199,4.3,0.0,71.2,6.1,21.0,12.2,8.0
200,2.1,0.0,72.1,14.1,23.7,10.8,9.1
201,2.7,0.0,76.4,14.1,21.4,11.9,9.4
202,5.5,0.0,72.1,21.1,21.2,10.1,8.4
203,8.0,0.0,70.5,8.2,21.0,11.4,8.4
204,6.9,0.0,78.9,19.3,20.7,12.3,7.7
205,7.3,0.0,74.8,20.5,19.4,12.1,6.8
206,5.3,0.0,62.8,11.3,20.3,11.0,8.5
207,7.4,0.0,54.8,1.8,18.5,10.7,8.2
208,3.9,0.0,73.8,17.2,18.8,11.8,7.9
209,16.6,0.0,76.3,30.8,20.2,10.4,10.0
210,14.7,0.0,73.3,26.1,18.2,10.0,9.2
211,10.1,0.1,63.3,26.8,20.1,12.1,8.2
212,4.6,0.0,54.0,24.5,19.3,12.3,7.8
213,8.3,0.0,80.6,26.0,19.0,13.0,10.1
214,2.4,0.0,76.2,16.7,20.1,12.1,6.9
215,2.2,0.0,76.4,17.6,21.4,11.2,9.4
216,1.2,0.0,71.5,11.4,23.3,11.3,7.8
217,1.0,0.1,62.8,7.5,18.8,9.3,8.8
218,1.6,0.1,70.6,13.4,18.5,11.7,9.3
219,1.4,0.3,67.4,12.8,18.8,9.8,10.0
220,3.9,0.0,53.3,8.8,23.5,10.7,9.4
221,4.9,0.0,78.0,28.7,21.6,11.8,7.4
222,3.0,0.1,76.8,18.7,21.2,13.0,8.9
223,3.0,0.1,67.0,14.8,21.3,12.3,10.3
224,4.7,0.0,58.2,11.9,21.6,11.9,9.2
225,3.2,0.1,72.4,15.7,23.5,14.0,7.5
226,2.2,0.1,64.9,12.4,21.8,10.0,10.1
227,0.9,0.1,70.7,10.3,20.7,11.4,9.7
228,0.9,0.1,70.7,10.3,20.7,11.4,9.7
229,3.1,0.1,67.1,24.4,19.6,11.7,9.0
230,5.8,0.0,65.2,15.1,22.6,12.4,9.4
231,3.8,0.0,63.1,19.0,21.6,13.0,8.8
232,1.6,0.0,70.6,8.8,22.6,11.0,7.9
233,5.4,0.1,42.0,6.9,16.0,12.6,8.2
234,5.6,0.1,60.3,20.8,18.1,11.2,9.5
235,4.6,0.0,57.0,24.3,18.3,13.1,7.2
236,3.4,0.1,59.5,15.8,19.2,12.1,8.6
237,6.0,0.0,69.5,35.0,21.3,14.5,9.2
238,4.8,0.0,72.3,34.1,18.8,14.5,10.0
239,14.3,0.0,70.4,33.5,20.4,9.6,8.7
240,14.3,0.0,70.4,33.5,20.4,9.6,8.7
241,7.7,0.0,71.6,30.9,18.0,10.1,8.7
242,10.3,0.0,81.2,33.8,18.0,11.5,10.1
243,12.4,0.0,77.3,23.8,17.6,10.6,9.5
244,5.4,0.0,75.9,17.8,15.7,10.2,7.9
245,8.5,0.0,63.9,32.1,19.0,11.1,7.9
246,10.2,0.0,77.8,17.7,20.8,11.5,9.8
247,4.3,0.0,29.4,28.7,16.6,12.2,8.7
248,4.5,0.1,48.5,19.9,16.1,11.0,9.5
249,6.1,0.1,39.2,33.4,17.7,10.0,9.2
250,7.0,0.0,77.5,16.4,19.5,12.6,8.8
251,18.0,0.0,67.6,24.5,16.6,10.2,8.2
252,5.0,0.1,63.7,23.2,17.2,12.0,7.7
253,2.6,0.3,68.3,13.1,18.1,12.2,8.5
254,3.3,0.1,71.5,19.9,15.4,9.9,8.6
255,4.4,0.0,80.2,20.8,20.2,12.0,9.7
256,3.7,0.0,78.6,17.9,19.6,11.4,10.7
257,5.1,0.0,80.7,5.8,18.3,11.5,8.6
258,2.5,0.0,77.6,9.9,18.7,11.0,10.1
259,7.5,0.1,55.0,12.0,18.2,12.1,8.4
260,10.2,0.2,45.5,15.7,16.8,8.6,7.8
261,4.7,0.1,21.6,9.2,14.4,11.9,9.3
262,8.7,0.0,34.4,6.6,17.0,12.4,10.7
263,9.1,0.1,28.8,6.7,15.6,11.6,9.2
264,2.9,0.0,28.9,5.3,12.8,12.1,8.5
265,20.1,0.1,57.1,10.8,17.6,10.8,7.4
266,1.2,0.0,26.3,4.4,9.2,12.4,8.8
267,1.0,0.3,10.1,13.5,11.0,11.8,9.5
268,9.4,0.0,31.6,12.9,17.2,11.4,9.6
269,3.0,0.1,8.7,16.4,14.0,10.4,10.3
270,5.1,0.0,48.9,10.5,13.8,9.8,7.4
271,7.2,0.0,67.5,11.1,15.4,11.6,8.0
272,6.3,0.0,71.9,30.1,20.3,11.1,7.5
273,2.0,0.1,72.6,26.1,19.1,11.2,9.0
274,4.1,0.0,60.7,28.7,18.3,12.3,8.0
275,1.9,0.0,69.4,16.4,20.4,11.6,8.0
276,1.5,0.0,69.3,10.8,24.1,11.8,9.1
277,1.8,0.1,70.1,8.8,20.4,10.9,7.6
278,3.3,0.1,67.4,12.5,21.4,10.8,8.0
279,5.5,0.0,63.3,13.8,23.4,9.4,8.7
280,3.1,0.1,59.3,9.1,22.1,10.6,7.9
281,2.8,0.0,76.3,17.0,21.7,10.6,8.8
282,3.0,0.0,54.0,9.6,19.9,10.8,9.1
283,4.5,0.0,67.3,17.6,21.0,12.6,8.1
284,4.5,0.0,67.3,17.6,21.0,12.6,8.1
285,5.2,0.0,63.1,19.2,21.7,11.7,9.7
286,7.2,0.0,51.0,20.1,20.7,11.8,9.7
287,2.7,0.0,67.6,16.0,20.3,12.7,9.6
288,3.2,0.0,71.9,18.9,20.0,12.5,7.9
289,2.5,0.0,71.8,15.9,21.0,10.1,7.6
290,1.5,0.0,70.2,11.7,20.4,9.0,9.2
291,6.9,0.0,72.3,23.9,19.0,11.9,9.7
292,2.1,0.1,69.2,14.1,19.3,9.8,9.2
293,1.9,0.0,72.8,17.1,18.3,9.4,9.5
294,4.2,0.1,45.9,10.0,23.4,10.9,7.8
295,4.2,0.1,45.9,10.0,23.4,10.9,7.8
296,5.2,0.1,65.0,19.0,19.0,12.0,6.0
297,5.3,0.0,60.9,18.7,23.6,11.6,10.4
298,3.4,0.0,66.6,15.3,20.6,10.6,7.5
299,8.4,0.0,45.8,9.0,22.8,13.0,8.8
300,2.3,0.0,71.3,10.6,22.3,11.5,7.4
301,3.4,0.0,72.5,13.2,21.5,10.6,7.5
302,1.7,0.1,73.6,9.8,22.2,11.7,7.8
303,3.6,0.0,73.1,14.1,22.1,10.7,8.2
304,3.4,0.0,71.1,15.1,20.6,9.0,8.4
305,4.6,0.0,60.1,8.2,20.3,11.2,7.8
306,6.0,0.0,61.5,12.6,23.0,12.2,10.5
307,5.3,0.1,50.2,9.2,20.8,10.9,8.8
308,5.2,0.0,71.6,21.9,22.4,10.8,7.1
309,3.9,0.0,64.4,6.7,21.6,11.8,9.4
310,5.2,0.0,75.9,22.0,20.5,9.9,8.4
311,4.9,0.0,69.1,17.8,18.9,11.1,8.3
312,5.7,0.0,74.5,18.4,22.7,10.2,8.8
313,2.6,0.1,63.0,14.5,22.1,11.2,9.1
314,1.3,0.1,72.6,8.9,19.8,9.6,8.5
315,1.4,0.2,69.7,10.8,19.0,8.6,5.8
316,2.1,0.1,67.8,12.8,19.7,12.7,6.8
317,6.5,0.1,60.4,31.2,21.0,12.7,9.1
318,4.0,0.3,64.0,20.2,21.7,12.9,8.3
319,3.9,0.1,56.9,33.2,20.2,11.7,8.4
320,4.0,0.4,62.1,25.9,20.9,9.7,8.4
321,5.0,0.3,64.4,27.3,20.3,11.3,8.9
322,59.7,0.1,54.5,13.7,15.7,10.7,8.9
323,50.5,0.0,48.7,14.7,15.7,12.1,9.0
324,19.3,0.0,74.6,27.7,19.7,11.1,9.6
325,17.7,0.0,77.0,28.9,19.2,9.8,6.6
326,15.7,0.0,77.4,32.4,19.2,13.3,9.5
327,15.7,0.0,77.4,32.4,19.2,13.3,9.5
328,4.7,0.1,73.1,13.2,23.0,11.5,10.2
329,4.5,0.1,74.7,18.2,20.4,11.6,8.1
330,13.6,0.0,70.2,17.3,20.6,12.2,9.0
331,6.4,0.0,77.2,14.9,21.2,11.6,9.2
332,6.4,0.0,77.2,14.9,21.2,11.6,9.2
333,37.3,0.0,63.6,33.5,22.0,11.6,6.9
334,21.1,0.0,68.9,27.9,21.6,12.6,9.9
335,21.1,0.0,68.9,27.9,21.6,12.6,9.9
336,25.5,0.0,66.6,26.9,24.0,11.9,9.9
337,25.5,0.0,66.6,26.9,24.0,11.9,9.9
338,6.7,0.0,76.4,17.8,19.4,14.1,7.0
339,6.7,0.0,76.4,17.8,19.4,14.1,7.0
340,3.9,0.1,54.6,31.5,19.7,11.7,10.3
341,3.4,0.0,65.5,33.8,19.5,14.9,11.3
342,4.9,0.1,66.8,21.4,22.1,12.9,9.8
343,2.4,0.1,73.7,14.6,18.2,10.8,9.1
344,1.7,0.1,71.1,12.0,21.3,10.1,9.8
345,3.2,0.0,65.2,15.5,18.7,12.1,9.2
346,2.5,0.0,71.7,14.7,18.5,11.6,8.1
347,1.9,0.1,61.3,8.0,16.7,12.6,8.4
348,2.7,0.1,66.9,14.4,22.7,9.8,8.7
349,3.3,0.0,67.1,15.7,20.4,11.6,10.0
350,1.7,0.1,71.1,12.6,19.4,11.8,9.2
351,4.3,0.0,68.3,18.0,17.7,13.9,9.3
352,1.5,0.1,67.4,14.9,21.5,10.6,8.8
353,2.5,0.2,68.6,14.8,17.0,11.3,8.2
354,6.9,0.1,54.2,18.1,18.4,12.5,7.0
355,2.1,0.0,74.1,18.6,20.5,12.1,9.4
356,1.8,0.0,73.5,17.5,20.0,13.1,9.3
357,3.9,0.0,50.9,7.5,18.2,9.4,9.2
358,1.9,0.3,66.7,11.1,20.7,9.5,9.0
359,4.4,0.1,61.7,16.1,17.4,11.2,9.8
360,2.6,0.0,65.3,31.3,19.5,10.9,8.8
361,1.6,0.2,70.9,10.6,22.2,12.0,9.1
362,1.3,0.1,64.3,11.0,20.9,10.6,8.0
363,3.1,0.1,64.7,15.7,20.1,13.0,7.2
364,5.4,0.0,53.7,16.7,15.6,13.1,7.8
365,1.5,0.3,73.1,15.8,20.0,8.8,7.4
366,4.4,0.0,49.7,4.4,19.4,12.4,9.7
367,3.2,0.2,68.9,18.7,21.2,10.6,7.7
368,2.1,0.3,68.7,10.4,20.4,10.7,8.4
369,4.3,0.0,61.8,14.4,22.8,14.6,7.6
370,2.0,0.1,67.2,9.1,22.1,9.6,9.1
371,2.4,0.2,67.2,12.9,20.4,10.7,7.0
372,1.5,0.6,67.7,8.1,19.6,11.6,9.5
373,2.9,0.0,59.1,9.7,19.6,12.7,9.0
374,2.9,0.1,57.6,13.8,20.6,11.8,9.3
375,3.6,0.0,48.3,9.8,21.9,10.0,8.9
376,2.0,0.1,61.7,8.8,16.0,9.8,8.0
377,2.3,0.0,57.1,9.5,21.2,10.8,9.0
378,2.5,0.1,58.1,25.5,20.6,12.4,9.4
379,1.9,0.1,73.3,24.9,16.9,12.6,6.7
380,2.3,0.2,72.0,11.2,21.0,12.3,8.4
381,6.5,0.0,48.6,21.1,23.3,13.5,8.1
382,3.3,0.1,67.3,16.8,22.7,10.7,9.8
383,2.1,0.1,68.2,22.1,22.4,11.9,7.4
384,1.6,0.3,64.3,10.5,21.7,10.5,9.3
385,1.7,0.1,68.5,9.0,23.2,8.5,9.8
386,2.3,0.1,52.1,3.4,20.7,10.7,8.4
387,3.3,0.0,52.8,6.0,19.0,12.5,9.5
388,3.5,0.0,63.5,23.8,22.2,13.4,8.9
389,4.8,0.0,58.5,16.6,20.6,12.1,7.4
390,3.7,0.0,49.2,2.9,23.7,10.7,10.9
391,1.8,0.4,66.8,5.6,21.0,10.6,8.3
392,2.5,0.1,51.7,6.2,21.2,13.7,9.3
393,2.0,0.3,73.2,11.1,19.9,12.3,11.2
394,4.8,0.0,73.4,25.1,16.0,10.6,12.3
395,5.5,0.1,66.6,23.6,14.9,12.7,8.6
396,8.1,0.2,69.9,29.5,18.8,12.1,9.0
397,6.9,0.0,68.7,33.6,18.2,14.2,9.7
398,4.0,0.1,71.0,31.2,20.9,13.0,9.9
399,11.4,0.1,74.7,27.5,18.9,14.3,8.3
400,15.6,0.0,59.9,35.6,21.8,13.4,10.6
401,7.7,0.0,48.3,20.4,20.7,13.0,8.7
402,6.1,0.0,71.7,30.5,19.4,12.3,10.0
403,3.6,0.0,71.1,18.5,19.9,9.8,8.4
404,5.3,0.0,67.9,23.1,19.5,11.0,7.7
405,7.5,0.0,74.2,32.4,21.2,10.0,9.7
406,7.5,0.0,74.2,32.4,21.2,10.0,9.7
407,18.1,0.1,50.2,13.0,18.7,13.7,10.0
408,2.7,0.0,70.0,11.6,17.6,9.7,8.8
409,20.5,0.0,78.8,15.3,19.0,11.5,10.0
410,28.0,0.1,64.4,16.8,18.3,15.0,10.9
411,3.5,0.1,72.4,25.4,22.3,12.4,9.3
412,4.1,0.2,59.9,33.9,19.6,14.8,10.2
413,3.4,0.2,65.2,28.7,19.7,11.6,10.8
414,2.2,0.3,64.8,21.9,15.5,12.0,7.5
415,3.2,0.1,63.1,24.5,22.7,10.6,9.5
416,3.1,0.3,66.5,28.0,22.8,12.4,9.6
417,4.2,0.0,50.2,19.4,20.5,13.2,9.0
418,3.1,0.3,72.1,28.6,18.7,11.7,9.9
419,4.1,0.2,53.3,28.0,17.1,12.5,9.5
420,5.3,0.4,59.8,32.6,18.5,11.9,10.6
421,1.5,0.0,69.5,10.7,19.7,9.4,10.0
422,0.9,0.0,73.7,8.8,20.9,12.0,8.3
423,4.9,0.0,70.0,27.0,22.0,12.1,9.8
424,5.3,0.0,63.1,30.3,22.4,11.6,9.3
425,3.2,0.0,69.9,17.2,22.1,12.7,7.6
426,7.3,0.0,45.4,12.5,22.3,10.4,8.6
427,5.8,0.0,69.7,33.0,22.0,11.0,8.9
428,3.8,0.0,72.1,19.2,23.1,12.7,7.9
429,2.3,0.0,75.3,17.9,22.1,12.7,9.5
430,3.4,0.0,72.5,18.8,20.1,14.3,7.8
431,4.4,0.2,69.0,24.7,16.6,12.5,9.7
432,0.9,0.1,68.0,15.8,18.8,10.6,10.4
433,2.1,0.1,66.3,14.3,18.5,12.5,8.3
434,0.9,0.2,67.3,13.7,20.8,11.4,8.6
435,0.7,0.1,71.5,11.5,19.7,12.6,9.0
436,1.6,0.0,69.1,19.9,20.0,11.6,8.5
437,3.6,0.0,73.7,20.3,19.8,9.9,6.3
438,1.3,0.1,57.6,10.5,17.6,10.9,9.0
439,7.6,0.1,62.5,30.7,18.8,10.0,11.0
440,7.2,0.3,59.7,19.2,19.5,11.8,7.7
441,3.0,0.2,58.3,11.5,17.7,12.9,7.3
442,2.2,1.2,71.5,19.3,18.5,11.4,7.3
443,3.8,0.3,70.7,27.7,16.7,12.4,8.2
444,7.6,0.1,63.3,16.4,18.3,10.3,11.1
445,3.0,0.1,41.1,12.9,18.2,11.6,9.0
446,5.4,0.2,70.2,26.4,19.1,11.5,8.8
447,0.9,0.2,65.9,9.1,20.3,11.3,9.6
448,1.1,0.1,63.2,15.5,17.0,12.1,9.7
449,3.2,0.2,64.1,15.2,19.2,12.0,9.4
450,0.7,0.1,70.1,8.4,18.4,10.7,8.6
451,2.6,0.3,65.8,25.2,19.2,9.3,10.3
452,5.7,0.5,60.1,11.6,17.8,10.1,9.3
453,4.2,0.3,58.8,24.7,19.1,12.5,9.4
454,2.5,0.1,73.3,19.5,19.8,10.9,9.7
455,7.1,0.0,58.8,13.8,19.0,11.3,10.9
456,7.3,0.1,44.6,27.6,17.5,11.8,7.4
457,6.1,0.3,62.5,27.3,17.4,11.1,9.0
458,2.8,0.2,59.7,22.0,18.1,9.0,8.3
459,4.7,0.2,56.6,23.9,17.5,9.7,9.9
460,2.8,0.0,56.9,26.0,21.6,11.1,10.7
461,7.3,0.1,60.9,12.9,16.9,11.2,9.5
462,9.8,0.0,35.4,1.5,15.7,12.5,7.2
463,5.4,0.1,42.8,8.0,17.1,12.8,9.9
464,11.5,0.1,57.2,1.5,20.5,12.9,8.1
465,10.8,0.1,61.8,3.8,21.1,10.5,9.9
466,2.5,0.1,46.0,20.4,15.4,11.1,10.3
467,12.1,0.1,54.5,1.9,17.1,11.5,8.5
468,7.8,0.2,60.2,1.4,19.4,12.6,8.1
469,11.2,0.1,58.1,2.3,16.0,10.3,11.0
470,7.0,0.1,51.9,12.6,18.3,13.1,11.1
471,2.6,0.0,49.3,20.0,19.3,9.3,9.0
472,2.6,0.1,58.0,28.2,18.8,12.7,7.9
473,2.4,0.3,60.1,29.9,16.4,9.9,7.7
474,6.1,0.1,55.1,14.1,17.8,12.2,9.3
475,7.3,0.1,67.0,13.9,22.0,13.1,11.6
476,11.9,0.0,62.2,9.1,16.5,12.7,10.2
477,7.4,0.0,53.6,3.5,16.3,8.3,7.8
478,4.1,0.0,34.0,3.5,17.6,10.8,9.3
479,5.6,0.1,42.6,15.1,16.9,11.9,9.3
480,4.9,0.0,52.3,4.7,20.7,12.0,8.9
481,4.9,0.0,52.9,23.8,19.7,10.1,9.5
482,9.9,0.0,59.9,11.6,16.4,10.3,10.0
483,7.0,0.0,48.9,1.7,14.8,11.1,9.0
484,5.7,0.0,21.0,12.0,19.2,13.2,9.4
485,4.6,0.1,55.2,31.8,17.7,11.8,10.3
486,10.0,0.3,62.9,23.7,20.9,9.9,7.8
487,8.6,0.0,35.0,9.6,16.0,9.4,9.5
488,5.2,0.0,61.8,8.7,14.3,12.1,9.5
489,9.2,0.0,64.7,4.1,15.6,11.5,11.8
490,10.8,0.1,33.3,22.2,19.9,9.5,9.6
491,3.0,0.0,57.5,38.1,20.4,9.8,10.4
492,2.4,0.1,70.0,19.1,18.7,12.4,12.4
493,7.4,0.1,40.2,13.5,16.6,10.7,8.6
494,7.5,0.1,47.3,25.3,17.4,9.2,10.2
495,15.1,0.0,64.1,5.6,14.3,14.3,9.0
496,6.1,0.1,42.3,8.8,20.0,9.9,11.3
497,6.3,0.1,46.4,7.0,17.4,12.0,8.8
498,13.8,0.0,58.4,3.0,14.1,14.1,9.0
499,12.7,0.1,59.8,6.2,19.3,11.8,8.5
500,5.1,0.1,61.3,11.1,20.5,13.2,11.2
501,7.2,0.3,42.2,21.6,14.4,10.4,10.7
502,8.7,0.1,52.2,5.3,17.1,11.2,9.0
503,9.3,0.0,49.9,11.7,17.7,13.2,10.5
504,7.7,0.1,51.4,25.6,18.9,11.2,8.5
505,8.9,0.0,66.1,25.4,16.4,10.7,7.7
506,4.8,0.2,67.5,19.9,18.9,10.5,11.0
507,3.8,0.1,71.4,26.0,20.2,13.7,10.2
508,6.5,0.1,64.8,28.7,15.0,11.6,11.3
509,10.1,0.1,65.6,27.8,18.7,12.7,10.6
510,8.3,0.0,62.7,36.1,17.8,13.5,9.5
511,6.2,0.0,64.8,33.5,20.5,10.4,8.1
512,3.6,0.0,72.6,31.0,23.1,12.1,10.6
513,5.2,0.0,62.1,31.1,18.9,12.1,8.1
514,5.7,0.0,65.4,12.2,17.5,10.5,12.0
515,4.8,0.0,67.3,24.6,17.1,13.1,9.0
516,14.0,0.0,70.3,29.7,18.3,11.4,9.6
517,2.2,0.1,64.1,17.5,22.4,13.9,9.9
518,4.2,0.0,61.2,17.6,20.6,11.3,10.0
519,3.5,0.1,68.4,15.1,19.5,13.2,8.1
520,5.0,0.0,62.5,18.0,21.9,10.4,11.4
521,3.6,0.1,49.0,9.6,21.7,10.0,10.5
522,4.6,0.0,71.6,21.9,19.7,9.5,9.3
523,7.8,0.0,66.1,22.6,20.7,11.2,8.5
524,3.9,0.1,70.2,17.3,19.7,11.7,10.0
525,7.3,0.2,55.9,17.9,19.1,13.0,7.2
526,1.6,0.2,78.6,16.8,22.2,10.1,11.4
527,1.6,0.2,78.6,16.8,22.2,10.1,11.4
528,5.5,0.2,71.7,18.8,21.4,10.9,9.7
529,4.9,0.2,63.5,15.2,18.0,12.5,9.9
530,5.8,0.1,48.3,12.9,18.6,12.4,8.7
531,4.0,0.0,64.4,18.0,17.3,12.6,9.1
532,8.3,0.1,70.0,19.7,19.0,10.6,7.3
533,3.7,0.4,75.2,13.9,21.2,11.6,9.3
534,8.5,0.0,74.6,17.6,18.6,9.9,11.1
535,7.1,0.1,68.8,17.6,19.0,11.5,10.6
536,7.1,0.2,51.6,14.3,20.3,12.1,8.5
537,9.0,0.0,73.6,20.8,19.1,9.1,9.8
538,7.5,0.1,61.0,17.8,15.3,11.2,9.4
539,6.5,0.1,60.7,21.0,16.2,11.6,9.6
540,6.5,0.0,45.7,17.6,19.4,11.7,8.1
541,11.8,0.1,61.9,24.1,20.7,9.4,11.1
542,13.6,0.1,67.3,31.1,18.4,11.3,10.3
543,10.3,0.1,48.3,21.1,21.6,10.7,9.2
544,3.2,0.2,59.7,15.7,22.1,11.8,8.9
545,1.7,0.1,54.2,10.7,21.0,11.3,9.3
546,2.0,0.0,65.3,19.2,17.7,11.7,9.6
547,5.4,0.1,61.3,13.3,20.7,9.5,10.1
548,5.2,0.0,45.9,14.3,16.9,11.7,9.7
549,7.2,0.1,61.8,23.5,17.7,13.5,9.1
550,6.4,0.1,66.2,25.6,16.0,9.5,10.5
551,1.8,0.0,62.8,11.4,17.9,11.1,7.9
552,2.0,0.1,72.1,16.2,17.9,12.3,9.6
553,3.0,0.1,67.2,16.4,19.2,10.5,7.8
554,6.8,0.0,62.8,21.4,16.8,11.1,9.0
555,2.4,0.0,63.5,10.8,18.7,11.2,8.0
556,4.1,0.0,62.7,13.1,16.5,12.3,8.9
557,0.8,0.1,68.4,11.7,18.3,12.1,11.0
558,9.8,0.0,53.5,8.6,18.2,10.5,9.6
559,9.8,0.0,53.5,8.6,18.2,10.5,9.6
560,7.4,0.0,60.0,12.6,18.3,13.4,9.4
561,1.9,0.2,70.1,21.8,18.0,11.2,7.3
562,3.7,0.0,65.9,18.7,17.7,11.1,9.4
563,5.9,0.0,59.5,22.0,21.7,10.4,9.4
564,5.2,0.0,61.5,12.5,21.4,10.1,8.0
565,6.9,0.0,74.2,27.6,21.7,10.2,9.3
566,1.9,0.0,44.6,27.0,18.2,11.7,8.2
567,3.6,0.0,54.3,25.6,20.2,12.0,8.1
568,11.0,0.0,79.8,25.7,20.9,13.8,10.4
569,3.8,0.0,42.1,17.8,15.6,11.5,9.2
570,3.8,0.0,59.9,23.0,17.8,12.5,9.7
571,11.1,0.0,70.4,16.8,19.2,12.0,8.4
572,12.9,0.0,70.4,25.4,22.6,11.4,9.5
573,1.9,0.0,65.9,11.2,22.1,9.8,9.2
574,2.7,0.0,63.9,12.4,21.2,10.3,8.6
575,10.6,0.0,80.7,31.5,21.4,11.5,7.3
576,1.5,0.1,74.1,10.2,21.1,11.0,9.2
577,4.6,0.0,71.9,13.9,22.3,11.6,7.7
578,2.4,0.0,65.9,8.6,21.4,12.1,9.4
579,3.5,0.0,75.2,16.6,21.7,11.9,6.7
580,3.5,0.0,75.2,16.6,21.7,11.9,6.7
581,6.3,0.0,70.6,18.1,21.2,10.6,8.2
582,2.3,0.0,70.0,10.3,21.1,11.0,7.9
583,1.8,0.0,73.0,12.5,19.6,9.9,8.2
584,3.0,0.0,68.8,14.4,21.1,9.1,10.1
585,4.9,0.0,71.2,18.1,18.5,12.4,9.4
586,1.9,0.0,71.4,11.2,22.2,10.7,11.5
587,7.8,0.0,52.2,5.7,21.9,9.2,8.1
588,1.2,0.1,70.5,10.8,23.2,12.2,8.7
589,3.2,0.0,73.5,16.4,22.0,11.0,10.2
590,4.4,0.0,70.6,16.1,20.7,8.7,7.4
591,5.7,0.0,68.6,20.7,21.1,11.0,9.1
592,2.2,0.0,70.8,12.5,20.0,10.1,7.6
593,2.9,0.0,66.5,11.4,21.9,13.3,7.0
594,3.7,0.0,66.8,14.3,23.6,9.4,10.4
595,8.8,0.0,66.5,24.5,22.3,11.2,10.8
596,3.0,0.0,66.8,12.0,20.5,11.4,9.3
597,1.1,0.1,67.3,9.8,22.1,10.7,9.6
598,1.1,0.1,67.3,9.8,22.1,10.7,9.6
599,1.8,0.0,68.9,14.8,19.5,11.1,8.4
600,4.1,0.1,60.2,18.1,20.0,11.6,8.2
601,2.8,0.0,70.0,20.0,19.7,11.7,9.0
602,0.6,0.1,70.5,6.7,19.9,7.9,10.2
603,3.4,0.0,60.4,15.7,18.6,10.2,8.4
604,3.0,0.1,69.1,25.6,18.2,10.6,9.2
605,6.9,0.1,52.9,13.7,17.7,10.3,7.7
606,1.2,0.2,66.7,15.9,15.9,12.3,6.7
607,2.0,0.0,64.6,14.1,16.4,10.6,8.9
608,0.9,0.1,64.5,11.6,19.1,8.5,10.4
609,1.6,0.1,68.7,20.1,18.1,9.6,9.0
610,3.6,0.1,70.7,29.3,19.9,11.9,11.0
611,1.0,0.0,71.9,16.5,20.0,14.0,8.2
612,7.1,0.1,76.2,28.3,19.0,9.8,9.1
613,32.6,0.0,59.2,30.8,17.3,11.9,9.9
614,27.7,0.0,64.8,27.4,18.6,11.3,8.8
615,18.9,0.0,61.0,29.8,18.1,12.5,11.5
616,11.7,0.0,75.2,33.0,23.4,13.6,10.6
617,22.8,0.0,68.2,20.9,20.1,11.2,9.4
618,38.9,0.0,56.2,16.8,18.0,11.5,8.7
619,4.3,0.0,62.9,29.4,18.2,13.8,12.0
620,5.6,0.0,62.5,33.3,17.8,12.4,10.7
621,6.6,0.0,62.5,28.8,19.4,12.7,10.5
622,4.8,0.1,71.5,20.9,17.3,13.1,11.4
623,7.3,0.1,59.3,10.6,18.9,12.0,10.5
624,4.8,0.1,69.4,16.9,16.8,12.2,9.6
625,6.6,0.1,33.1,19.5,16.3,12.6,10.5
626,5.5,0.0,62.1,20.6,17.9,11.8,12.3
627,3.4,0.0,70.9,25.9,18.4,10.4,11.6
628,1.9,0.0,78.7,12.4,21.1,11.3,9.4
629,4.5,0.1,72.9,13.8,20.7,9.4,9.5
630,4.7,0.0,71.1,15.8,21.5,12.8,8.1
631,2.3,0.0,76.3,12.8,21.3,9.7,9.7
632,3.6,0.0,69.5,7.0,21.5,8.7,8.9
633,2.4,0.0,69.7,14.3,20.2,11.7,9.5
634,2.4,0.0,76.6,15.5,22.4,13.1,9.0
635,5.5,0.0,72.2,23.0,22.0,11.2,7.8
636,7.8,0.0,67.3,11.3,21.2,10.0,8.7
637,6.1,0.0,79.7,21.7,19.9,12.0,8.3
638,6.9,0.0,76.1,22.3,18.0,10.4,7.7
639,5.6,0.1,63.9,13.7,22.5,13.0,9.0
640,4.5,0.0,53.6,2.5,20.2,11.5,8.6
641,7.3,0.0,54.5,13.5,18.7,11.0,7.1
642,4.7,0.0,73.7,17.9,20.0,12.9,8.7
643,16.3,0.0,76.9,31.6,17.7,13.5,7.4
644,14.6,0.0,75.2,25.2,17.5,12.1,9.0
645,10.6,0.0,63.0,28.6,18.5,11.1,9.5
646,4.9,0.0,53.8,27.3,18.7,11.1,10.1
647,7.8,0.1,80.8,28.8,20.1,12.6,10.2
648,2.4,0.0,76.3,16.4,20.2,11.4,8.8
649,1.9,0.1,76.6,19.7,20.7,12.5,9.6
650,1.5,0.2,68.9,10.9,18.4,10.5,8.3
651,1.5,0.2,68.9,10.9,18.4,10.5,8.3
652,0.7,0.1,62.7,8.2,18.0,9.8,9.3
653,0.9,0.1,71.8,13.9,15.5,9.6,7.8
654,1.1,0.2,66.8,14.5,18.6,12.6,10.3
655,3.6,0.0,51.0,9.0,22.1,12.0,8.9
656,6.5,0.0,79.4,26.9,20.7,12.9,11.4
657,3.4,0.0,77.1,21.2,19.9,12.0,9.0
658,2.9,0.1,66.7,15.6,18.5,11.8,6.7
659,5.0,0.1,56.6,11.4,21.0,12.1,8.0
660,3.7,0.0,71.3,16.9,21.6,11.6,7.0
661,2.3,0.2,65.5,13.4,20.1,10.1,10.7
662,1.0,0.2,69.3,13.2,18.6,13.7,9.7
663,3.1,0.1,66.4,25.8,20.1,12.5,7.5
664,4.9,0.0,65.0,16.8,22.2,11.7,8.1
665,3.8,0.0,62.8,18.5,19.6,12.3,8.8
666,2.5,0.1,70.0,11.2,21.5,11.6,8.7
667,4.8,0.2,39.4,13.3,17.5,11.2,9.0
668,4.1,0.1,61.1,26.2,16.6,11.1,9.8
669,4.6,0.0,55.5,29.8,18.8,13.3,8.7
670,4.1,0.1,57.9,23.0,19.3,11.8,8.7
671,5.9,0.0,69.6,32.9,20.1,12.3,10.9
672,4.3,0.0,70.8,33.0,21.5,12.9,8.5
673,15.4,0.0,68.8,29.4,20.5,11.7,10.1
674,10.6,0.0,70.6,27.3,20.1,9.6,10.5
675,9.6,0.0,80.2,31.8,21.1,11.5,11.5
676,12.7,0.0,74.8,19.7,17.1,11.1,8.2
677,5.1,0.0,74.6,15.8,18.2,13.0,6.8
678,8.0,0.0,61.6,30.2,20.5,10.8,8.5
679,9.0,0.0,77.2,16.2,18.1,11.3,8.0
680,4.5,0.0,27.8,27.9,16.6,10.5,9.3
681,4.7,0.0,45.9,20.9,14.2,10.3,9.2
682,5.5,0.0,37.7,31.6,16.5,12.7,9.8
683,7.4,0.0,75.8,14.5,17.8,10.6,9.2
684,18.4,0.0,64.2,24.6,19.7,11.2,9.7
685,5.4,0.1,62.1,23.1,21.0,12.4,9.2
686,2.5,0.4,68.4,12.7,18.3,10.6,11.4
687,3.4,0.2,70.8,19.6,16.6,10.3,7.9
688,5.1,0.0,79.0,21.6,19.9,8.7,9.1
689,3.7,0.1,78.0,20.3,15.5,10.6,9.3
690,5.3,0.0,80.7,6.3,17.5,7.6,9.6
691,1.9,0.0,78.4,10.7,17.8,8.9,8.7
692,7.8,0.0,54.4,9.1,16.6,12.3,8.9
693,10.1,0.0,46.2,15.8,16.5,9.8,7.5
694,4.6,0.0,21.7,4.8,16.0,11.4,9.6
695,8.3,0.1,32.4,6.8,15.4,12.6,9.3
696,9.4,0.0,28.2,5.9,18.6,10.4,8.6
697,3.1,0.0,30.7,2.9,13.9,11.0,8.0
698,20.0,0.1,56.5,8.8,18.3,8.4,9.0
699,1.0,0.0,26.8,2.6,12.3,11.9,10.3
700,0.8,0.1,8.8,11.5,8.1,10.5,10.8
701,7.2,0.0,28.9,10.4,16.8,11.8,10.3
702,2.8,0.2,8.6,8.1,9.7,10.7,10.8
703,4.7,0.2,48.4,9.3,12.1,10.8,10.8
704,7.9,0.0,66.3,11.8,16.9,13.1,8.4
705,7.5,0.0,71.7,29.3,19.1,10.8,9.3
706,2.1,0.0,71.7,24.9,18.9,7.9,10.8
707,3.9,0.0,60.7,28.2,21.3,11.3,8.7
708,2.4,0.0,69.7,15.8,20.0,12.9,8.6
709,1.5,0.0,68.1,11.7,23.4,10.6,7.9
710,1.8,0.1,68.9,10.8,21.0,9.7,8.8
711,2.9,0.0,66.9,13.7,22.2,13.1,8.5
712,5.2,0.0,63.9,14.6,22.6,14.3,9.9
713,2.6,0.0,58.9,10.8,23.3,9.7,8.1
714,3.2,0.0,77.6,17.1,21.7,11.2,8.2
715,2.6,0.0,54.1,10.6,21.2,11.7,8.4
716,4.7,0.0,65.9,19.7,17.6,11.7,9.7
717,4.7,0.0,65.9,19.7,17.6,11.7,9.7
718,4.3,0.1,62.5,18.4,17.6,12.0,9.5
719,9.1,0.0,49.9,19.3,18.8,11.8,10.8
720,2.6,0.1,67.6,16.6,19.7,8.8,9.6
721,3.4,0.0,71.5,19.2,19.5,10.7,9.6
722,3.0,0.0,69.8,17.9,19.1,9.0,7.0
723,1.5,0.0,67.8,14.6,21.0,10.7,10.2
724,8.2,0.0,70.6,24.6,19.2,11.1,9.5
725,1.8,0.0,68.3,14.5,19.6,12.2,10.0
726,1.4,0.1,71.2,19.7,20.4,11.2,9.0
727,4.1,0.1,43.5,10.1,22.0,11.6,8.6
728,5.1,0.0,63.8,22.4,17.0,11.1,8.3
729,5.4,0.0,59.6,16.6,20.8,11.2,8.9
730,3.3,0.1,66.2,15.3,20.1,11.8,8.1
731,7.8,0.0,44.1,8.9,23.0,12.6,9.4
732,2.7,0.0,69.6,12.0,23.3,10.4,8.6
733,3.3,0.0,71.4,13.5,21.1,11.0,8.7
734,1.6,0.1,73.8,10.9,23.2,11.2,8.3
735,3.0,0.0,72.3,15.2,22.9,12.4,7.3
736,4.6,0.1,68.5,15.8,21.4,13.2,9.0
737,4.6,0.1,68.5,15.8,21.4,13.2,9.0
738,4.1,0.0,58.5,8.2,21.1,11.7,9.6
739,5.4,0.0,61.6,12.5,22.0,10.7,9.0
740,4.8,0.0,48.9,8.7,20.7,11.6,8.6
741,5.7,0.0,71.2,23.0,18.9,13.8,6.9
742,3.4,0.0,63.6,7.5,21.8,12.8,8.7
743,4.9,0.0,75.6,20.5,19.9,12.3,7.6
744,4.5,0.0,67.7,19.0,22.8,12.0,7.4
745,4.8,0.0,75.1,21.1,22.1,10.6,9.0
746,2.6,0.2,62.8,15.0,21.5,10.5,7.5
747,1.0,0.3,70.4,10.4,20.5,9.3,9.3
748,1.6,0.2,68.9,12.2,20.0,9.2,8.3
749,2.0,0.1,66.6,14.2,19.2,10.3,7.9
750,2.7,0.0,57.7,14.0,20.5,12.5,7.5
751,6.8,0.1,60.0,30.8,18.1,10.7,9.5
752,4.0,0.1,63.5,23.8,19.3,11.8,10.1
753,4.0,0.3,55.0,29.1,21.4,11.3,9.3
754,3.4,0.3,62.4,27.8,19.5,9.3,9.4
755,4.0,0.2,63.1,28.0,20.8,9.8,10.3
756,61.8,0.0,55.5,11.8,20.6,11.1,9.8
757,52.7,0.1,49.0,14.5,16.2,12.5,8.6
758,52.7,0.1,49.0,14.5,16.2,12.5,8.6
759,4.0,0.0,71.1,14.0,21.0,9.4,7.0
760,20.1,0.0,74.4,25.8,20.0,10.1,7.8
761,18.2,0.0,78.4,28.6,18.6,10.5,9.6
762,15.7,0.0,74.8,29.6,20.4,11.3,10.6
763,15.7,0.0,74.8,29.6,20.4,11.3,10.6
764,4.7,0.0,71.9,13.6,20.3,9.9,9.2
765,4.5,0.1,74.4,18.8,20.9,12.2,8.8
766,13.6,0.0,71.9,18.7,20.7,11.8,11.6
767,7.0,0.0,77.2,16.8,20.3,10.2,7.9
768,7.0,0.0,77.2,16.8,20.3,10.2,7.9
769,20.2,0.0,68.8,25.7,19.6,10.5,8.6
770,20.2,0.0,68.8,25.7,19.6,10.5,8.6
771,23.7,0.0,64.7,25.4,20.1,11.4,9.9
772,23.7,0.0,64.7,25.4,20.1,11.4,9.9
773,6.6,0.0,75.2,19.2,21.0,10.4,8.9
774,6.6,0.0,75.2,19.2,21.0,10.4,8.9
775,3.3,0.1,52.8,30.3,20.4,12.4,11.8
776,2.9,0.2,64.8,30.9,18.5,12.1,11.0
777,6.0,0.0,67.5,21.9,19.1,12.3,10.0
778,2.2,0.0,72.1,17.4,21.5,11.7,7.3
779,1.7,0.0,72.0,13.7,19.0,11.5,8.4
780,3.1,0.0,64.3,15.8,20.6,10.7,10.2
781,3.5,0.0,71.8,13.6,17.2,8.7,11.4
782,2.3,0.1,58.6,10.4,19.9,10.5,8.8
783,3.0,0.1,69.7,15.0,18.1,12.8,8.7
784,3.3,0.0,68.2,17.2,20.4,12.1,7.8
785,1.9,0.1,69.7,13.0,19.6,10.4,7.0
786,4.3,0.1,68.6,18.9,20.0,12.1,10.1
787,1.6,0.0,68.7,15.1,21.2,11.1,8.3
788,2.4,0.1,67.5,14.9,21.0,12.9,8.4
789,7.0,0.0,54.6,18.4,20.7,11.3,8.9
790,1.4,0.1,72.6,19.3,18.1,12.4,7.9
791,1.6,0.1,73.2,19.3,21.0,10.6,6.8
792,3.9,0.1,47.9,7.0,21.3,10.2,8.9
793,1.4,0.1,66.7,12.1,22.1,9.6,8.5
794,4.5,0.1,61.3,18.7,18.0,10.3,10.4
795,2.6,0.1,64.9,31.9,21.2,12.5,7.8
796,0.9,0.2,71.2,12.2,21.2,11.3,9.1
797,1.2,0.5,62.9,10.9,22.4,11.0,8.6
798,2.7,0.1,64.3,17.6,22.5,8.6,8.7
799,4.8,0.0,50.3,14.8,15.7,11.0,8.0
800,2.2,0.4,71.0,18.5,22.6,14.8,8.6
801,4.6,0.0,44.6,7.6,22.1,11.7,9.6
802,2.4,0.2,68.4,18.5,20.9,11.2,9.8
803,2.3,0.3,67.6,12.7,20.1,8.5,9.6
804,2.6,0.0,61.4,16.0,22.4,10.7,9.3
805,1.9,0.0,67.0,11.1,20.6,8.7,7.9
806,1.4,0.3,64.4,14.8,21.6,9.2,10.4
807,1.8,0.5,66.9,9.0,18.4,9.6,6.8
808,2.4,0.1,59.5,9.9,21.5,11.5,10.6
809,2.8,0.3,54.8,18.1,20.7,11.7,8.3
810,3.2,0.0,45.9,7.9,23.0,10.7,8.4
811,2.4,0.1,61.0,9.6,19.1,11.0,8.5
812,2.9,0.0,55.3,11.9,19.0,10.5,9.0
813,2.6,0.2,58.0,26.1,21.1,12.7,10.4
814,1.7,0.0,74.9,25.2,18.6,11.4,9.9
815,1.8,0.1,71.3,11.3,19.7,12.8,9.9
816,3.7,0.0,49.1,23.4,19.0,10.8,8.4
817,2.8,0.2,67.8,16.9,22.8,14.0,8.1
818,1.8,0.2,69.8,24.2,23.7,12.9,7.7
819,1.3,0.4,63.5,11.6,20.1,10.2,10.9
820,1.8,0.4,67.7,9.6,19.6,10.4,8.4
821,2.8,0.1,50.3,5.1,20.1,13.4,7.7
822,2.8,0.1,52.3,6.9,21.6,11.4,9.6
823,2.4,0.1,62.1,26.8,21.2,12.7,9.2
824,4.8,0.0,57.0,15.2,20.6,12.2,9.2
825,3.5,0.0,46.6,2.8,21.2,12.0,9.9
826,1.5,0.4,68.1,7.0,20.1,8.7,11.7
827,3.2,0.3,49.3,9.3,19.4,13.4,7.6
828,1.4,0.4,69.2,13.3,20.3,10.2,8.9
829,5.4,0.0,72.9,26.3,15.8,10.3,10.7
830,3.9,0.0,64.7,27.7,20.5,10.7,9.7
831,7.7,0.1,69.6,29.6,18.0,10.3,9.7
832,6.1,0.0,69.7,35.7,14.1,12.6,9.3
833,3.8,0.1,70.0,28.9,19.1,13.8,9.2
834,12.6,0.0,72.9,24.9,17.8,9.6,11.7
835,14.3,0.0,61.6,31.5,19.5,14.1,11.7
836,8.0,0.1,44.3,22.2,18.4,11.6,9.9
837,6.4,0.0,70.3,30.2,21.1,10.2,9.8
838,3.1,0.0,70.1,17.9,17.5,12.6,7.7
839,5.4,0.1,65.1,24.9,19.8,10.6,7.0
840,6.9,0.0,72.6,30.4,16.1,12.3,9.0
841,18.8,0.0,51.5,10.0,15.8,13.9,10.6
842,2.8,0.0,70.2,13.7,19.9,10.8,6.4
843,20.0,0.0,78.2,11.7,15.6,7.9,11.1
844,27.3,0.0,64.6,16.2,19.2,11.7,10.9
845,3.8,0.2,71.4,19.7,20.4,11.3,11.1
846,4.0,0.1,59.7,31.3,22.2,11.8,10.0
847,3.1,0.2,64.3,29.4,20.0,12.1,11.2
848,3.2,0.1,65.7,21.3,18.2,10.7,8.3
849,2.8,0.2,62.8,24.4,21.7,11.1,10.5
850,3.0,0.3,64.9,27.5,23.7,13.1,11.0
851,3.3,0.0,49.3,12.0,22.4,12.3,8.8
852,3.5,0.1,72.8,28.0,18.1,12.2,8.9
853,3.9,0.0,54.1,25.6,18.5,12.3,11.1
854,4.8,0.2,56.6,37.0,24.1,10.5,10.6
855,1.8,0.1,70.1,12.1,17.8,10.0,8.6
856,3.5,0.0,73.6,15.8,19.2,9.1,9.6
857,1.1,0.1,72.8,8.0,18.8,12.3,8.0
858,4.5,0.0,70.0,26.0,21.9,13.2,8.8
859,4.5,0.0,61.1,29.3,21.3,11.1,9.5
860,3.5,0.0,69.0,17.0,21.9,11.9,9.4
861,5.8,0.0,45.3,11.1,22.7,10.4,9.2
862,6.4,0.0,69.4,30.8,22.3,12.2,7.9
863,4.1,0.0,70.4,17.6,23.2,12.3,8.2
864,2.6,0.0,75.9,18.6,21.4,11.6,8.4
865,3.5,0.0,71.3,18.9,21.9,11.6,8.4
866,4.3,0.2,66.9,27.8,17.9,10.1,8.9
867,0.8,0.1,68.1,16.1,21.1,11.8,9.2
868,2.1,0.0,65.2,14.0,18.9,13.0,9.1
869,1.3,0.2,69.5,16.4,17.0,12.1,5.5
870,0.8,0.1,74.5,12.2,21.0,13.2,7.6
871,1.2,0.1,70.6,19.3,14.9,10.0,7.6
872,3.5,0.0,74.8,20.9,18.9,12.9,8.8
873,1.1,0.1,55.9,10.7,17.3,10.1,8.6
874,6.7,0.1,64.5,29.8,18.9,12.1,9.1
875,2.7,0.2,69.9,18.3,18.4,8.6,6.4
876,3.4,0.4,63.0,16.9,20.3,13.2,9.2
877,2.0,1.2,73.8,22.7,19.4,12.7,6.8
878,4.1,0.2,71.3,31.2,20.0,11.6,9.5
879,8.7,0.0,64.9,18.7,19.9,11.4,7.6
880,4.1,0.2,44.6,18.8,17.3,10.2,8.9
881,5.1,0.1,72.7,33.3,17.6,13.2,9.7
882,5.1,0.1,72.7,33.3,17.6,13.2,9.7
883,1.2,0.1,65.5,10.1,18.5,10.9,8.5
884,1.4,0.1,62.2,17.7,17.5,11.1,8.4
885,3.5,0.2,61.0,17.2,20.1,12.1,7.3
886,0.7,0.0,70.0,10.7,19.3,10.7,8.2
887,2.7,0.2,64.7,25.1,17.3,11.9,10.5
888,5.9,0.1,62.2,10.2,18.2,10.1,9.1
889,4.4,0.2,55.9,20.8,14.7,13.5,11.1
890,2.4,0.1,72.8,16.5,15.9,13.5,8.7
891,7.8,0.0,60.1,9.7,19.0,12.7,11.0
892,7.3,0.0,46.1,29.3,18.6,11.1,9.6
893,5.9,0.0,63.9,22.4,19.1,12.7,8.8
894,3.9,0.3,59.7,29.8,21.0,9.0,9.1
895,5.5,0.0,57.3,22.4,19.2,10.3,9.2
896,3.1,0.2,57.7,29.7,20.0,11.8,9.5
897,8.7,0.1,61.5,7.4,19.2,11.7,9.0
898,9.7,0.0,35.2,1.5,16.1,10.8,7.5
899,5.3,0.0,43.5,4.8,19.2,9.9,8.5
900,11.6,0.1,59.2,0.7,17.9,10.9,8.2
901,12.0,0.0,62.6,2.2,17.2,13.9,10.1
902,2.1,0.0,46.1,28.5,16.9,11.1,10.5
903,12.4,0.0,53.4,1.6,17.2,12.8,11.8
904,7.2,0.0,60.1,0.9,15.0,12.0,9.0
905,10.6,0.2,59.4,3.0,17.8,14.0,11.7
906,7.0,0.0,51.8,6.8,17.9,12.4,12.1
907,2.8,0.3,49.8,22.3,18.1,10.0,9.0
908,3.0,0.1,59.7,32.0,18.2,11.5,9.0
909,1.8,0.2,60.0,33.3,17.8,10.8,7.8
910,6.2,0.1,55.6,9.1,18.6,12.3,9.7
911,5.3,0.1,65.4,15.1,17.8,12.2,9.0
912,12.0,0.0,61.1,5.3,19.2,12.7,11.2
913,7.6,0.0,52.4,1.6,17.9,9.2,8.9
914,3.9,0.1,32.6,2.1,15.7,10.8,9.1
915,5.5,0.1,40.9,8.0,21.0,9.1,9.7
916,3.8,0.0,52.0,2.9,16.2,11.1,8.1
917,4.8,0.1,51.7,25.3,18.1,13.9,9.8
918,8.4,0.0,58.6,4.3,17.2,13.9,9.3
919,6.1,0.1,49.0,1.3,15.4,11.0,8.7
920,5.4,0.1,20.9,6.8,15.1,11.5,10.5
921,5.4,0.1,20.9,6.8,15.1,11.5,10.5
922,5.0,0.1,56.9,23.3,20.1,11.7,9.5
923,9.0,0.1,65.2,28.3,15.5,11.2,11.1
924,7.2,0.1,34.6,6.0,16.3,12.1,7.9
925,5.0,0.1,60.4,4.3,18.1,10.8,9.2
926,7.9,0.1,65.6,2.6,19.2,13.6,13.7
927,9.5,0.1,32.8,14.6,18.1,11.4,9.1
928,3.2,0.0,55.9,30.9,19.6,11.6,8.7
929,3.2,0.3,69.5,12.0,16.5,10.4,7.8
930,8.2,0.0,41.0,7.0,15.9,10.8,8.9
931,7.9,0.0,47.3,15.0,18.0,8.9,9.5
932,16.4,0.1,62.9,4.1,17.0,12.2,10.1
933,6.4,0.0,39.2,5.2,16.7,11.0,10.2
934,7.2,0.0,45.9,4.6,19.3,12.3,9.2
935,13.2,0.0,58.0,2.6,17.0,11.2,10.1
936,13.6,0.0,57.5,4.0,20.0,10.8,8.8
937,5.2,0.2,63.0,7.5,16.4,11.2,9.3
938,9.1,0.2,43.4,17.1,15.7,10.9,10.6
939,10.8,0.0,52.7,3.4,12.5,12.0,9.4
940,9.1,0.0,48.3,6.8,16.7,12.3,10.4
941,8.2,0.0,52.9,23.9,14.6,11.7,9.4
942,7.1,0.0,67.5,17.5,16.9,13.2,9.0
943,4.4,0.1,67.0,21.0,20.3,10.3,10.0
944,3.9,0.1,72.1,22.3,17.5,12.4,10.2
945,7.0,0.2,64.4,31.4,16.4,11.0,8.6
946,9.4,0.0,66.0,24.7,15.2,13.8,10.0
947,9.1,0.0,65.3,31.2,18.4,13.6,9.3
948,5.8,0.1,62.9,34.5,19.7,11.9,9.7
949,3.8,0.0,70.5,32.0,21.0,13.7,11.1
950,5.3,0.1,61.3,29.9,22.2,10.8,8.2
951,6.4,0.0,64.3,11.5,19.9,9.9,10.7
952,6.2,0.0,64.9,26.1,20.2,13.7,9.2
953,16.4,0.1,69.8,31.0,16.4,11.5,10.3
954,2.7,0.1,66.0,21.7,23.3,14.0,12.4
955,3.4,0.3,70.8,21.3,19.8,12.1,8.9
956,3.2,0.0,63.9,20.0,18.5,11.8,7.5
957,5.6,0.1,68.4,28.6,18.0,15.4,8.2
958,4.2,0.0,51.2,10.5,21.0,11.0,11.0
959,3.9,0.1,70.9,23.1,18.7,11.7,8.1
960,8.5,0.0,57.8,28.4,19.5,11.4,8.4
961,4.3,0.1,73.4,21.1,17.3,10.0,8.9
962,5.7,0.1,63.5,24.7,20.3,13.0,8.3
963,5.5,0.0,53.4,26.3,20.9,11.1,10.7
964,1.6,0.1,79.9,17.4,21.7,9.0,11.8
965,5.8,0.2,72.4,20.0,20.0,14.5,9.1
966,3.6,0.1,62.6,20.5,19.0,12.9,9.7
967,6.4,0.2,50.2,21.3,21.4,10.2,9.2
968,4.3,0.2,64.6,23.4,17.2,13.7,8.2
969,9.2,0.2,71.2,24.7,16.6,11.8,10.2
970,3.6,0.3,76.4,18.0,20.1,10.2,10.5
971,7.1,0.0,72.7,22.3,17.8,8.5,13.1
972,7.0,0.1,69.9,20.8,20.2,10.7,7.4
973,8.9,0.0,53.7,25.0,20.0,10.1,8.8
974,11.7,0.1,69.4,21.2,18.7,12.0,8.6
975,6.6,0.0,63.0,17.3,18.3,11.0,8.4
976,9.8,0.0,64.4,22.3,16.3,11.2,10.2
977,5.7,0.1,45.8,25.7,18.9,11.8,9.0
978,11.2,0.0,56.5,30.1,20.9,10.7,8.1
979,15.0,0.1,60.9,28.7,20.0,11.2,8.7
980,8.4,0.0,48.1,20.7,19.5,11.2,9.7
981,2.8,0.1,59.0,18.4,20.2,12.5,8.2
982,1.7,0.1,54.9,12.1,21.3,10.3,7.6
983,1.6,0.1,67.3,19.8,19.6,10.2,9.1
984,4.9,0.0,56.8,18.1,18.4,9.7,9.8
985,4.9,0.0,43.7,13.7,19.2,11.8,9.9
986,6.3,0.0,62.7,18.0,16.7,11.8,9.8
987,6.3,0.0,62.7,18.0,16.7,11.8,9.8
988,6.7,0.1,67.0,26.9,17.2,13.5,10.1
989,1.6,0.1,61.0,14.0,18.9,12.3,9.1
990,1.8,0.1,71.9,20.7,20.0,10.5,7.4
991,2.5,0.1,65.8,19.4,20.3,10.9,7.1
992,7.3,0.0,62.6,25.5,14.9,11.6,8.6
993,2.6,0.4,63.2,13.6,19.5,9.5,7.7
994,6.2,0.0,60.2,17.6,21.8,10.5,7.7
995,1.5,0.0,68.2,14.4,21.2,11.0,11.9
996,10.1,0.1,53.5,6.0,16.2,12.5,9.1
997,8.4,0.0,60.9,11.4,14.5,10.8,7.1
998,2.2,0.4,70.3,26.3,18.7,11.8,9.1
999,3.9,0.1,66.5,21.4,17.6,12.7,6.5
1000,6.3,0.0,59.8,23.1,19.7,10.1,8.3
1001,5.4,0.0,61.0,12.0,19.0,9.1,7.2
1002,6.2,0.0,73.3,29.5,20.4,10.2,9.2
1003,2.3,0.1,45.6,31.7,20.2,13.1,8.2
1004,3.3,0.0,54.7,25.6,19.4,9.9,8.7
1005,10.8,0.0,78.0,27.0,20.7,11.6,8.4
1006,3.4,0.1,39.9,18.2,18.0,10.8,9.0
1007,13.3,0.0,66.2,32.0,22.7,10.1,7.9
1008,4.5,0.0,59.3,21.8,18.1,9.2,8.8
1009,10.3,0.0,69.5,17.4,18.6,12.6,12.1
1010,13.3,0.0,71.3,27.0,21.1,11.1,11.4
1011,2.3,0.0,66.6,14.0,22.0,10.0,9.9
1012,2.5,0.0,64.5,15.5,22.6,11.5,9.1
1013,10.9,0.0,79.7,33.4,20.3,12.3,9.4
1014,1.4,0.0,75.2,11.6,21.8,11.5,12.0
1015,4.5,0.0,71.5,14.8,22.2,10.0,9.4
1016,2.2,0.0,65.2,9.1,22.6,10.9,7.6
1017,3.5,0.0,75.8,18.8,21.7,9.2,7.5
1018,6.7,0.0,70.7,19.4,20.0,11.6,7.2
1019,2.4,0.0,69.5,12.8,18.7,10.0,8.5
1020,1.9,0.0,71.5,12.7,20.4,10.2,9.9
1021,2.6,0.0,69.5,15.7,19.2,12.3,7.9
1022,4.9,0.0,69.6,20.3,18.2,9.5,10.5
1023,2.2,0.0,70.8,14.2,19.7,13.0,8.6
1024,8.6,0.1,51.4,7.7,21.6,13.0,9.2
1025,1.1,0.1,72.3,13.3,21.1,12.7,9.4
1026,4.2,0.0,70.1,16.8,21.7,13.0,8.6
1027,2.9,0.0,73.8,17.3,20.6,11.7,7.6
1028,3.9,0.0,69.2,17.4,20.3,8.4,8.8
1029,6.5,0.0,69.6,20.2,19.8,12.7,8.8
1030,2.0,0.0,70.1,14.5,20.6,10.3,8.2
1031,3.5,0.0,65.1,12.6,22.1,14.5,8.9
1032,3.4,0.1,65.8,14.9,22.5,10.3,8.8
1033,9.0,0.0,65.8,27.5,19.9,12.3,9.0
1034,2.5,0.1,66.0,12.4,19.9,10.9,8.3
1035,2.5,0.1,66.0,12.4,19.9,10.9,8.3
1036,1.2,0.1,68.6,11.4,20.5,11.0,8.5
1037,2.1,0.0,69.6,16.4,19.0,13.9,7.4
1038,3.8,0.0,59.3,18.9,21.2,11.8,8.6
1039,3.0,0.0,71.2,19.9,17.1,10.4,9.9
1040,0.7,0.0,72.4,6.6,18.9,12.0,7.9
1041,4.0,0.0,61.0,18.6,17.6,10.7,7.2
1042,2.8,0.2,68.8,26.5,19.0,11.0,7.4
1043,5.9,0.1,52.4,16.5,19.4,10.8,9.2
1044,1.2,0.2,67.4,17.7,18.3,10.2,8.4
1045,2.2,0.1,63.3,16.2,17.1,11.4,9.6
1046,1.1,0.1,63.6,14.5,16.9,8.9,10.5
1047,1.8,0.3,70.1,23.5,16.6,10.5,6.9
1048,3.7,0.0,70.2,32.2,20.8,14.9,9.4
1049,1.5,0.0,73.7,16.2,21.1,12.8,11.0
1050,8.3,0.1,74.8,29.2,20.6,9.1,9.7
1051,33.2,0.0,60.7,28.3,20.1,12.9,8.4
1052,27.4,0.0,63.8,26.2,16.2,12.5,9.5
1053,18.5,0.0,61.5,32.0,18.0,14.0,9.6
1054,11.9,0.1,75.3,28.9,17.8,11.9,10.5
1055,22.8,0.0,68.7,22.0,20.7,12.3,9.2
1056,39.7,0.1,55.4,16.4,15.5,12.9,7.9
1057,10.7,0.2,67.2,14.7,18.1,13.3,9.0
1058,2.8,0.0,65.2,30.1,22.0,11.9,10.7
1059,6.1,0.0,62.9,33.6,18.9,13.3,11.1
1060,6.0,0.1,63.5,25.6,21.3,10.1,9.0
1061,5.3,0.0,72.4,21.0,17.5,11.1,9.5
1062,6.7,0.1,58.9,7.3,16.7,13.5,7.6
1063,5.8,0.0,70.8,12.6,19.2,16.0,10.5
1064,5.6,0.0,33.7,12.4,17.9,11.2,10.3
1065,4.6,0.0,60.4,15.9,16.3,11.6,11.1
1066,3.7,0.1,71.2,24.0,17.8,10.7,9.1
1067,1.9,0.0,78.6,15.7,20.8,13.1,10.7
1068,4.2,0.0,73.0,17.1,21.1,14.0,6.9
1069,4.2,0.0,72.1,18.4,21.1,10.2,6.6
1070,1.3,0.0,76.7,14.2,21.7,11.9,7.8
1071,4.3,0.0,70.6,9.2,22.7,12.5,8.3
1072,3.3,0.0,71.7,17.4,21.1,9.4,9.9
1073,2.3,0.0,76.8,17.1,19.5,12.6,8.3
1074,7.1,0.0,72.4,24.9,19.5,12.1,9.9
1075,7.8,0.0,69.6,12.9,21.9,10.9,7.6
1076,6.4,0.0,78.2,24.7,20.2,9.2,10.7
1077,8.4,0.0,75.4,24.8,18.0,10.9,7.1
1078,5.0,0.0,62.0,16.5,20.2,9.7,7.9
1079,6.5,0.0,52.4,4.3,19.7,10.5,8.7
1080,6.5,0.0,52.4,4.3,19.7,10.5,8.7
1081,7.9,0.0,53.7,13.3,17.7,9.5,9.6
1082,4.3,0.0,74.4,20.4,21.1,10.4,9.4
1083,16.1,0.0,76.8,34.2,18.8,15.0,9.6
1084,14.6,0.0,73.0,27.7,19.3,11.1,9.8
1085,10.1,0.0,64.2,33.7,19.0,12.3,9.1
1086,4.7,0.0,52.6,33.4,17.7,12.1,10.1
1087,6.8,0.0,79.0,33.5,18.5,12.2,9.8
1088,2.7,0.0,75.6,17.8,19.8,12.6,8.0
1089,2.3,0.0,77.6,21.7,19.7,12.1,11.6
1090,1.1,0.0,69.2,14.9,21.9,10.4,8.0
1091,0.8,0.0,60.9,10.9,18.9,12.1,8.3
1092,1.2,0.1,72.8,16.5,19.9,10.8,9.6
1093,1.6,0.2,65.9,15.6,16.9,10.3,9.3
1094,2.7,0.1,50.0,9.6,21.4,11.4,7.0
1095,5.1,0.0,76.9,28.5,21.3,10.9,7.3
1096,3.4,0.1,76.5,24.6,23.2,12.8,7.3
1097,3.1,0.1,65.4,17.1,21.5,10.9,7.1
1098,4.8,0.0,56.2,12.7,22.9,13.5,8.8
1099,3.0,0.0,72.2,19.6,21.4,12.9,7.3
1100,2.1,0.2,63.7,15.0,21.2,10.3,9.6
1101,1.3,0.0,69.4,12.6,18.5,11.4,9.4
1102,3.8,0.1,68.0,26.5,20.4,12.1,9.2
1103,3.8,0.1,68.0,26.5,20.4,12.1,9.2
1104,5.7,0.0,64.6,18.2,21.3,9.3,8.5
1105,4.0,0.1,62.8,22.3,22.3,11.2,11.5
1106,2.7,0.0,68.6,12.2,21.2,10.8,7.9
1107,4.9,0.0,39.6,19.9,18.3,10.1,9.9
1108,4.7,0.2,60.5,28.5,15.5,12.9,8.5
1109,4.7,0.2,60.3,30.3,20.2,13.6,9.8
1110,6.1,0.0,69.2,32.6,20.8,14.1,8.2
1111,4.9,0.1,71.0,31.0,20.9,11.1,9.9
1112,14.1,0.0,69.0,31.7,21.3,11.3,9.7
1113,12.5,0.0,71.1,28.2,22.0,14.9,9.7
1114,10.3,0.0,79.3,31.1,19.9,10.7,7.9
1115,12.7,0.0,73.9,19.3,18.3,11.3,8.3
1116,5.2,0.0,74.7,16.7,20.6,13.5,9.7
1117,7.8,0.0,60.6,29.0,19.3,11.8,8.5
1118,9.5,0.0,77.4,16.3,19.7,12.3,10.4
1119,5.4,0.1,29.2,26.3,16.9,12.0,9.6
1120,4.9,0.2,46.1,19.0,15.9,11.2,8.5
1121,5.9,0.0,36.9,33.0,21.3,10.8,9.5
1122,8.0,0.0,76.7,12.5,17.7,11.7,7.0
1123,18.8,0.0,65.4,21.3,20.4,11.4,7.6
1124,4.9,0.1,65.1,25.8,15.6,12.1,8.1
1125,2.1,0.3,66.8,15.8,19.2,10.8,9.0
1126,3.4,0.2,70.5,20.5,15.4,10.8,8.4
1127,4.0,0.0,78.2,18.3,18.5,12.1,7.7
1128,3.6,0.1,80.8,16.5,20.8,10.7,10.7
1129,5.1,0.0,82.8,5.5,17.3,9.4,9.2
1130,2.6,0.0,77.2,9.1,17.9,11.7,12.8
1131,8.5,0.0,55.1,5.6,19.2,12.2,9.7
1132,10.7,0.0,45.0,14.2,15.8,8.4,8.9
1133,4.5,0.1,21.6,3.8,17.1,10.5,8.8
1134,9.4,0.1,34.3,6.0,15.2,11.2,11.9
1135,9.7,0.0,28.5,5.4,15.7,10.6,8.1
1136,3.5,0.1,30.2,2.0,12.2,8.9,7.2
1137,18.6,0.0,59.6,7.8,19.2,7.8,8.5
1138,1.1,0.0,27.2,2.7,11.8,10.3,9.1
1139,0.6,0.1,9.8,9.3,11.3,10.9,9.5
1140,7.7,0.0,32.0,10.7,15.3,11.3,10.4
1141,2.6,0.0,8.8,10.2,9.3,10.4,10.1
1142,5.6,0.0,50.6,9.4,14.7,10.1,8.5
1143,7.6,0.0,66.5,10.8,17.3,8.6,9.0
1144,7.5,0.0,67.7,28.6,18.3,11.3,8.3
1145,2.2,0.0,72.4,27.4,21.5,9.1,9.7
1146,4.5,0.0,59.5,29.5,22.4,11.6,10.2
1147,2.2,0.1,70.5,17.0,20.2,13.3,9.9
1148,1.6,0.0,69.7,11.8,22.9,9.3,8.1
1149,1.7,0.0,68.5,10.8,21.5,11.0,9.6
1150,3.4,0.0,66.9,13.6,21.8,10.6,7.9
1151,5.6,0.0,62.2,16.1,22.6,11.4,9.9
1152,5.6,0.0,62.2,16.1,22.6,11.4,9.9
1153,2.6,0.1,59.5,12.5,19.0,10.4,9.1
1154,2.6,0.0,76.7,18.8,21.3,12.9,6.2
1155,3.9,0.0,56.2,15.3,16.6,10.9,11.3
1156,3.7,0.0,72.4,23.2,18.7,12.1,9.3
1157,4.4,0.0,63.7,20.0,18.1,11.3,9.4
1158,12.1,0.0,55.9,26.5,18.9,11.6,9.8
1159,2.5,0.0,67.2,15.9,20.2,12.0,8.4
1160,2.6,0.2,68.0,14.3,18.5,11.7,9.1
1161,3.1,0.0,66.3,18.8,21.2,10.0,9.0
1162,3.0,0.0,63.9,19.4,19.3,12.2,7.7
1163,3.8,0.0,73.2,18.6,20.7,9.9,7.1
1164,2.7,0.1,66.0,16.5,19.0,13.2,10.2
1165,2.0,0.0,71.2,20.6,19.9,10.4,7.0
1166,6.1,0.1,51.2,21.0,18.2,11.6,9.6
1167,3.5,0.1,61.6,18.2,20.6,13.5,7.9
1168,5.9,0.0,63.2,25.2,17.7,10.1,8.0
1169,5.0,0.0,60.5,18.5,23.2,10.6,8.2
1170,3.8,0.1,66.4,16.8,21.9,10.4,10.5
1171,8.3,0.0,44.4,11.2,20.0,11.6,9.1
1172,3.0,0.0,70.4,15.1,19.9,11.3,8.7
1173,2.5,0.1,71.3,17.2,19.8,12.3,7.5
1174,1.6,0.1,73.4,12.8,19.4,10.0,10.7
1175,2.9,0.0,74.1,16.3,22.1,10.9,8.0
1176,4.7,0.0,68.1,18.9,20.1,11.5,8.5
1177,4.4,0.0,56.7,8.7,20.5,12.2,8.0
1178,5.5,0.0,61.2,13.5,19.6,10.8,8.6
1179,4.8,0.0,48.8,9.4,21.8,12.3,8.1
1180,5.5,0.0,70.5,23.8,17.9,10.4,10.1
1181,5.5,0.0,70.5,23.8,17.9,10.4,10.1
1182,3.3,0.0,62.6,9.3,21.5,12.4,8.5
1183,5.4,0.0,77.5,23.6,18.6,11.6,8.7
1184,5.1,0.0,68.8,20.9,20.1,11.6,6.2
1185,5.9,0.0,74.8,21.2,20.1,9.8,8.8
1186,2.7,0.1,61.2,17.7,21.0,11.8,7.6
1187,2.7,0.1,61.2,17.7,21.0,11.8,7.6
1188,1.1,0.3,71.3,10.3,19.9,11.4,8.5
1189,1.5,0.2,69.1,15.0,19.4,11.2,7.1
1190,2.3,0.1,65.2,17.1,19.2,10.7,8.7
1191,2.9,0.1,58.9,15.8,21.2,12.5,7.6
1192,6.9,0.1,61.9,24.6,15.4,13.4,9.0
1193,3.3,0.4,64.9,24.8,18.8,12.1,8.7
1194,4.8,0.2,56.0,25.3,23.8,12.5,8.7
1195,4.5,0.3,61.9,28.7,19.9,11.9,10.9
1196,4.2,0.2,63.9,25.7,19.2,12.9,10.1
1197,61.3,0.0,54.2,13.5,19.1,10.0,8.5
1198,61.3,0.0,54.2,13.5,19.1,10.0,8.5
1199,51.2,0.0,49.3,15.2,17.6,12.5,8.2
1200,4.0,0.0,72.1,15.2,20.4,11.0,9.4
1201,2.7,0.0,71.4,15.7,22.0,12.7,7.7
1202,20.6,0.0,73.9,24.9,17.8,10.3,10.0
1203,17.2,0.0,76.9,26.5,19.3,9.4,9.9
1204,17.2,0.0,76.9,26.5,19.3,9.4,9.9
1205,17.1,0.0,76.2,29.9,17.2,14.1,7.8
1206,4.9,0.0,71.9,14.7,20.7,12.6,8.3
1207,4.0,0.0,74.2,21.3,21.5,12.5,9.9
1208,14.3,0.0,70.5,19.5,19.5,11.9,7.2
1209,14.3,0.0,70.5,19.5,19.5,11.9,7.2
1210,7.9,0.0,78.2,17.0,21.0,11.1,8.6
1211,7.9,0.0,78.2,17.0,21.0,11.1,8.6
1212,20.2,0.0,68.1,27.4,21.1,13.9,8.3
1213,20.2,0.0,68.1,27.4,21.1,13.9,8.3
1214,24.9,0.0,64.9,26.6,21.3,10.1,9.1
1215,15.7,0.0,68.1,20.2,22.0,11.4,9.5
1216,7.2,0.0,76.5,21.2,17.6,11.4,8.7
1217,7.2,0.0,76.5,21.2,17.6,11.4,8.7
1218,3.5,0.0,52.1,30.0,20.8,13.0,8.4
1219,3.1,0.0,64.1,31.8,15.8,13.6,7.0
1220,5.8,0.0,69.9,22.0,19.1,11.1,11.0
1221,2.0,0.1,73.2,17.1,20.4,13.3,10.7
1222,1.5,0.1,68.9,15.3,19.6,11.0,7.5
1223,3.1,0.0,65.8,17.3,18.2,10.6,8.3
1224,2.8,0.0,73.0,16.2,19.0,11.8,9.7
1225,2.8,0.0,73.0,16.2,19.0,11.8,9.7
1226,2.3,0.1,57.4,10.0,20.0,10.6,9.2
1227,4.0,0.0,71.4,17.0,18.2,11.4,9.7
1228,3.4,0.0,67.2,19.3,20.9,11.4,8.3
1229,1.6,0.1,69.2,15.1,20.2,11.5,10.2
1230,5.0,0.0,67.6,19.6,19.3,12.6,8.1
1231,2.0,0.0,69.3,16.8,19.6,12.0,9.0
1232,2.5,0.1,67.3,18.6,17.0,13.2,8.4
1233,6.5,0.1,55.5,24.1,20.9,12.9,9.5
1234,1.8,0.1,71.9,20.0,20.0,12.5,8.2
1235,1.8,0.1,69.8,19.5,18.7,12.0,9.1
1236,4.5,0.0,44.4,8.5,23.3,11.5,9.7
1237,1.3,0.1,65.5,13.5,21.9,11.1,8.2
1238,5.2,0.0,61.5,23.0,22.0,11.7,9.2
1239,2.8,0.0,65.1,31.3,18.4,10.6,9.3
1240,0.8,0.4,72.0,15.4,21.5,13.1,7.2
1241,1.4,0.1,63.0,13.5,22.4,13.7,9.5
1242,2.4,0.0,65.5,20.2,20.4,11.4,9.9
1243,5.8,0.1,50.2,21.8,20.1,11.6,10.2
1244,1.9,0.2,70.7,21.9,20.5,12.5,7.3
1245,5.1,0.1,46.8,11.1,18.1,10.3,8.2
1246,2.3,0.1,66.4,25.6,21.3,12.2,8.7
1247,1.7,0.3,67.8,15.1,21.7,10.5,8.4
1248,3.1,0.1,62.1,18.9,22.4,10.8,10.1
1249,1.6,0.2,64.6,12.0,20.8,13.1,8.0
1250,1.5,0.2,63.8,17.8,20.9,12.5,9.6
1251,0.9,0.2,66.6,12.9,18.6,11.5,9.9
1252,2.8,0.0,58.7,12.0,20.2,13.8,10.1
1253,2.7,0.2,55.8,20.4,20.9,12.0,7.0
1254,3.8,0.1,47.7,10.2,20.9,11.3,10.5
1255,2.7,0.1,61.2,11.9,20.9,11.3,8.5
1256,3.2,0.0,54.7,15.3,22.6,12.5,7.8
1257,2.8,0.1,58.8,27.8,21.9,12.2,8.4
1258,2.2,0.3,71.8,31.0,19.9,11.8,9.8
1259,1.2,0.1,70.5,12.6,16.9,13.4,6.8
1260,3.8,0.0,47.3,24.5,20.6,12.9,8.9
1261,3.6,0.2,69.2,15.2,20.4,13.3,9.5
1262,1.5,0.1,70.8,28.1,23.8,12.6,6.4
1263,1.6,0.2,64.1,16.1,21.4,12.4,8.4
1264,1.6,0.2,64.1,16.1,21.4,12.4,8.4
1265,2.2,0.1,69.5,11.6,19.6,11.0,7.7
1266,2.6,0.1,51.8,5.9,18.4,10.9,8.1
1267,2.3,0.0,51.1,9.9,19.9,13.2,9.0
1268,2.8,0.2,62.5,30.3,20.1,12.3,10.5
1269,4.5,0.1,55.1,18.9,22.7,13.5,8.6
1270,4.1,0.0,46.6,4.7,21.6,11.0,9.5
1271,1.7,0.4,67.4,7.7,19.5,9.0,8.9
1272,3.2,0.1,49.3,17.2,17.6,13.2,9.3
1273,1.5,0.3,69.0,15.5,17.4,9.7,7.8
1274,5.2,0.1,73.6,28.0,17.3,11.9,7.4
1275,4.5,0.2,67.2,31.5,18.5,11.2,8.7
1276,7.6,0.0,69.4,29.5,18.6,11.0,8.1
1277,7.6,0.0,69.4,29.5,18.6,11.0,8.1
1278,7.1,0.0,69.5,36.9,17.7,12.8,10.0
1279,4.1,0.0,69.8,29.4,21.5,11.8,8.7
1280,10.8,0.0,75.5,28.2,18.6,11.1,10.4
1281,15.9,0.0,61.0,32.1,19.6,11.7,12.1
1282,7.9,0.1,53.6,31.7,21.4,13.1,9.2
1283,5.8,0.1,59.3,24.3,21.4,10.0,7.6
1284,4.2,0.0,69.5,18.9,19.8,7.5,9.5
1285,6.4,0.0,66.1,23.9,20.1,11.0,8.8
1286,7.2,0.0,72.2,33.3,18.8,12.3,8.5
1287,18.0,0.0,50.7,8.0,16.8,13.4,9.7
1288,2.4,0.0,68.9,14.5,21.6,8.9,8.4
1289,20.9,0.1,78.7,12.0,16.8,9.7,9.5
1290,27.0,0.0,64.9,15.1,17.6,11.7,9.8
1291,3.8,0.1,71.1,16.0,20.8,12.4,9.3
1292,4.0,0.1,60.2,26.1,20.5,13.1,10.1
1293,3.1,0.5,68.8,32.4,18.5,14.6,10.1
1294,2.7,0.5,66.1,24.3,19.6,12.7,9.9
1295,3.1,0.1,63.6,26.9,18.1,12.3,8.1
1296,3.6,0.3,64.9,27.0,20.1,11.4,7.2
1297,4.1,0.1,50.3,6.8,17.3,13.4,10.2
1298,3.7,0.2,72.5,23.8,21.0,12.1,7.9
1299,4.6,0.2,54.1,16.1,20.5,12.0,9.1
1300,5.2,0.1,57.7,39.2,19.0,12.1,10.1
1301,2.0,0.0,71.8,13.9,17.5,9.9,9.8
1302,3.8,0.1,73.1,17.8,17.5,9.2,8.3
1303,1.1,0.0,72.4,8.8,18.3,11.5,7.9
1304,4.9,0.0,68.4,28.0,24.8,10.5,7.7
1305,5.0,0.1,63.1,29.6,22.8,12.1,9.6
1306,3.7,0.0,69.4,18.8,21.4,11.0,8.6
1307,6.0,0.0,44.7,12.1,18.5,10.8,8.6
1308,6.0,0.0,69.6,30.8,20.3,11.6,8.0
1309,4.2,0.0,70.6,20.1,21.6,11.8,8.2
1310,2.5,0.1,74.7,19.1,22.4,11.5,8.7
1311,3.1,0.0,72.0,21.4,20.3,11.6,8.0
1312,4.5,0.0,68.8,26.7,19.2,13.7,8.4
1313,1.1,0.1,68.5,15.9,17.6,13.1,10.7
1314,1.9,0.1,65.2,17.1,18.2,10.5,7.1
1315,1.1,0.0,69.3,15.4,18.0,9.1,7.9
1316,0.6,0.1,72.7,13.4,18.0,12.5,5.8
1317,1.5,0.2,68.9,20.1,18.0,14.2,9.6
1318,2.9,0.3,74.2,22.7,17.6,12.9,6.8
1319,1.1,0.0,57.3,10.8,19.0,12.2,8.9
1320,8.1,0.2,63.5,28.0,18.6,11.2,9.9
1321,3.0,0.5,69.5,19.1,16.8,9.6,7.1
1322,7.9,0.2,63.6,23.4,17.4,8.1,8.3
1323,3.7,0.3,63.4,21.1,17.5,12.1,10.7
1324,2.0,1.5,74.6,24.4,18.3,13.3,6.6
1325,4.7,0.4,73.2,29.7,18.7,13.8,9.2
1326,6.3,0.1,66.0,20.6,16.7,9.7,7.8
1327,4.2,0.2,47.7,22.0,16.9,12.3,8.4
1328,5.2,0.2,73.9,33.5,18.7,14.0,7.6
1329,6.9,0.1,48.4,32.3,15.7,11.3,8.8
1330,0.8,0.2,64.7,11.0,20.5,13.9,9.5
1331,1.1,0.1,64.2,17.3,19.5,10.0,10.2
1332,3.0,0.1,63.0,19.7,20.3,10.4,9.3
1333,0.8,0.1,69.5,11.3,19.5,11.2,9.3
1334,2.2,0.4,64.7,21.2,17.2,10.9,9.9
1335,6.3,0.4,63.4,10.2,19.2,10.6,9.5
1336,4.7,0.1,58.4,20.7,17.8,12.7,10.0
1337,2.7,0.2,75.6,15.3,18.4,14.6,11.1
1338,7.0,0.2,62.0,6.8,17.0,12.7,9.7
1339,6.8,0.2,47.4,29.9,18.7,11.8,11.0
1340,5.9,0.1,64.1,17.5,17.4,11.5,10.6
1341,3.7,0.2,60.8,32.4,17.4,10.4,10.2
1342,4.7,0.1,61.5,18.2,18.7,10.9,9.4
1343,3.3,0.0,58.8,28.3,15.9,15.0,9.0
1344,8.6,0.1,64.9,5.1,17.4,10.7,9.3
1345,10.7,0.1,34.2,1.0,15.0,10.4,8.8
1346,6.0,0.0,43.5,3.2,14.8,10.9,9.3
1347,10.2,0.1,58.1,0.6,14.6,13.0,7.8
1348,11.8,0.0,64.3,1.6,14.6,13.7,9.1
1349,2.3,0.1,48.7,30.5,18.3,9.1,8.9
1350,12.4,0.1,54.5,1.5,16.0,12.4,8.4
1351,7.3,0.1,60.2,0.7,16.1,11.4,9.6
1352,11.3,0.2,60.8,1.4,18.3,9.9,10.6
1353,6.6,0.1,55.0,5.2,17.5,12.2,9.6
1354,2.0,0.2,51.5,27.2,20.0,10.3,9.3
1355,2.7,0.1,57.6,32.9,18.2,12.3,8.8
1356,2.1,0.2,60.5,33.6,16.5,12.7,11.3
1357,6.5,0.2,54.6,7.9,15.3,12.9,9.5
1358,5.8,0.1,67.1,15.7,18.6,10.0,9.6
1359,13.0,0.1,62.3,4.6,11.6,11.9,10.2
1360,8.3,0.0,53.9,0.8,18.3,12.6,7.7
1361,4.4,0.0,33.7,1.5,16.0,9.4,9.2
1362,4.8,0.1,41.6,7.1,18.0,9.8,10.0
1363,4.7,0.1,51.6,2.4,15.9,10.8,9.1
1364,4.4,0.0,55.4,20.7,17.9,11.8,9.9
1365,8.7,0.0,60.8,3.3,16.4,10.5,9.6
1366,6.2,0.0,50.1,1.5,13.7,11.4,8.3
1367,5.5,0.0,20.7,4.2,14.6,13.0,10.6
1368,5.2,0.1,56.9,17.6,17.7,11.8,11.7
1369,8.2,0.1,66.8,27.4,18.1,9.2,9.3
1370,8.2,0.0,35.9,3.9,15.8,11.7,10.0
1371,5.3,0.0,62.1,3.6,15.9,11.9,10.7
1372,9.2,0.0,66.6,2.3,19.0,12.2,12.7
1373,12.7,0.1,34.6,9.0,20.7,12.7,9.9
1374,3.6,0.0,58.3,26.1,17.0,10.4,8.5
1375,3.1,0.1,72.6,9.0,22.1,11.6,9.3
1376,7.8,0.1,40.5,5.5,16.3,11.9,9.5
1377,8.4,0.2,46.1,9.3,20.0,9.4,10.1
1378,15.7,0.0,63.1,2.4,16.0,11.8,9.6
1379,6.9,0.2,41.0,4.8,16.7,10.9,10.8
1380,7.0,0.1,47.1,4.9,14.5,13.7,10.5
1381,13.6,0.0,59.7,3.0,15.1,11.0,10.0
1382,14.2,0.1,60.9,2.5,15.3,11.9,11.2
1383,5.5,0.2,63.3,5.9,17.8,10.6,10.1
1384,8.0,0.2,44.8,16.6,14.8,12.6,9.4
1385,10.1,0.1,54.2,2.7,18.5,13.2,11.9
1386,10.0,0.1,48.7,5.2,17.3,12.0,10.1
1387,7.8,0.0,52.9,19.7,19.3,13.5,9.8
1388,6.9,0.0,67.6,14.2,16.1,11.3,11.5
1389,4.7,0.2,68.1,20.9,20.1,12.5,10.7
1390,4.0,0.0,71.5,19.9,19.1,13.0,11.4
1391,7.0,0.1,65.2,31.3,15.9,12.5,11.9
1392,9.9,0.1,67.0,19.7,17.7,10.7,9.4
1393,8.8,0.0,66.1,22.0,17.0,12.8,9.0
1394,7.4,0.0,64.8,33.1,22.6,11.7,9.3
1395,3.5,0.0,71.5,32.8,18.8,12.2,11.6
1396,5.6,0.0,62.4,33.8,20.8,13.8,8.9
1397,5.9,0.0,65.2,10.7,18.5,9.7,8.6
1398,5.1,0.0,67.0,23.7,23.8,14.7,9.6
1399,15.9,0.1,70.9,32.6,14.5,12.7,9.1
1400,3.0,0.2,66.8,21.8,18.0,11.5,9.5
1401,4.1,0.5,72.5,20.7,18.2,10.1,9.6
1402,3.3,0.2,65.8,20.3,19.5,13.1,6.3
1403,6.5,0.0,67.8,27.2,20.2,12.4,11.1
1404,4.7,0.0,51.2,14.6,16.1,11.0,11.2
1405,3.6,0.1,71.2,26.3,19.0,11.0,8.9
1406,7.9,0.0,59.8,28.6,18.8,13.1,9.4
1407,3.9,0.3,74.9,22.6,19.8,11.5,7.7
1408,5.7,0.1,64.9,28.3,18.3,11.0,9.5
1409,5.6,0.0,53.0,23.5,16.1,13.6,8.2
1410,2.0,0.2,81.3,22.7,19.8,9.8,10.5
1411,6.4,0.2,71.9,23.3,18.2,11.4,7.8
1412,4.6,0.1,64.8,21.0,17.5,11.9,10.1
1413,6.8,0.0,51.6,23.4,17.2,13.7,9.3
1414,5.2,0.2,63.7,27.7,18.8,12.3,11.5
1415,8.3,0.3,73.9,24.5,19.0,9.3,9.8
1416,3.3,0.4,77.1,20.5,19.6,10.2,11.0
1417,7.2,0.1,73.8,23.9,19.0,11.4,10.7
1418,6.5,0.2,71.4,22.9,20.1,11.1,9.5
1419,8.6,0.0,55.5,26.8,19.4,11.2,10.8
1420,10.9,0.1,71.5,22.8,18.7,13.1,7.4
1421,7.0,0.1,64.5,17.4,17.9,11.1,10.0
1422,9.1,0.1,66.0,19.6,15.5,12.5,11.0
1423,6.1,0.0,45.2,27.0,17.8,10.3,10.1
1424,10.1,0.0,56.9,28.7,21.6,10.8,8.5
1425,13.2,0.0,61.4,30.1,21.6,12.3,10.5
1426,8.3,0.0,47.7,17.9,17.6,12.0,8.5
1427,4.3,0.2,60.9,18.4,20.5,13.7,9.2
1428,1.5,0.2,54.9,9.8,18.7,10.4,8.9
1429,2.0,0.1,67.4,20.3,20.5,11.7,9.7
1430,5.3,0.0,59.9,20.8,17.6,12.8,9.1
1431,4.6,0.0,43.9,15.7,18.3,13.0,9.4
1432,7.4,0.0,64.1,18.7,16.6,11.9,8.6
1433,6.0,0.0,70.2,28.3,15.9,13.1,8.5
1434,2.4,0.1,63.2,12.6,17.0,11.8,8.0
1435,1.9,0.1,75.0,20.1,18.9,12.8,8.8
1436,2.0,0.0,67.4,22.0,22.3,10.5,8.9
1437,7.6,0.0,65.3,28.0,17.1,11.7,10.5
1438,3.4,0.1,63.0,14.7,17.1,8.6,10.3
1439,5.2,0.0,60.8,20.4,16.7,10.6,11.4
1440,1.7,0.1,66.3,16.1,20.9,10.0,8.1
1441,10.7,0.0,55.2,5.9,15.4,12.9,10.4
1442,8.2,0.1,62.0,10.2,13.4,8.8,8.8
1443,1.8,0.2,72.1,28.8,21.9,14.1,8.7
1444,3.5,0.0,67.0,23.8,16.5,11.6,8.1
1445,5.8,0.1,58.5,25.0,20.2,10.3,7.7
1446,5.2,0.0,60.7,15.0,22.2,10.3,6.2
1447,6.6,0.0,73.4,33.0,19.5,10.1,8.2
1448,1.9,0.0,48.1,31.4,21.0,13.3,9.1
1449,3.6,0.0,55.4,24.5,19.5,12.9,7.5
1450,10.5,0.0,79.6,25.6,21.0,11.8,12.6
1451,3.3,0.1,41.8,21.5,17.3,11.3,8.6
1452,12.3,0.0,67.4,33.4,24.7,11.8,9.3
1453,4.2,0.0,60.5,22.0,17.1,11.1,11.3
1454,10.2,0.0,69.9,17.3,19.2,10.5,9.4
1455,14.3,0.0,72.3,28.1,22.7,11.5,9.0
1456,1.8,0.0,67.1,13.1,21.8,10.8,8.7
1457,1.9,0.1,64.9,15.8,22.2,8.6,7.2
1458,11.7,0.1,82.1,32.2,24.4,16.8,6.8
1459,1.5,0.1,75.3,12.3,21.6,8.1,11.7
1460,3.8,0.0,71.9,16.3,21.2,11.4,8.9
1461,2.9,0.0,67.9,9.5,21.4,11.7,8.4
1462,3.8,0.1,75.8,18.7,22.2,9.9,6.6
1463,7.0,0.0,70.2,19.9,17.3,14.0,6.6
1464,2.1,0.0,71.0,14.2,18.0,13.6,7.5
1465,1.8,0.0,72.3,14.5,19.3,11.6,9.0
1466,2.6,0.0,71.1,17.1,20.5,9.1,9.4
1467,4.5,0.0,71.4,19.8,18.3,11.8,9.9
1468,1.8,0.0,72.3,14.5,19.2,12.1,8.4
1469,8.5,0.0,51.9,7.9,18.8,11.3,9.6
1470,1.4,0.1,71.2,12.9,18.5,10.0,7.4
1471,4.4,0.0,70.0,18.0,18.9,11.7,8.6
1472,3.3,0.1,74.3,17.5,20.8,12.1,9.4
1473,4.3,0.0,70.2,17.5,22.9,9.7,8.2
1474,6.3,0.0,71.0,22.2,21.6,11.6,8.8
1475,2.1,0.0,70.8,15.0,20.0,10.9,6.4
1476,3.6,0.1,65.6,13.3,22.3,10.7,11.3
1477,3.4,0.0,66.3,15.6,22.2,13.6,8.2
1478,8.8,0.0,66.3,28.3,21.7,12.5,10.3
1479,3.3,0.1,65.3,14.2,21.0,10.8,8.2
1480,1.1,0.1,69.6,12.1,21.1,12.4,8.8
1481,1.9,0.1,68.0,15.9,20.3,11.0,9.5
1482,4.1,0.0,60.5,21.6,21.1,11.7,8.4
1483,3.5,0.1,71.1,21.8,21.2,12.0,9.9
1484,1.2,0.1,69.3,7.7,20.0,12.4,6.2
1485,3.6,0.0,61.3,18.6,19.3,12.9,8.1
1486,3.6,0.0,69.1,26.7,19.3,10.8,9.2
1487,6.0,0.0,54.7,16.8,17.2,9.0,9.0
1488,1.5,0.3,68.5,19.8,18.0,12.2,8.3
1489,2.6,0.1,62.0,15.8,20.2,11.0,9.4
1490,1.0,0.2,65.2,14.5,19.4,8.9,10.9
1491,1.6,0.0,71.4,27.9,16.0,9.8,6.9
1492,3.9,0.0,72.6,30.2,19.0,13.7,10.6
1493,1.2,0.1,73.8,17.8,21.9,13.5,9.4
1494,8.5,0.0,76.1,28.5,22.1,9.7,7.7
1495,33.3,0.0,60.5,30.2,17.4,11.2,9.0
1496,27.5,0.0,65.4,24.6,17.2,13.5,8.8
1497,18.1,0.1,62.9,28.8,18.9,11.2,8.4
1498,11.0,0.0,76.4,28.7,16.6,13.9,10.2
1499,22.4,0.0,67.7,22.1,20.6,12.5,8.8
1500,40.1,0.0,58.0,19.5,18.2,13.4,10.0
1501,10.4,0.0,67.4,13.7,17.8,10.3,9.2
1502,2.9,0.0,62.8,31.2,20.3,11.7,9.8
1503,5.7,0.0,62.7,34.7,19.8,11.5,9.3
1504,6.5,0.0,63.8,24.0,19.1,13.1,12.1
1505,5.3,0.0,73.7,18.0,16.3,13.3,11.0
1506,5.6,0.0,60.0,6.1,18.2,13.3,7.8
1507,7.2,0.0,71.1,10.1,19.6,13.8,9.6
1508,6.4,0.0,33.5,10.3,13.7,12.3,10.6
1509,4.9,0.1,63.2,14.6,23.6,12.9,9.1
1510,3.7,0.0,71.6,22.7,20.9,12.3,7.6
1511,1.8,0.1,79.0,16.3,21.2,14.0,9.8
1512,4.4,0.1,74.8,18.5,22.1,11.7,12.1
1513,3.7,0.0,72.7,21.3,20.0,14.1,8.4
1514,1.7,0.0,77.5,15.5,19.9,11.4,8.6
1515,4.1,0.0,71.6,10.1,23.6,12.1,6.4
1516,2.6,0.0,72.4,17.4,19.2,11.0,8.0
1517,2.6,0.0,76.9,19.2,20.9,12.5,7.6
1518,6.2,0.0,73.6,25.7,20.2,10.6,8.8
1519,7.0,0.0,68.4,17.2,20.5,11.1,11.1
1520,5.9,0.0,81.4,24.5,20.7,11.5,10.7
1521,7.1,0.0,75.8,27.7,20.9,12.0,7.8
1522,4.9,0.0,64.1,18.3,21.0,12.2,8.6
1523,4.8,0.0,54.0,5.7,20.7,11.0,8.1
1524,7.1,0.1,55.3,14.3,21.6,11.7,7.8
1525,4.3,0.0,74.3,21.6,21.4,13.3,8.4
1526,14.7,0.0,75.8,34.6,19.6,14.1,8.4
1527,14.3,0.1,75.8,28.9,18.5,12.8,9.0
1528,10.4,0.0,64.0,32.6,17.0,12.9,8.7
1529,4.4,0.0,53.0,33.9,20.4,12.9,10.8
1530,7.7,0.0,81.5,35.2,18.5,12.1,10.0
1531,2.6,0.0,73.8,19.1,21.1,11.3,7.6
1532,2.0,0.0,77.2,23.3,20.6,12.8,11.3
1533,0.7,0.0,73.3,15.3,17.1,12.0,8.5
1534,0.9,0.1,60.7,10.4,19.4,11.6,8.2
1535,1.0,0.2,72.3,15.2,19.2,14.8,7.6
1536,1.3,0.2,67.2,15.8,19.7,12.5,10.0
1537,3.2,0.1,50.1,12.2,19.3,10.7,8.5
1538,5.6,0.0,78.2,27.3,21.5,11.1,7.5
1539,2.9,0.0,77.8,25.2,19.8,11.9,9.4
1540,2.7,0.1,67.9,18.2,23.2,12.0,8.8
1541,4.9,0.0,57.1,12.6,21.4,11.1,9.7
1542,3.1,0.1,71.0,19.7,21.7,14.0,7.2
1543,2.6,0.2,65.0,16.8,21.4,11.7,7.1
1544,1.0,0.2,70.2,14.0,19.2,13.2,7.2
1545,3.6,0.2,69.2,28.1,20.0,11.4,8.9
1546,5.6,0.0,65.2,21.2,21.2,9.4,8.9
1547,4.0,0.0,62.8,23.2,20.1,11.3,9.0
1548,2.4,0.0,71.0,13.4,19.9,10.7,7.2
1549,4.5,0.1,41.4,27.7,15.2,10.4,9.3
1550,4.2,0.2,62.0,27.6,13.9,12.7,9.6
1551,4.9,0.0,60.8,34.3,18.6,10.8,8.2
1552,4.6,0.2,61.0,36.9,18.3,13.5,7.8
1553,5.4,0.1,67.7,32.4,24.0,11.0,9.8
1554,5.8,0.1,72.0,33.0,22.9,14.5,8.0
1555,15.0,0.0,68.6,30.9,20.7,9.9,10.2
1556,13.0,0.0,71.4,28.1,19.2,9.5,10.6
1557,10.7,0.0,79.8,31.8,25.0,12.3,9.3
1558,12.5,0.0,74.9,18.2,20.8,12.0,9.8
1559,5.7,0.0,75.0,15.3,19.4,14.1,10.1
1560,7.6,0.0,62.7,27.9,19.7,11.9,9.1
1561,9.0,0.0,77.7,15.0,21.5,9.5,10.4
1562,4.2,0.0,28.7,21.7,15.7,11.9,9.6
1563,4.7,0.0,46.9,19.9,19.8,11.1,7.7
1564,5.7,0.0,39.5,32.7,20.5,10.4,10.1
1565,6.9,0.0,76.2,11.5,22.5,12.1,8.0
1566,18.5,0.0,65.6,22.9,20.7,11.2,8.6
1567,4.4,0.1,64.2,24.7,17.7,12.4,8.8
1568,2.0,0.4,68.6,14.2,17.9,13.2,6.0
1569,3.4,0.2,71.3,22.8,18.0,8.9,10.6
1570,4.7,0.0,80.9,17.3,19.9,13.2,8.4
1571,3.5,0.0,82.5,14.6,18.6,11.3,8.3
1572,5.4,0.0,81.2,4.9,16.4,10.6,9.4
1573,1.5,0.0,76.8,8.5,19.4,10.5,10.2
1574,7.6,0.0,55.5,4.4,19.0,9.2,10.6
1575,10.6,0.0,46.2,13.1,14.5,9.4,7.2
1576,4.9,0.1,23.4,4.0,14.8,11.0,10.3
1577,8.6,0.0,31.6,4.9,16.4,11.0,9.6
1578,9.6,0.0,31.3,5.2,17.5,8.4,8.3
1579,3.7,0.0,33.5,2.5,13.6,9.1,7.4
1580,21.8,0.0,58.6,6.0,16.1,8.9,8.8
1581,1.1,0.0,28.4,2.3,11.0,11.2,7.2
1582,1.4,0.1,10.6,8.4,9.1,10.8,10.2
1583,9.0,0.0,32.7,8.8,18.8,11.5,9.6
1584,2.7,0.0,8.2,11.0,10.3,9.1,10.5
1585,5.1,0.0,49.7,7.0,13.7,10.8,9.4
1586,7.7,0.0,66.1,10.4,18.5,11.3,8.4
1587,6.9,0.1,72.6,29.2,20.0,9.7,10.3
1588,2.5,0.0,72.6,26.5,21.3,10.7,6.2
1589,3.6,0.0,61.4,29.9,22.7,11.5,8.7
1590,2.4,0.1,70.1,17.4,21.0,14.3,9.3
1591,2.0,0.0,69.3,13.4,20.8,11.6,6.9
1592,2.0,0.0,69.7,12.6,22.1,9.0,8.7
1593,4.1,0.0,66.6,15.9,21.1,12.6,9.9
1594,6.4,0.0,62.5,17.7,22.5,11.9,7.8
1595,2.6,0.0,59.0,12.1,20.0,10.5,8.0
1596,2.5,0.0,76.2,20.7,20.8,10.4,9.7
1597,4.7,0.0,56.7,17.5,17.5,12.3,8.0
1598,3.7,0.1,74.3,23.6,16.0,12.3,8.4
1599,4.6,0.3,64.4,19.8,19.8,13.2,7.7
1600,12.3,0.1,58.0,25.6,18.3,11.8,7.2
1601,2.7,0.1,68.4,16.7,16.3,12.7,8.1
1602,2.6,0.1,68.9,15.5,17.9,12.3,9.3
1603,2.7,0.0,69.1,18.2,20.9,13.8,7.8
1604,2.8,0.0,64.6,20.0,18.0,9.4,9.0
1605,1.8,0.1,65.9,16.7,18.0,11.9,8.9
1606,1.7,0.2,73.7,20.8,18.4,11.7,8.3
1607,7.9,0.0,52.7,22.1,20.1,11.4,8.9
1608,3.3,0.0,64.2,19.7,20.4,13.4,7.9
1609,5.6,0.0,63.4,26.0,15.7,9.9,6.4
1610,5.4,0.0,60.8,18.5,18.8,10.9,6.5
1611,3.4,0.0,66.9,17.3,20.5,13.6,8.3
1612,8.8,0.0,45.3,12.7,23.4,11.0,9.0
1613,2.3,0.0,70.1,14.7,21.3,7.7,8.3
1614,3.2,0.0,71.7,18.0,22.5,9.6,9.0
1615,1.3,0.1,74.9,12.2,22.6,13.0,6.1
1616,2.8,0.0,72.7,18.2,19.2,12.4,9.4
1617,4.9,0.0,69.4,19.4,20.2,11.5,7.6
1618,4.2,0.0,57.2,8.9,23.9,12.4,8.3
1619,6.4,0.0,61.4,14.8,20.6,12.3,7.7
1620,4.8,0.0,47.9,8.6,21.3,12.4,8.6
1621,6.0,0.0,72.5,24.4,21.3,12.2,8.4
1622,3.7,0.0,64.1,9.6,22.5,10.0,9.3
1623,5.7,0.0,76.5,25.2,18.8,10.0,9.0
1624,4.9,0.2,69.4,22.6,20.8,11.0,7.4
1625,5.1,0.0,75.3,23.6,18.8,11.1,7.1
1626,2.5,0.1,62.5,17.3,19.4,12.1,8.8
1627,1.1,0.3,71.3,12.2,20.2,10.2,8.9
1628,1.7,0.2,68.9,14.7,19.2,9.2,9.4
1629,2.0,0.0,65.3,17.0,20.0,10.3,7.8
1630,2.6,0.1,60.2,16.4,21.4,11.3,8.8
1631,6.1,0.2,63.6,18.1,20.8,12.0,9.1
1632,3.1,0.3,64.9,23.8,18.4,11.8,9.6
1633,4.2,0.2,58.8,19.5,19.3,11.1,10.1
1634,4.6,0.4,62.0,29.8,20.0,9.1,8.5
1635,4.5,0.2,64.9,25.3,17.7,12.7,8.2
1636,61.3,0.0,52.8,14.0,16.2,10.8,8.9
1637,52.7,0.1,45.2,16.6,16.7,11.0,8.6
1638,4.6,0.1,71.3,15.7,21.8,11.3,8.7
1639,17.8,0.1,71.8,26.9,22.9,11.8,10.2
1640,3.0,0.1,70.9,16.9,20.2,10.2,8.4
1641,21.3,0.0,75.0,24.8,17.6,10.6,8.0
1642,18.4,0.0,78.5,24.8,19.5,11.7,6.8
1643,15.6,0.0,77.1,29.2,20.4,11.4,9.1
1644,5.9,0.0,71.5,15.7,19.6,9.5,9.7
1645,4.4,0.1,74.3,22.7,21.6,12.4,6.0
1646,13.1,0.0,71.2,20.5,20.4,11.7,9.2
1647,7.5,0.0,77.8,17.7,20.8,14.1,9.9
1648,36.6,0.0,62.3,31.5,19.9,11.7,9.3
1649,12.2,0.0,54.9,8.7,23.2,11.7,8.3
1650,21.8,0.0,68.6,28.5,20.3,10.9,10.5
1651,24.3,0.0,64.6,28.1,21.4,11.2,8.7
1652,16.1,0.0,68.0,17.7,18.7,12.3,10.5
1653,7.4,0.0,76.7,23.0,20.0,11.9,7.1
1654,3.4,0.1,54.4,29.1,19.2,15.5,9.7
1655,2.5,0.0,67.5,36.3,21.0,14.2,10.7
1656,5.6,0.0,69.4,24.5,18.6,11.6,9.1
1657,2.6,0.2,73.2,18.5,19.6,11.0,10.2
1658,0.9,0.2,71.2,16.1,18.8,9.9,7.9
1659,2.8,0.1,66.8,20.0,16.6,10.5,9.5
1660,3.5,0.1,73.1,17.6,17.6,10.2,9.3
1661,1.9,0.0,57.6,10.9,18.3,10.2,7.7
1662,2.3,0.1,69.0,17.7,22.4,12.3,9.3
1663,3.5,0.0,67.7,21.5,20.3,10.7,8.1
1664,1.5,0.2,70.3,17.5,18.3,14.6,7.3
1665,4.0,0.1,67.3,20.8,19.7,12.1,10.7
1666,2.2,0.1,66.6,17.5,18.7,11.7,9.7
1667,2.6,0.1,67.8,23.8,17.3,13.6,9.7
1668,5.5,0.0,54.8,26.7,18.0,14.6,9.5
1669,1.5,0.1,72.8,23.9,20.1,14.0,8.3
1670,2.3,0.1,71.3,14.9,17.6,11.8,10.6
1671,1.7,0.1,70.9,19.4,16.4,11.4,7.0
1672,4.2,0.0,46.3,8.9,22.5,13.4,8.2
1673,1.5,0.2,67.4,14.4,20.2,11.2,8.5
1674,5.1,0.0,63.5,25.5,19.2,13.0,7.6
1675,2.3,0.2,62.6,27.7,21.0,10.1,7.5
1676,1.2,0.2,71.1,17.2,22.6,10.1,11.5
1677,1.6,0.2,65.7,15.5,21.9,10.3,9.9
1678,2.2,0.1,66.6,23.5,20.9,14.5,11.2
1679,4.8,0.0,50.4,20.7,19.7,11.3,8.0
1680,1.7,0.3,71.0,23.6,19.4,10.4,8.1
1681,5.0,0.0,47.3,15.1,21.0,13.2,9.7
1682,2.0,0.2,67.5,26.9,18.6,14.1,8.6
1683,2.2,0.4,69.1,18.1,19.6,12.1,10.0
1684,2.5,0.1,62.5,24.2,21.4,13.7,10.3
1685,1.7,0.1,67.6,13.2,21.4,10.1,8.3
1686,1.4,0.5,66.3,21.6,17.7,11.0,9.1
1687,1.6,0.3,67.0,12.3,18.9,11.7,8.6
1688,3.1,0.1,60.2,13.9,18.6,13.7,8.4
1689,2.5,0.3,56.4,23.1,19.4,11.3,8.8
1690,4.5,0.1,48.1,11.5,15.9,10.7,11.0
1691,2.3,0.2,61.3,12.5,20.6,9.3,11.2
1692,2.6,0.0,55.3,18.9,20.7,10.0,10.2
1693,3.6,0.2,60.0,27.2,19.6,15.1,9.2
1694,1.9,0.1,73.7,32.0,20.2,12.7,8.2
1695,1.6,0.3,71.1,12.4,21.3,9.6,8.8
1696,3.8,0.1,48.3,25.0,20.1,13.7,9.1
1697,3.9,0.2,70.3,14.9,23.8,11.9,9.7
1698,1.8,0.1,71.5,30.7,21.1,12.7,9.7
1699,1.0,0.4,64.0,15.4,18.6,11.4,8.0
1700,3.0,0.4,69.3,12.9,19.0,11.0,8.4
1701,2.0,0.0,51.7,7.3,19.6,11.1,9.3
1702,2.4,0.0,49.7,12.3,24.8,11.3,9.5
1703,3.5,0.1,62.9,29.2,22.4,15.2,8.5
1704,4.5,0.0,56.7,25.0,21.5,11.6,8.7
1705,3.4,0.0,47.2,6.5,21.1,10.7,10.0
1706,1.9,0.2,66.2,7.6,20.4,12.5,9.2
1707,2.3,0.1,51.8,22.2,22.2,11.4,10.6
1708,2.0,0.7,72.7,17.1,19.3,10.9,8.7
1709,4.9,0.1,73.8,30.6,14.1,14.1,9.4
1710,4.9,0.1,66.1,33.3,16.9,10.6,8.3
1711,7.1,0.0,68.9,26.6,19.4,11.4,10.4
1712,8.3,0.0,70.9,33.7,16.1,11.8,11.2
1713,3.8,0.1,69.5,27.8,22.9,13.9,11.4
1714,9.9,0.1,77.7,26.6,18.2,13.6,9.1
1715,14.9,0.0,63.1,31.0,22.0,12.1,9.8
1716,7.4,0.0,54.2,32.6,20.4,12.9,10.2
1717,6.1,0.0,60.8,23.7,17.2,12.1,9.3
1718,3.6,0.0,71.0,19.3,19.4,12.7,6.5
1719,6.0,0.0,66.0,24.7,19.7,10.7,7.2
1720,7.6,0.1,72.7,31.2,15.4,9.8,10.3
1721,17.9,0.0,50.9,7.8,20.4,11.9,9.0
1722,2.0,0.0,72.2,16.3,18.6,12.5,7.8
1723,21.6,0.0,78.8,11.1,15.3,13.7,6.5
1724,28.1,0.0,66.9,14.8,18.7,11.9,10.7
1725,4.0,0.2,70.8,12.2,18.5,14.5,8.8
1726,3.7,0.3,62.1,18.9,21.4,12.7,9.6
1727,3.2,0.5,68.6,31.0,22.0,13.2,10.6
1728,3.0,0.3,64.1,26.9,19.3,13.0,8.1
1729,2.9,0.2,63.4,31.0,21.3,13.4,9.2
1730,3.5,0.5,66.1,27.1,20.2,13.9,10.6
1731,4.8,0.0,50.6,5.6,18.5,14.0,10.8
1732,3.9,0.2,72.1,19.9,19.8,9.3,9.4
1733,4.6,0.0,53.6,12.6,20.7,12.0,9.8
1734,6.0,0.1,60.4,36.4,20.5,12.4,11.3
1735,2.3,0.1,71.5,15.2,15.9,14.8,9.6
1736,3.5,0.0,74.6,17.5,20.5,11.7,9.0
1737,0.8,0.1,71.5,9.5,18.8,9.6,10.0
1738,4.6,0.0,69.3,27.9,22.3,12.8,7.9
1739,5.5,0.0,61.8,30.6,22.2,10.7,8.1
1740,4.1,0.1,68.4,20.5,22.3,11.6,8.8
1741,5.0,0.0,44.3,12.6,24.7,11.5,9.3
1742,6.1,0.0,69.9,32.1,20.6,10.8,8.9
1743,3.8,0.0,70.8,20.5,22.0,9.4,7.8
1744,2.5,0.1,76.2,20.4,21.7,13.8,10.0
1745,3.3,0.0,71.0,22.3,21.4,10.2,8.6
1746,4.3,0.1,70.8,27.6,20.9,12.7,9.7
