,Number; RACE - Total population - Two or More Races - White; American Indian and Alaska Native [3],Number; RACE - Total population - Two or More Races - White; Black or African American [3],Number; HISPANIC OR LATINO - Total population - Hispanic or Latino (of any race) - Cuban,Number; HISPANIC OR LATINO AND RACE - Total population - Not Hispanic or Latino - Some Other Race alone,Number; RELATIONSHIP - Total population - In group quarters - Institutionalized population,Number; RELATIONSHIP - Total population - In group quarters - Institutionalized population - Female
0,3095.0,2590.0,852.0,709.0,8542.0,2086.0
1,3095.0,2590.0,852.0,709.0,8542.0,2086.0
2,2924.0,3296.0,558.0,540.0,17155.0,5499.0
3,2669.0,3161.0,633.0,563.0,10998.0,3062.0
4,5306.0,2590.0,401.0,426.0,6738.0,3239.0
5,4892.0,3912.0,631.0,697.0,8239.0,2493.0
6,2166.0,2111.0,639.0,654.0,7820.0,2325.0
7,901.0,2006.0,350.0,441.0,7512.0,3674.0
8,26127.0,4685.0,927.0,1111.0,6458.0,1832.0
9,4523.0,4836.0,1210.0,1089.0,10977.0,2189.0
10,4523.0,4836.0,1210.0,1089.0,10977.0,2189.0
11,3523.0,3214.0,1025.0,1037.0,12849.0,1216.0
12,5157.0,2747.0,708.0,679.0,21740.0,1772.0
13,2999.0,4334.0,924.0,850.0,1075.0,666.0
14,2769.0,3552.0,1456.0,990.0,2044.0,1130.0
15,2656.0,4511.0,2275.0,1021.0,10237.0,1522.0
16,3058.0,4530.0,1028.0,890.0,7580.0,5813.0
17,3773.0,2888.0,214.0,314.0,21502.0,5074.0
18,3689.0,4207.0,472.0,769.0,8166.0,3443.0
19,8747.0,3128.0,554.0,635.0,5583.0,3002.0
20,13237.0,3058.0,473.0,1232.0,15244.0,2348.0
21,9581.0,2899.0,870.0,2070.0,12672.0,1825.0
22,7633.0,5299.0,743.0,1875.0,14325.0,2033.0
23,8727.0,2459.0,678.0,1397.0,11036.0,1429.0
24,5968.0,4558.0,890.0,1512.0,7505.0,2457.0
25,5652.0,8743.0,976.0,1763.0,4536.0,1628.0
26,5809.0,6710.0,896.0,1714.0,9035.0,1284.0
27,6622.0,5280.0,1799.0,1283.0,8277.0,1150.0
28,5070.0,4732.0,692.0,1259.0,4880.0,1819.0
29,6194.0,3793.0,638.0,1423.0,7815.0,2000.0
30,3667.0,4309.0,1108.0,2221.0,4229.0,2289.0
31,2808.0,3336.0,1757.0,2178.0,5179.0,2303.0
32,3172.0,6175.0,1458.0,2402.0,3900.0,1818.0
33,2439.0,2524.0,1207.0,2739.0,3392.0,1671.0
34,3373.0,3603.0,944.0,1608.0,8429.0,3029.0
35,4036.0,3159.0,484.0,1592.0,14752.0,9190.0
36,2148.0,2309.0,674.0,1481.0,4396.0,1611.0
37,3390.0,2756.0,1140.0,1777.0,3109.0,1889.0
38,3247.0,2462.0,914.0,1337.0,2641.0,670.0
39,4504.0,2766.0,659.0,1323.0,13989.0,1656.0
40,3057.0,2185.0,399.0,1762.0,45973.0,1122.0
41,4929.0,3050.0,517.0,1314.0,3570.0,1576.0
42,6984.0,4092.0,901.0,1374.0,20495.0,1474.0
43,5528.0,2727.0,746.0,1581.0,14691.0,1585.0
44,3799.0,4456.0,3357.0,1778.0,7861.0,402.0
45,4257.0,2581.0,1076.0,1141.0,3679.0,1474.0
46,2253.0,2444.0,2878.0,1371.0,4635.0,2528.0
47,2332.0,2568.0,4991.0,1812.0,3717.0,2184.0
48,1759.0,2100.0,2713.0,1949.0,3925.0,1877.0
49,2263.0,3819.0,2944.0,2066.0,3361.0,2041.0
50,3336.0,4902.0,2103.0,1472.0,9689.0,2466.0
51,2594.0,1950.0,2923.0,1128.0,3349.0,1882.0
52,2446.0,3192.0,2429.0,2102.0,2290.0,1287.0
53,1711.0,1624.0,2263.0,1675.0,12665.0,2097.0
54,2631.0,2896.0,2223.0,1383.0,9199.0,3332.0
55,3979.0,3353.0,1167.0,1011.0,10920.0,1307.0
56,1594.0,4144.0,2143.0,3676.0,2709.0,1364.0
57,2636.0,1962.0,2682.0,1171.0,3981.0,1886.0
58,2813.0,1937.0,2503.0,1218.0,1560.0,964.0
59,1305.0,1082.0,4619.0,1195.0,1720.0,957.0
60,3157.0,4888.0,1988.0,1352.0,3461.0,1445.0
61,4210.0,4208.0,2471.0,1193.0,6479.0,573.0
62,1635.0,3181.0,3608.0,2490.0,3080.0,1719.0
63,1695.0,2074.0,1932.0,1380.0,4939.0,2808.0
64,2510.0,2403.0,2027.0,1612.0,1503.0,682.0
65,2230.0,1704.0,1575.0,1057.0,8749.0,2669.0
66,3176.0,3677.0,2066.0,1489.0,3503.0,1971.0
67,3598.0,1966.0,1935.0,1366.0,1794.0,1009.0
68,3523.0,3363.0,1421.0,1477.0,2512.0,1241.0
69,4723.0,3618.0,1008.0,1148.0,3266.0,2168.0
70,2350.0,2805.0,1144.0,1128.0,19412.0,863.0
71,3077.0,3564.0,1372.0,1970.0,4877.0,1504.0
72,3466.0,5475.0,1483.0,1560.0,4237.0,2311.0
73,4115.0,4893.0,1009.0,1419.0,6930.0,2906.0
74,4195.0,2336.0,910.0,977.0,3986.0,1848.0
75,6404.0,2008.0,472.0,941.0,7754.0,2919.0
76,6431.0,7358.0,1195.0,1199.0,14690.0,1896.0
77,3684.0,6853.0,1202.0,1199.0,5549.0,2079.0
78,5486.0,3111.0,775.0,1010.0,6263.0,2248.0
79,1622.0,5341.0,2072.0,1988.0,8621.0,4687.0
80,3349.0,4973.0,1037.0,1159.0,17700.0,4445.0
81,1556.0,5442.0,2023.0,1933.0,6942.0,3684.0
82,1078.0,3531.0,2741.0,3442.0,6045.0,3454.0
83,1814.0,5499.0,1617.0,3668.0,10062.0,5389.0
84,2402.0,8736.0,1443.0,1525.0,11673.0,3643.0
85,5439.0,5106.0,2221.0,1152.0,14207.0,2214.0
86,4384.0,4037.0,5031.0,811.0,38525.0,3594.0
87,3067.0,4878.0,7466.0,1342.0,21737.0,5448.0
88,2617.0,4153.0,5211.0,1541.0,4449.0,2328.0
89,2274.0,5434.0,5411.0,1229.0,22178.0,3971.0
90,2800.0,4236.0,5402.0,1177.0,7728.0,2967.0
91,2237.0,5031.0,13016.0,1961.0,4312.0,2390.0
92,2894.0,4837.0,6472.0,1329.0,6937.0,2339.0
93,1910.0,5604.0,12626.0,2476.0,7628.0,1603.0
94,2768.0,3535.0,5881.0,1112.0,14941.0,2998.0
95,2768.0,3535.0,5881.0,1112.0,14941.0,2998.0
96,2733.0,3783.0,7953.0,1110.0,5573.0,2592.0
97,2501.0,4707.0,6573.0,1411.0,9983.0,4623.0
98,2501.0,4707.0,6573.0,1411.0,9983.0,4623.0
99,1958.0,5966.0,53870.0,1763.0,3857.0,1945.0
100,2595.0,5627.0,13674.0,1935.0,6501.0,1582.0
101,2130.0,3998.0,7842.0,1256.0,6220.0,3206.0
102,2327.0,3248.0,9551.0,805.0,15996.0,3417.0
103,1767.0,3735.0,13004.0,1623.0,5907.0,1730.0
104,1484.0,3163.0,21907.0,1595.0,5842.0,2412.0
105,1484.0,3163.0,21907.0,1595.0,5842.0,2412.0
106,694.0,4666.0,29017.0,2946.0,12519.0,2508.0
107,1305.0,3087.0,23373.0,2418.0,3702.0,2397.0
108,1190.0,3621.0,15952.0,4262.0,4085.0,1534.0
109,1021.0,4109.0,51318.0,2790.0,2213.0,1520.0
110,508.0,3387.0,77036.0,1829.0,6919.0,2577.0
111,544.0,1731.0,300080.0,746.0,8660.0,1246.0
112,791.0,2998.0,242673.0,1394.0,5356.0,1388.0
113,617.0,2530.0,260255.0,1540.0,2492.0,1450.0
114,2523.0,5311.0,1390.0,1074.0,14274.0,2672.0
115,1526.0,3824.0,919.0,744.0,21502.0,2874.0
116,2382.0,4785.0,1388.0,1179.0,7861.0,2741.0
117,1008.0,4656.0,2089.0,1829.0,6040.0,1579.0
118,971.0,3651.0,1984.0,1191.0,9584.0,2842.0
119,1787.0,3689.0,3252.0,2773.0,1233.0,769.0
120,1583.0,4359.0,3724.0,2061.0,5359.0,1251.0
121,2026.0,3437.0,1795.0,876.0,18215.0,4505.0
122,3128.0,2836.0,1127.0,653.0,7491.0,3682.0
123,1941.0,3738.0,1499.0,1114.0,13951.0,2265.0
124,2199.0,4666.0,2330.0,2309.0,5496.0,1854.0
125,1895.0,4601.0,878.0,866.0,19633.0,3000.0
126,1298.0,5659.0,1569.0,1700.0,5192.0,1588.0
127,2931.0,4186.0,1104.0,772.0,8714.0,2691.0
128,2480.0,1847.0,672.0,868.0,6453.0,2174.0
129,5452.0,2036.0,872.0,1020.0,4853.0,2330.0
130,7329.0,2236.0,424.0,714.0,10788.0,2358.0
131,5159.0,2133.0,401.0,825.0,6288.0,2460.0
132,956.0,2931.0,594.0,694.0,4532.0,2296.0
133,1193.0,4948.0,541.0,890.0,5932.0,2858.0
134,1663.0,1851.0,890.0,700.0,7006.0,2388.0
135,1865.0,2807.0,3111.0,1169.0,1373.0,746.0
136,1672.0,2469.0,3443.0,1151.0,4142.0,2489.0
137,1453.0,2233.0,1484.0,776.0,4966.0,2982.0
138,690.0,3427.0,1405.0,1102.0,15332.0,2497.0
139,1403.0,3406.0,3043.0,1555.0,9168.0,5185.0
140,1669.0,3273.0,1388.0,1599.0,6755.0,3729.0
141,1641.0,4993.0,975.0,934.0,4356.0,2330.0
142,2579.0,5468.0,312.0,732.0,16615.0,3746.0
143,2304.0,6963.0,495.0,959.0,11381.0,4836.0
144,1804.0,2763.0,1370.0,684.0,3445.0,1340.0
145,2485.0,3616.0,215.0,320.0,19541.0,4936.0
146,2540.0,3736.0,618.0,509.0,13012.0,5202.0
147,2747.0,8229.0,667.0,636.0,15048.0,4744.0
148,2131.0,4331.0,450.0,678.0,14325.0,5867.0
149,2265.0,4542.0,632.0,692.0,10766.0,2598.0
150,3069.0,6289.0,447.0,815.0,11263.0,3671.0
151,2476.0,5732.0,275.0,844.0,7437.0,3949.0
152,2471.0,4026.0,428.0,770.0,12853.0,3966.0
153,1764.0,5518.0,591.0,1407.0,9405.0,3206.0
154,2628.0,4090.0,267.0,706.0,11530.0,5061.0
155,2281.0,9129.0,639.0,1810.0,7505.0,3332.0
156,2298.0,5071.0,288.0,795.0,16986.0,6070.0
157,2180.0,5375.0,228.0,432.0,10718.0,5384.0
158,2733.0,5529.0,383.0,576.0,11166.0,4407.0
159,2323.0,4996.0,383.0,759.0,9756.0,4921.0
160,2239.0,3163.0,232.0,365.0,11642.0,6520.0
161,4216.0,5047.0,687.0,587.0,13259.0,5287.0
162,8340.0,6732.0,455.0,590.0,13736.0,4627.0
163,3521.0,5529.0,963.0,1051.0,5415.0,2982.0
164,7086.0,6858.0,618.0,700.0,8983.0,3513.0
165,2952.0,5348.0,352.0,544.0,14090.0,4918.0
166,2949.0,5783.0,486.0,805.0,9495.0,4013.0
167,2096.0,7036.0,7106.0,1232.0,8421.0,4047.0
168,2577.0,4812.0,515.0,814.0,13103.0,4154.0
169,3056.0,1863.0,194.0,247.0,17693.0,4089.0
170,2542.0,6143.0,670.0,992.0,7977.0,3076.0
171,3472.0,3191.0,4071.0,1742.0,4548.0,2260.0
172,1299.0,3038.0,2544.0,1396.0,15324.0,3739.0
173,2150.0,4316.0,1197.0,1314.0,8831.0,3241.0
174,3477.0,3780.0,403.0,921.0,19029.0,3846.0
175,2293.0,2775.0,359.0,474.0,35655.0,5527.0
176,2293.0,2775.0,359.0,474.0,35655.0,5527.0
177,3776.0,2550.0,480.0,566.0,7328.0,3283.0
178,4953.0,2021.0,303.0,448.0,5081.0,2820.0
179,2296.0,5024.0,705.0,879.0,9451.0,2658.0
180,2326.0,8184.0,959.0,1325.0,11437.0,3655.0
181,2116.0,5742.0,1364.0,1596.0,4334.0,2592.0
182,1222.0,4686.0,1188.0,1507.0,3834.0,1762.0
183,2208.0,7004.0,1220.0,1448.0,3945.0,1690.0
184,2013.0,7259.0,1647.0,1690.0,16865.0,3009.0
185,1113.0,4418.0,986.0,1237.0,11449.0,3564.0
186,2333.0,5561.0,932.0,966.0,8633.0,4340.0
187,2392.0,4857.0,1191.0,2865.0,7991.0,4228.0
188,1645.0,4616.0,1239.0,4641.0,11003.0,2933.0
189,1518.0,2979.0,1078.0,3521.0,8135.0,3936.0
190,1308.0,3721.0,1415.0,9458.0,5758.0,4295.0
191,1738.0,3646.0,875.0,2301.0,7762.0,3748.0
192,1334.0,5696.0,2574.0,14325.0,5210.0,1900.0
193,1423.0,3933.0,1376.0,12794.0,11017.0,4674.0
194,2417.0,3955.0,626.0,10676.0,9158.0,4185.0
195,8678.0,1824.0,255.0,226.0,18113.0,3694.0
196,3889.0,5923.0,1599.0,582.0,8289.0,2452.0
197,3431.0,7090.0,900.0,724.0,11335.0,2598.0
198,4515.0,2881.0,340.0,357.0,12939.0,2803.0
199,4045.0,7076.0,350.0,611.0,5312.0,2566.0
200,4266.0,7170.0,567.0,775.0,5021.0,2580.0
201,4097.0,5328.0,566.0,580.0,17662.0,2263.0
202,3543.0,5818.0,1760.0,709.0,3267.0,1667.0
203,3236.0,5201.0,522.0,806.0,4571.0,2534.0
204,3494.0,3248.0,334.0,410.0,5618.0,1913.0
205,2487.0,3126.0,577.0,755.0,3049.0,1974.0
206,3343.0,6146.0,789.0,1166.0,2727.0,1588.0
207,2121.0,5995.0,808.0,1002.0,3756.0,2150.0
208,1692.0,2742.0,400.0,515.0,10282.0,4804.0
209,2674.0,5091.0,461.0,998.0,4066.0,2535.0
210,2139.0,5316.0,443.0,974.0,2588.0,1387.0
211,3150.0,6975.0,736.0,879.0,7053.0,2743.0
212,3562.0,9007.0,817.0,1639.0,6596.0,3650.0
213,2681.0,3448.0,323.0,423.0,6079.0,1747.0
214,5052.0,1838.0,198.0,264.0,8479.0,5141.0
215,6305.0,2495.0,283.0,255.0,11165.0,3787.0
216,1776.0,3105.0,283.0,471.0,7745.0,3408.0
217,772.0,1898.0,239.0,310.0,20849.0,2934.0
218,1318.0,2215.0,620.0,417.0,16277.0,5670.0
219,2848.0,3870.0,921.0,630.0,10264.0,2870.0
220,1777.0,6776.0,796.0,1135.0,8071.0,3147.0
221,2054.0,3124.0,593.0,676.0,9773.0,5575.0
222,3436.0,4136.0,339.0,594.0,10588.0,2876.0
223,5437.0,5276.0,580.0,665.0,12207.0,4191.0
224,4237.0,7470.0,1530.0,888.0,7330.0,3853.0
225,3685.0,4785.0,573.0,628.0,18412.0,7223.0
226,8033.0,4332.0,356.0,473.0,7876.0,3856.0
227,5079.0,3138.0,212.0,313.0,19017.0,5156.0
228,5079.0,3138.0,212.0,313.0,19017.0,5156.0
229,14228.0,2578.0,421.0,540.0,11929.0,4640.0
230,2646.0,4357.0,695.0,677.0,8010.0,3234.0
231,2163.0,5358.0,511.0,1035.0,6050.0,2287.0
232,2778.0,1510.0,946.0,404.0,9573.0,5119.0
233,2512.0,4944.0,12375.0,1354.0,6024.0,1283.0
234,5360.0,3092.0,771.0,943.0,8467.0,1224.0
235,3081.0,5472.0,4878.0,1386.0,1415.0,834.0
236,3282.0,6103.0,3435.0,1057.0,9929.0,1900.0
237,2919.0,2909.0,635.0,817.0,5896.0,3203.0
238,3185.0,2112.0,714.0,986.0,7217.0,2924.0
239,1521.0,5635.0,1533.0,1023.0,7202.0,3153.0
240,1521.0,5635.0,1533.0,1023.0,7202.0,3153.0
241,2155.0,5715.0,1649.0,921.0,16347.0,3504.0
242,1729.0,5178.0,2419.0,1742.0,14150.0,3211.0
243,1239.0,3073.0,2784.0,984.0,6011.0,3352.0
244,1278.0,2627.0,6567.0,1327.0,6911.0,3870.0
245,1202.0,3905.0,5109.0,2819.0,6271.0,2213.0
246,1174.0,2667.0,4653.0,1387.0,8358.0,3997.0
247,1048.0,4949.0,36495.0,6512.0,6390.0,2026.0
248,997.0,4307.0,9679.0,2573.0,2532.0,971.0
249,653.0,4745.0,4629.0,4901.0,10474.0,1997.0
250,1038.0,2606.0,4626.0,1382.0,6880.0,4137.0
251,931.0,4104.0,3219.0,2039.0,9095.0,3010.0
252,5237.0,3217.0,3129.0,1493.0,6807.0,1901.0
253,4694.0,2178.0,541.0,994.0,12579.0,2738.0
254,6774.0,2018.0,628.0,1263.0,5880.0,1567.0
255,1386.0,3639.0,1982.0,1266.0,6572.0,3245.0
256,1040.0,3342.0,2332.0,1657.0,3837.0,2593.0
257,707.0,1738.0,2419.0,1963.0,6896.0,4510.0
258,955.0,2834.0,3338.0,2610.0,6091.0,2888.0
259,510.0,3532.0,2431.0,23121.0,6140.0,2780.0
260,612.0,2182.0,3292.0,3190.0,4362.0,2990.0
261,1324.0,4356.0,2601.0,4856.0,5451.0,1147.0
262,477.0,3985.0,2412.0,3657.0,4473.0,2526.0
263,518.0,3472.0,2025.0,2872.0,3677.0,2026.0
264,975.0,3040.0,3632.0,2310.0,2505.0,1636.0
265,841.0,3243.0,2460.0,1620.0,4697.0,2476.0
266,986.0,3200.0,4078.0,3241.0,5016.0,2003.0
267,907.0,7611.0,6621.0,2981.0,6462.0,3533.0
268,914.0,3845.0,5088.0,4747.0,16960.0,4280.0
269,728.0,6125.0,4294.0,3770.0,3775.0,1290.0
270,739.0,4746.0,4307.0,4090.0,8216.0,4965.0
271,1125.0,4219.0,3503.0,1931.0,10133.0,3956.0
272,2056.0,6225.0,2864.0,1552.0,12715.0,4281.0
273,2916.0,5264.0,1455.0,1136.0,16173.0,3461.0
274,2154.0,7873.0,1157.0,3665.0,6784.0,3953.0
275,3581.0,3384.0,639.0,721.0,22229.0,3052.0
276,2732.0,5591.0,749.0,626.0,13508.0,4884.0
277,3371.0,5731.0,637.0,672.0,13114.0,4189.0
278,3395.0,7363.0,1940.0,802.0,9779.0,3776.0
279,1829.0,6913.0,2890.0,1079.0,7253.0,3994.0
280,2160.0,6638.0,1136.0,907.0,5350.0,3059.0
281,2404.0,3364.0,521.0,578.0,18995.0,4984.0
282,1346.0,3933.0,782.0,1191.0,18608.0,4403.0
283,2347.0,4600.0,1654.0,1123.0,5744.0,1744.0
284,2347.0,4600.0,1654.0,1123.0,5744.0,1744.0
285,2808.0,5844.0,1277.0,919.0,10759.0,2426.0
286,2021.0,4810.0,1996.0,1610.0,6658.0,3284.0
287,2243.0,3985.0,1243.0,986.0,8664.0,2958.0
288,2278.0,4709.0,887.0,1070.0,6424.0,2839.0
289,2775.0,3820.0,806.0,1045.0,10353.0,2719.0
290,3146.0,6852.0,1618.0,1149.0,7134.0,2817.0
291,3696.0,3815.0,1570.0,1249.0,9897.0,2423.0
292,2670.0,5318.0,1066.0,895.0,8201.0,4163.0
293,4490.0,3474.0,1138.0,580.0,9177.0,3573.0
294,1593.0,5867.0,2851.0,1982.0,5081.0,2023.0
295,1593.0,5867.0,2851.0,1982.0,5081.0,2023.0
296,5455.0,2127.0,260.0,341.0,9675.0,5037.0
297,1849.0,5842.0,599.0,1356.0,11410.0,3340.0
298,3179.0,5117.0,460.0,945.0,7008.0,4178.0
299,2516.0,11624.0,822.0,1847.0,5662.0,2726.0
300,2868.0,7498.0,260.0,815.0,21813.0,7056.0
301,2344.0,3794.0,272.0,558.0,7202.0,4490.0
302,3161.0,4039.0,179.0,453.0,16821.0,4751.0
303,2796.0,5214.0,269.0,733.0,7597.0,4456.0
304,2628.0,6515.0,496.0,935.0,6261.0,3590.0
305,3034.0,11028.0,747.0,1025.0,7133.0,3187.0
306,2770.0,7211.0,610.0,1216.0,8121.0,4175.0
307,1080.0,7115.0,675.0,1208.0,11250.0,5227.0
308,2713.0,5703.0,497.0,1053.0,10272.0,2908.0
309,2701.0,7766.0,405.0,905.0,10650.0,4320.0
310,1904.0,3871.0,408.0,578.0,7807.0,3619.0
311,3251.0,4433.0,458.0,911.0,20567.0,2641.0
312,2117.0,2971.0,366.0,620.0,6468.0,4325.0
313,26772.0,5191.0,732.0,723.0,6405.0,3148.0
314,47640.0,2813.0,260.0,281.0,15818.0,4666.0
315,20901.0,3864.0,496.0,500.0,20337.0,3885.0
316,22893.0,6218.0,560.0,586.0,12311.0,2920.0
317,6363.0,3825.0,923.0,1259.0,6899.0,2833.0
318,10024.0,2248.0,381.0,741.0,11912.0,2033.0
319,7262.0,6705.0,2508.0,1518.0,5052.0,1851.0
320,12839.0,3212.0,478.0,1051.0,3861.0,1811.0
321,8042.0,3312.0,633.0,933.0,8888.0,1894.0
322,1300.0,6130.0,1729.0,1473.0,13061.0,2256.0
323,707.0,4623.0,1555.0,1240.0,6349.0,3546.0
324,1458.0,4294.0,1128.0,790.0,8805.0,3933.0
325,1275.0,3013.0,968.0,760.0,12341.0,4152.0
326,1482.0,3366.0,1057.0,905.0,5930.0,3349.0
327,1482.0,3366.0,1057.0,905.0,5930.0,3349.0
328,1903.0,4451.0,313.0,449.0,11715.0,3573.0
329,2168.0,3482.0,859.0,606.0,16877.0,5248.0
330,1747.0,5014.0,764.0,545.0,14300.0,4832.0
331,1364.0,3928.0,339.0,544.0,9940.0,3735.0
332,1364.0,3928.0,339.0,544.0,9940.0,3735.0
333,1082.0,5142.0,1674.0,2393.0,6837.0,4748.0
334,1488.0,5224.0,1390.0,971.0,7108.0,4050.0
335,1488.0,5224.0,1390.0,971.0,7108.0,4050.0
336,1462.0,7037.0,2243.0,727.0,6798.0,3855.0
337,1462.0,7037.0,2243.0,727.0,6798.0,3855.0
338,1420.0,3756.0,360.0,592.0,9068.0,3947.0
339,1420.0,3756.0,360.0,592.0,9068.0,3947.0
340,1562.0,4983.0,850.0,7502.0,5584.0,3618.0
341,1661.0,3218.0,790.0,1373.0,7348.0,2800.0
342,2246.0,4204.0,1100.0,1226.0,2415.0,1295.0
343,2477.0,4370.0,1010.0,911.0,4196.0,2016.0
344,1867.0,3936.0,733.0,631.0,10931.0,3377.0
345,1718.0,4189.0,1148.0,946.0,7078.0,2667.0
346,2176.0,4053.0,691.0,731.0,8543.0,2255.0
347,1337.0,3116.0,728.0,576.0,22175.0,3248.0
348,2089.0,3564.0,545.0,693.0,8427.0,2385.0
349,8499.0,3064.0,265.0,458.0,14797.0,6011.0
350,3178.0,3371.0,699.0,485.0,9435.0,3929.0
351,3191.0,4176.0,861.0,771.0,6041.0,3265.0
352,3914.0,3440.0,819.0,585.0,9534.0,3616.0
353,3297.0,4945.0,777.0,679.0,7216.0,2942.0
354,2456.0,5158.0,1844.0,1246.0,9983.0,3368.0
355,3205.0,3249.0,677.0,498.0,6253.0,3169.0
356,1987.0,3663.0,457.0,643.0,12781.0,3667.0
357,1042.0,3191.0,710.0,846.0,10400.0,2925.0
358,2805.0,3677.0,320.0,661.0,14019.0,4391.0
359,2198.0,2828.0,2147.0,1410.0,4547.0,1440.0
360,2924.0,3348.0,1386.0,1255.0,2406.0,1105.0
361,5147.0,3810.0,394.0,545.0,13989.0,3836.0
362,3425.0,3591.0,1028.0,666.0,22410.0,3183.0
363,3019.0,4564.0,923.0,983.0,3417.0,1949.0
364,1856.0,2923.0,4019.0,1758.0,1054.0,604.0
365,3300.0,2812.0,1327.0,915.0,25454.0,1650.0
366,846.0,2869.0,3755.0,1453.0,1820.0,1118.0
367,2653.0,3514.0,2681.0,1123.0,6519.0,2680.0
368,3207.0,2560.0,383.0,628.0,13378.0,3245.0
369,3809.0,3382.0,1244.0,766.0,9530.0,4358.0
370,4076.0,3325.0,535.0,645.0,22529.0,3585.0
371,2645.0,3340.0,1066.0,854.0,26127.0,2786.0
372,1052.0,1083.0,744.0,428.0,11024.0,1423.0
373,1518.0,2536.0,798.0,573.0,7705.0,1456.0
374,2626.0,3848.0,1182.0,850.0,13138.0,5199.0
375,1104.0,2847.0,1507.0,1508.0,13589.0,1886.0
376,2805.0,3252.0,439.0,694.0,24567.0,3476.0
377,2361.0,2987.0,1225.0,1375.0,2215.0,1390.0
378,3747.0,2630.0,1554.0,1071.0,6019.0,3270.0
379,1880.0,2864.0,2385.0,1492.0,6104.0,1317.0
380,1907.0,1838.0,734.0,674.0,18511.0,1489.0
381,2747.0,3568.0,1757.0,1398.0,1966.0,1401.0
382,3977.0,4016.0,1100.0,1011.0,15424.0,8142.0
383,3696.0,3889.0,1511.0,1069.0,2959.0,1414.0
384,2570.0,2459.0,856.0,773.0,8723.0,3920.0
385,1468.0,1951.0,735.0,496.0,6268.0,1962.0
386,1330.0,1523.0,1078.0,790.0,1068.0,610.0
387,1333.0,3132.0,879.0,821.0,13614.0,3466.0
388,3450.0,6076.0,1438.0,1076.0,6071.0,2471.0
389,2574.0,3058.0,1378.0,1049.0,2295.0,1561.0
390,1794.0,2604.0,742.0,844.0,3965.0,995.0
391,981.0,787.0,635.0,453.0,16484.0,2483.0
392,2514.0,3507.0,1660.0,1085.0,11140.0,2747.0
393,2961.0,2715.0,996.0,788.0,15344.0,4914.0
394,3701.0,2520.0,314.0,734.0,3572.0,1158.0
395,3215.0,2264.0,626.0,930.0,6440.0,1780.0
396,2939.0,1950.0,454.0,850.0,3001.0,1500.0
397,2783.0,2864.0,569.0,1210.0,9148.0,2180.0
398,4535.0,2353.0,510.0,537.0,5571.0,2808.0
399,3184.0,6684.0,1180.0,1370.0,7293.0,1950.0
400,2976.0,7280.0,1558.0,1368.0,4658.0,1832.0
401,2467.0,7730.0,1808.0,1185.0,8419.0,2955.0
402,1913.0,5143.0,918.0,1046.0,21536.0,3364.0
403,2275.0,5091.0,700.0,957.0,15280.0,4528.0
404,2476.0,5602.0,1368.0,921.0,9675.0,3869.0
405,2180.0,5929.0,1345.0,1581.0,10922.0,2682.0
406,2180.0,5929.0,1345.0,1581.0,10922.0,2682.0
407,2145.0,4436.0,2040.0,2298.0,3074.0,1487.0
408,2172.0,3331.0,474.0,500.0,14954.0,3655.0
409,1897.0,5355.0,1817.0,1789.0,2836.0,912.0
410,2086.0,5623.0,2021.0,2323.0,2686.0,1079.0
411,5416.0,3322.0,531.0,1654.0,4091.0,922.0
412,6654.0,4967.0,557.0,1120.0,4281.0,1917.0
413,8046.0,4082.0,554.0,822.0,3748.0,1321.0
414,5824.0,2588.0,446.0,876.0,6488.0,1908.0
415,7962.0,4368.0,649.0,837.0,9159.0,2294.0
416,9447.0,6412.0,667.0,1108.0,11515.0,3417.0
417,5216.0,4823.0,1063.0,1583.0,4852.0,2182.0
418,6247.0,4510.0,580.0,1092.0,2355.0,1062.0
419,3930.0,6801.0,860.0,1558.0,5710.0,1939.0
420,8027.0,9751.0,837.0,1188.0,5645.0,1830.0
421,2387.0,3516.0,188.0,398.0,11282.0,3375.0
422,2709.0,3337.0,217.0,300.0,10865.0,4384.0
423,2348.0,5217.0,509.0,618.0,9935.0,2692.0
424,2155.0,5910.0,599.0,762.0,5780.0,2572.0
425,2517.0,2582.0,361.0,349.0,11292.0,3461.0
426,2342.0,8421.0,973.0,960.0,5963.0,2614.0
427,1994.0,3267.0,440.0,446.0,6847.0,3700.0
428,2267.0,2572.0,315.0,352.0,17529.0,4369.0
429,4712.0,1867.0,209.0,231.0,8962.0,3844.0
430,4156.0,2754.0,290.0,377.0,7987.0,3388.0
431,4466.0,1900.0,275.0,437.0,6701.0,2428.0
432,3095.0,2590.0,852.0,709.0,8542.0,2086.0
433,2924.0,3296.0,558.0,540.0,17155.0,5499.0
434,2669.0,3161.0,633.0,563.0,10998.0,3062.0
435,5306.0,2590.0,401.0,426.0,6738.0,3239.0
436,4892.0,3912.0,631.0,697.0,8239.0,2493.0
437,2166.0,2111.0,639.0,654.0,7820.0,2325.0
438,901.0,2006.0,350.0,441.0,7512.0,3674.0
439,26127.0,4685.0,927.0,1111.0,6458.0,1832.0
440,4523.0,4836.0,1210.0,1089.0,10977.0,2189.0
441,3523.0,3214.0,1025.0,1037.0,12849.0,1216.0
442,5157.0,2747.0,708.0,679.0,21740.0,1772.0
443,2999.0,4334.0,924.0,850.0,1075.0,666.0
444,2769.0,3552.0,1456.0,990.0,2044.0,1130.0
445,2656.0,4511.0,2275.0,1021.0,10237.0,1522.0
446,3058.0,4530.0,1028.0,890.0,7580.0,5813.0
447,3773.0,2888.0,214.0,314.0,21502.0,5074.0
448,3689.0,4207.0,472.0,769.0,8166.0,3443.0
449,8747.0,3128.0,554.0,635.0,5583.0,3002.0
450,4851.0,3296.0,253.0,403.0,12036.0,4617.0
451,13237.0,3058.0,473.0,1232.0,15244.0,2348.0
452,9581.0,2899.0,870.0,2070.0,12672.0,1825.0
453,7633.0,5299.0,743.0,1875.0,14325.0,2033.0
454,8727.0,2459.0,678.0,1397.0,11036.0,1429.0
455,5968.0,4558.0,890.0,1512.0,7505.0,2457.0
456,5652.0,8743.0,976.0,1763.0,4536.0,1628.0
457,5809.0,6710.0,896.0,1714.0,9035.0,1284.0
458,6622.0,5280.0,1799.0,1283.0,8277.0,1150.0
459,5070.0,4732.0,692.0,1259.0,4880.0,1819.0
460,6194.0,3793.0,638.0,1423.0,7815.0,2000.0
461,3667.0,4309.0,1108.0,2221.0,4229.0,2289.0
462,2808.0,3336.0,1757.0,2178.0,5179.0,2303.0
463,3172.0,6175.0,1458.0,2402.0,3900.0,1818.0
464,2439.0,2524.0,1207.0,2739.0,3392.0,1671.0
465,3373.0,3603.0,944.0,1608.0,8429.0,3029.0
466,4036.0,3159.0,484.0,1592.0,14752.0,9190.0
467,2148.0,2309.0,674.0,1481.0,4396.0,1611.0
468,3390.0,2756.0,1140.0,1777.0,3109.0,1889.0
469,3247.0,2462.0,914.0,1337.0,2641.0,670.0
470,4504.0,2766.0,659.0,1323.0,13989.0,1656.0
471,3057.0,2185.0,399.0,1762.0,45973.0,1122.0
472,4929.0,3050.0,517.0,1314.0,3570.0,1576.0
473,6984.0,4092.0,901.0,1374.0,20495.0,1474.0
474,5528.0,2727.0,746.0,1581.0,14691.0,1585.0
475,3799.0,4456.0,3357.0,1778.0,7861.0,402.0
476,4257.0,2581.0,1076.0,1141.0,3679.0,1474.0
477,2253.0,2444.0,2878.0,1371.0,4635.0,2528.0
478,2332.0,2568.0,4991.0,1812.0,3717.0,2184.0
479,1759.0,2100.0,2713.0,1949.0,3925.0,1877.0
480,2263.0,3819.0,2944.0,2066.0,3361.0,2041.0
481,3336.0,4902.0,2103.0,1472.0,9689.0,2466.0
482,2594.0,1950.0,2923.0,1128.0,3349.0,1882.0
483,2446.0,3192.0,2429.0,2102.0,2290.0,1287.0
484,1711.0,1624.0,2263.0,1675.0,12665.0,2097.0
485,2631.0,2896.0,2223.0,1383.0,9199.0,3332.0
486,3979.0,3353.0,1167.0,1011.0,10920.0,1307.0
487,1594.0,4144.0,2143.0,3676.0,2709.0,1364.0
488,2636.0,1962.0,2682.0,1171.0,3981.0,1886.0
489,2813.0,1937.0,2503.0,1218.0,1560.0,964.0
490,1305.0,1082.0,4619.0,1195.0,1720.0,957.0
491,3157.0,4888.0,1988.0,1352.0,3461.0,1445.0
492,4210.0,4208.0,2471.0,1193.0,6479.0,573.0
493,1635.0,3181.0,3608.0,2490.0,3080.0,1719.0
494,1695.0,2074.0,1932.0,1380.0,4939.0,2808.0
495,2510.0,2403.0,2027.0,1612.0,1503.0,682.0
496,2230.0,1704.0,1575.0,1057.0,8749.0,2669.0
497,3176.0,3677.0,2066.0,1489.0,3503.0,1971.0
498,3598.0,1966.0,1935.0,1366.0,1794.0,1009.0
499,3523.0,3363.0,1421.0,1477.0,2512.0,1241.0
500,4723.0,3618.0,1008.0,1148.0,3266.0,2168.0
501,2350.0,2805.0,1144.0,1128.0,19412.0,863.0
502,3077.0,3564.0,1372.0,1970.0,4877.0,1504.0
503,3466.0,5475.0,1483.0,1560.0,4237.0,2311.0
504,4115.0,4893.0,1009.0,1419.0,6930.0,2906.0
505,4195.0,2336.0,910.0,977.0,3986.0,1848.0
506,6404.0,2008.0,472.0,941.0,7754.0,2919.0
507,4680.0,2345.0,690.0,877.0,16419.0,2311.0
508,6431.0,7358.0,1195.0,1199.0,14690.0,1896.0
509,3684.0,6853.0,1202.0,1199.0,5549.0,2079.0
510,5486.0,3111.0,775.0,1010.0,6263.0,2248.0
511,1622.0,5341.0,2072.0,1988.0,8621.0,4687.0
512,3349.0,4973.0,1037.0,1159.0,17700.0,4445.0
513,1556.0,5442.0,2023.0,1933.0,6942.0,3684.0
514,1078.0,3531.0,2741.0,3442.0,6045.0,3454.0
515,1814.0,5499.0,1617.0,3668.0,10062.0,5389.0
516,2402.0,8736.0,1443.0,1525.0,11673.0,3643.0
517,5439.0,5106.0,2221.0,1152.0,14207.0,2214.0
518,4384.0,4037.0,5031.0,811.0,38525.0,3594.0
519,3067.0,4878.0,7466.0,1342.0,21737.0,5448.0
520,2617.0,4153.0,5211.0,1541.0,4449.0,2328.0
521,2274.0,5434.0,5411.0,1229.0,22178.0,3971.0
522,2800.0,4236.0,5402.0,1177.0,7728.0,2967.0
523,2237.0,5031.0,13016.0,1961.0,4312.0,2390.0
524,2894.0,4837.0,6472.0,1329.0,6937.0,2339.0
525,1910.0,5604.0,12626.0,2476.0,7628.0,1603.0
526,2768.0,3535.0,5881.0,1112.0,14941.0,2998.0
527,2768.0,3535.0,5881.0,1112.0,14941.0,2998.0
528,2733.0,3783.0,7953.0,1110.0,5573.0,2592.0
529,2501.0,4707.0,6573.0,1411.0,9983.0,4623.0
530,1958.0,5966.0,53870.0,1763.0,3857.0,1945.0
531,2595.0,5627.0,13674.0,1935.0,6501.0,1582.0
532,2130.0,3998.0,7842.0,1256.0,6220.0,3206.0
533,2327.0,3248.0,9551.0,805.0,15996.0,3417.0
534,1767.0,3735.0,13004.0,1623.0,5907.0,1730.0
535,1484.0,3163.0,21907.0,1595.0,5842.0,2412.0
536,694.0,4666.0,29017.0,2946.0,12519.0,2508.0
537,1305.0,3087.0,23373.0,2418.0,3702.0,2397.0
538,1190.0,3621.0,15952.0,4262.0,4085.0,1534.0
539,1021.0,4109.0,51318.0,2790.0,2213.0,1520.0
540,508.0,3387.0,77036.0,1829.0,6919.0,2577.0
541,544.0,1731.0,300080.0,746.0,8660.0,1246.0
542,791.0,2998.0,242673.0,1394.0,5356.0,1388.0
543,617.0,2530.0,260255.0,1540.0,2492.0,1450.0
544,2523.0,5311.0,1390.0,1074.0,14274.0,2672.0
545,1526.0,3824.0,919.0,744.0,21502.0,2874.0
546,2382.0,4785.0,1388.0,1179.0,7861.0,2741.0
547,1008.0,4656.0,2089.0,1829.0,6040.0,1579.0
548,971.0,3651.0,1984.0,1191.0,9584.0,2842.0
549,1787.0,3689.0,3252.0,2773.0,1233.0,769.0
550,1583.0,4359.0,3724.0,2061.0,5359.0,1251.0
551,2026.0,3437.0,1795.0,876.0,18215.0,4505.0
552,3128.0,2836.0,1127.0,653.0,7491.0,3682.0
553,1941.0,3738.0,1499.0,1114.0,13951.0,2265.0
554,2199.0,4666.0,2330.0,2309.0,5496.0,1854.0
555,1895.0,4601.0,878.0,866.0,19633.0,3000.0
556,1298.0,5659.0,1569.0,1700.0,5192.0,1588.0
557,2931.0,4186.0,1104.0,772.0,8714.0,2691.0
558,2480.0,1847.0,672.0,868.0,6453.0,2174.0
559,2480.0,1847.0,672.0,868.0,6453.0,2174.0
560,5452.0,2036.0,872.0,1020.0,4853.0,2330.0
561,7329.0,2236.0,424.0,714.0,10788.0,2358.0
562,5159.0,2133.0,401.0,825.0,6288.0,2460.0
563,956.0,2931.0,594.0,694.0,4532.0,2296.0
564,1193.0,4948.0,541.0,890.0,5932.0,2858.0
565,1663.0,1851.0,890.0,700.0,7006.0,2388.0
566,1865.0,2807.0,3111.0,1169.0,1373.0,746.0
567,1672.0,2469.0,3443.0,1151.0,4142.0,2489.0
568,1453.0,2233.0,1484.0,776.0,4966.0,2982.0
569,690.0,3427.0,1405.0,1102.0,15332.0,2497.0
570,1403.0,3406.0,3043.0,1555.0,9168.0,5185.0
571,1669.0,3273.0,1388.0,1599.0,6755.0,3729.0
572,1641.0,4993.0,975.0,934.0,4356.0,2330.0
573,2579.0,5468.0,312.0,732.0,16615.0,3746.0
574,2304.0,6963.0,495.0,959.0,11381.0,4836.0
575,1804.0,2763.0,1370.0,684.0,3445.0,1340.0
576,2485.0,3616.0,215.0,320.0,19541.0,4936.0
577,2540.0,3736.0,618.0,509.0,13012.0,5202.0
578,2747.0,8229.0,667.0,636.0,15048.0,4744.0
579,2131.0,4331.0,450.0,678.0,14325.0,5867.0
580,2131.0,4331.0,450.0,678.0,14325.0,5867.0
581,2265.0,4542.0,632.0,692.0,10766.0,2598.0
582,3069.0,6289.0,447.0,815.0,11263.0,3671.0
583,2476.0,5732.0,275.0,844.0,7437.0,3949.0
584,2471.0,4026.0,428.0,770.0,12853.0,3966.0
585,1764.0,5518.0,591.0,1407.0,9405.0,3206.0
586,2628.0,4090.0,267.0,706.0,11530.0,5061.0
587,2281.0,9129.0,639.0,1810.0,7505.0,3332.0
588,2298.0,5071.0,288.0,795.0,16986.0,6070.0
589,2180.0,5375.0,228.0,432.0,10718.0,5384.0
590,2733.0,5529.0,383.0,576.0,11166.0,4407.0
591,2323.0,4996.0,383.0,759.0,9756.0,4921.0
592,2239.0,3163.0,232.0,365.0,11642.0,6520.0
593,4216.0,5047.0,687.0,587.0,13259.0,5287.0
594,8340.0,6732.0,455.0,590.0,13736.0,4627.0
595,3521.0,5529.0,963.0,1051.0,5415.0,2982.0
596,7086.0,6858.0,618.0,700.0,8983.0,3513.0
597,2952.0,5348.0,352.0,544.0,14090.0,4918.0
598,2952.0,5348.0,352.0,544.0,14090.0,4918.0
599,2949.0,5783.0,486.0,805.0,9495.0,4013.0
600,2096.0,7036.0,7106.0,1232.0,8421.0,4047.0
601,2577.0,4812.0,515.0,814.0,13103.0,4154.0
602,3056.0,1863.0,194.0,247.0,17693.0,4089.0
603,2542.0,6143.0,670.0,992.0,7977.0,3076.0
604,3472.0,3191.0,4071.0,1742.0,4548.0,2260.0
605,1299.0,3038.0,2544.0,1396.0,15324.0,3739.0
606,2150.0,4316.0,1197.0,1314.0,8831.0,3241.0
607,3477.0,3780.0,403.0,921.0,19029.0,3846.0
608,2293.0,2775.0,359.0,474.0,35655.0,5527.0
609,2177.0,2851.0,1756.0,932.0,4717.0,1986.0
610,3776.0,2550.0,480.0,566.0,7328.0,3283.0
611,4953.0,2021.0,303.0,448.0,5081.0,2820.0
612,2296.0,5024.0,705.0,879.0,9451.0,2658.0
613,2326.0,8184.0,959.0,1325.0,11437.0,3655.0
614,2116.0,5742.0,1364.0,1596.0,4334.0,2592.0
615,1222.0,4686.0,1188.0,1507.0,3834.0,1762.0
616,2208.0,7004.0,1220.0,1448.0,3945.0,1690.0
617,2013.0,7259.0,1647.0,1690.0,16865.0,3009.0
618,1113.0,4418.0,986.0,1237.0,11449.0,3564.0
619,2333.0,5561.0,932.0,966.0,8633.0,4340.0
620,2392.0,4857.0,1191.0,2865.0,7991.0,4228.0
621,1645.0,4616.0,1239.0,4641.0,11003.0,2933.0
622,1518.0,2979.0,1078.0,3521.0,8135.0,3936.0
623,1308.0,3721.0,1415.0,9458.0,5758.0,4295.0
624,1738.0,3646.0,875.0,2301.0,7762.0,3748.0
625,1334.0,5696.0,2574.0,14325.0,5210.0,1900.0
626,1423.0,3933.0,1376.0,12794.0,11017.0,4674.0
627,2417.0,3955.0,626.0,10676.0,9158.0,4185.0
628,8678.0,1824.0,255.0,226.0,18113.0,3694.0
629,3889.0,5923.0,1599.0,582.0,8289.0,2452.0
630,3431.0,7090.0,900.0,724.0,11335.0,2598.0
631,4515.0,2881.0,340.0,357.0,12939.0,2803.0
632,4045.0,7076.0,350.0,611.0,5312.0,2566.0
633,4266.0,7170.0,567.0,775.0,5021.0,2580.0
634,4097.0,5328.0,566.0,580.0,17662.0,2263.0
635,3543.0,5818.0,1760.0,709.0,3267.0,1667.0
636,3236.0,5201.0,522.0,806.0,4571.0,2534.0
637,3494.0,3248.0,334.0,410.0,5618.0,1913.0
638,2487.0,3126.0,577.0,755.0,3049.0,1974.0
639,3343.0,6146.0,789.0,1166.0,2727.0,1588.0
640,2121.0,5995.0,808.0,1002.0,3756.0,2150.0
641,1057.0,5518.0,555.0,1163.0,8208.0,2478.0
642,1692.0,2742.0,400.0,515.0,10282.0,4804.0
643,2674.0,5091.0,461.0,998.0,4066.0,2535.0
644,2139.0,5316.0,443.0,974.0,2588.0,1387.0
645,3150.0,6975.0,736.0,879.0,7053.0,2743.0
646,3562.0,9007.0,817.0,1639.0,6596.0,3650.0
647,2681.0,3448.0,323.0,423.0,6079.0,1747.0
648,5052.0,1838.0,198.0,264.0,8479.0,5141.0
649,6305.0,2495.0,283.0,255.0,11165.0,3787.0
650,1776.0,3105.0,283.0,471.0,7745.0,3408.0
651,1776.0,3105.0,283.0,471.0,7745.0,3408.0
652,772.0,1898.0,239.0,310.0,20849.0,2934.0
653,1318.0,2215.0,620.0,417.0,16277.0,5670.0
654,2848.0,3870.0,921.0,630.0,10264.0,2870.0
655,1777.0,6776.0,796.0,1135.0,8071.0,3147.0
656,2054.0,3124.0,593.0,676.0,9773.0,5575.0
657,3436.0,4136.0,339.0,594.0,10588.0,2876.0
658,5437.0,5276.0,580.0,665.0,12207.0,4191.0
659,4237.0,7470.0,1530.0,888.0,7330.0,3853.0
660,3685.0,4785.0,573.0,628.0,18412.0,7223.0
661,8033.0,4332.0,356.0,473.0,7876.0,3856.0
662,5079.0,3138.0,212.0,313.0,19017.0,5156.0
663,14228.0,2578.0,421.0,540.0,11929.0,4640.0
664,2646.0,4357.0,695.0,677.0,8010.0,3234.0
665,2163.0,5358.0,511.0,1035.0,6050.0,2287.0
666,2778.0,1510.0,946.0,404.0,9573.0,5119.0
667,2512.0,4944.0,12375.0,1354.0,6024.0,1283.0
668,5360.0,3092.0,771.0,943.0,8467.0,1224.0
669,3081.0,5472.0,4878.0,1386.0,1415.0,834.0
670,3282.0,6103.0,3435.0,1057.0,9929.0,1900.0
671,2919.0,2909.0,635.0,817.0,5896.0,3203.0
672,3185.0,2112.0,714.0,986.0,7217.0,2924.0
673,1521.0,5635.0,1533.0,1023.0,7202.0,3153.0
674,2155.0,5715.0,1649.0,921.0,16347.0,3504.0
675,1729.0,5178.0,2419.0,1742.0,14150.0,3211.0
676,1239.0,3073.0,2784.0,984.0,6011.0,3352.0
677,1278.0,2627.0,6567.0,1327.0,6911.0,3870.0
678,1202.0,3905.0,5109.0,2819.0,6271.0,2213.0
679,1174.0,2667.0,4653.0,1387.0,8358.0,3997.0
680,1048.0,4949.0,36495.0,6512.0,6390.0,2026.0
681,997.0,4307.0,9679.0,2573.0,2532.0,971.0
682,653.0,4745.0,4629.0,4901.0,10474.0,1997.0
683,1038.0,2606.0,4626.0,1382.0,6880.0,4137.0
684,931.0,4104.0,3219.0,2039.0,9095.0,3010.0
685,5237.0,3217.0,3129.0,1493.0,6807.0,1901.0
686,4694.0,2178.0,541.0,994.0,12579.0,2738.0
687,6774.0,2018.0,628.0,1263.0,5880.0,1567.0
688,1386.0,3639.0,1982.0,1266.0,6572.0,3245.0
689,1040.0,3342.0,2332.0,1657.0,3837.0,2593.0
690,707.0,1738.0,2419.0,1963.0,6896.0,4510.0
691,955.0,2834.0,3338.0,2610.0,6091.0,2888.0
692,510.0,3532.0,2431.0,23121.0,6140.0,2780.0
693,612.0,2182.0,3292.0,3190.0,4362.0,2990.0
694,1324.0,4356.0,2601.0,4856.0,5451.0,1147.0
695,477.0,3985.0,2412.0,3657.0,4473.0,2526.0
696,518.0,3472.0,2025.0,2872.0,3677.0,2026.0
697,975.0,3040.0,3632.0,2310.0,2505.0,1636.0
698,841.0,3243.0,2460.0,1620.0,4697.0,2476.0
699,986.0,3200.0,4078.0,3241.0,5016.0,2003.0
700,907.0,7611.0,6621.0,2981.0,6462.0,3533.0
701,914.0,3845.0,5088.0,4747.0,16960.0,4280.0
702,728.0,6125.0,4294.0,3770.0,3775.0,1290.0
703,739.0,4746.0,4307.0,4090.0,8216.0,4965.0
704,1125.0,4219.0,3503.0,1931.0,10133.0,3956.0
705,2056.0,6225.0,2864.0,1552.0,12715.0,4281.0
706,2916.0,5264.0,1455.0,1136.0,16173.0,3461.0
707,2154.0,7873.0,1157.0,3665.0,6784.0,3953.0
708,3581.0,3384.0,639.0,721.0,22229.0,3052.0
709,2732.0,5591.0,749.0,626.0,13508.0,4884.0
710,3371.0,5731.0,637.0,672.0,13114.0,4189.0
711,3395.0,7363.0,1940.0,802.0,9779.0,3776.0
712,1829.0,6913.0,2890.0,1079.0,7253.0,3994.0
713,2160.0,6638.0,1136.0,907.0,5350.0,3059.0
714,2404.0,3364.0,521.0,578.0,18995.0,4984.0
715,1346.0,3933.0,782.0,1191.0,18608.0,4403.0
716,2347.0,4600.0,1654.0,1123.0,5744.0,1744.0
717,2347.0,4600.0,1654.0,1123.0,5744.0,1744.0
718,2808.0,5844.0,1277.0,919.0,10759.0,2426.0
719,2021.0,4810.0,1996.0,1610.0,6658.0,3284.0
720,2243.0,3985.0,1243.0,986.0,8664.0,2958.0
721,2278.0,4709.0,887.0,1070.0,6424.0,2839.0
722,2775.0,3820.0,806.0,1045.0,10353.0,2719.0
723,3146.0,6852.0,1618.0,1149.0,7134.0,2817.0
724,3696.0,3815.0,1570.0,1249.0,9897.0,2423.0
725,2670.0,5318.0,1066.0,895.0,8201.0,4163.0
726,4490.0,3474.0,1138.0,580.0,9177.0,3573.0
727,1593.0,5867.0,2851.0,1982.0,5081.0,2023.0
728,5455.0,2127.0,260.0,341.0,9675.0,5037.0
729,1849.0,5842.0,599.0,1356.0,11410.0,3340.0
730,3179.0,5117.0,460.0,945.0,7008.0,4178.0
731,2516.0,11624.0,822.0,1847.0,5662.0,2726.0
732,2868.0,7498.0,260.0,815.0,21813.0,7056.0
733,2344.0,3794.0,272.0,558.0,7202.0,4490.0
734,3161.0,4039.0,179.0,453.0,16821.0,4751.0
735,2796.0,5214.0,269.0,733.0,7597.0,4456.0
736,2628.0,6515.0,496.0,935.0,6261.0,3590.0
737,2628.0,6515.0,496.0,935.0,6261.0,3590.0
738,3034.0,11028.0,747.0,1025.0,7133.0,3187.0
739,2770.0,7211.0,610.0,1216.0,8121.0,4175.0
740,1080.0,7115.0,675.0,1208.0,11250.0,5227.0
741,2713.0,5703.0,497.0,1053.0,10272.0,2908.0
742,2701.0,7766.0,405.0,905.0,10650.0,4320.0
743,1904.0,3871.0,408.0,578.0,7807.0,3619.0
744,3251.0,4433.0,458.0,911.0,20567.0,2641.0
745,2117.0,2971.0,366.0,620.0,6468.0,4325.0
746,26772.0,5191.0,732.0,723.0,6405.0,3148.0
747,47640.0,2813.0,260.0,281.0,15818.0,4666.0
748,20901.0,3864.0,496.0,500.0,20337.0,3885.0
749,22893.0,6218.0,560.0,586.0,12311.0,2920.0
750,16751.0,6970.0,707.0,864.0,9540.0,4681.0
751,6363.0,3825.0,923.0,1259.0,6899.0,2833.0
752,10024.0,2248.0,381.0,741.0,11912.0,2033.0
753,7262.0,6705.0,2508.0,1518.0,5052.0,1851.0
754,12839.0,3212.0,478.0,1051.0,3861.0,1811.0
755,8042.0,3312.0,633.0,933.0,8888.0,1894.0
756,1300.0,6130.0,1729.0,1473.0,13061.0,2256.0
757,707.0,4623.0,1555.0,1240.0,6349.0,3546.0
758,707.0,4623.0,1555.0,1240.0,6349.0,3546.0
759,1793.0,5535.0,296.0,570.0,12995.0,5051.0
760,1458.0,4294.0,1128.0,790.0,8805.0,3933.0
761,1275.0,3013.0,968.0,760.0,12341.0,4152.0
762,1482.0,3366.0,1057.0,905.0,5930.0,3349.0
763,1482.0,3366.0,1057.0,905.0,5930.0,3349.0
764,1903.0,4451.0,313.0,449.0,11715.0,3573.0
765,2168.0,3482.0,859.0,606.0,16877.0,5248.0
766,1747.0,5014.0,764.0,545.0,14300.0,4832.0
767,1364.0,3928.0,339.0,544.0,9940.0,3735.0
768,1364.0,3928.0,339.0,544.0,9940.0,3735.0
769,1488.0,5224.0,1390.0,971.0,7108.0,4050.0
770,1488.0,5224.0,1390.0,971.0,7108.0,4050.0
771,1462.0,7037.0,2243.0,727.0,6798.0,3855.0
772,1462.0,7037.0,2243.0,727.0,6798.0,3855.0
773,1420.0,3756.0,360.0,592.0,9068.0,3947.0
774,1420.0,3756.0,360.0,592.0,9068.0,3947.0
775,1562.0,4983.0,850.0,7502.0,5584.0,3618.0
776,1661.0,3218.0,790.0,1373.0,7348.0,2800.0
777,2246.0,4204.0,1100.0,1226.0,2415.0,1295.0
778,2477.0,4370.0,1010.0,911.0,4196.0,2016.0
779,1867.0,3936.0,733.0,631.0,10931.0,3377.0
780,1718.0,4189.0,1148.0,946.0,7078.0,2667.0
781,2176.0,4053.0,691.0,731.0,8543.0,2255.0
782,1337.0,3116.0,728.0,576.0,22175.0,3248.0
783,2089.0,3564.0,545.0,693.0,8427.0,2385.0
784,8499.0,3064.0,265.0,458.0,14797.0,6011.0
785,3178.0,3371.0,699.0,485.0,9435.0,3929.0
786,3191.0,4176.0,861.0,771.0,6041.0,3265.0
787,3914.0,3440.0,819.0,585.0,9534.0,3616.0
788,3297.0,4945.0,777.0,679.0,7216.0,2942.0
789,2456.0,5158.0,1844.0,1246.0,9983.0,3368.0
790,3205.0,3249.0,677.0,498.0,6253.0,3169.0
791,1987.0,3663.0,457.0,643.0,12781.0,3667.0
792,1042.0,3191.0,710.0,846.0,10400.0,2925.0
793,2805.0,3677.0,320.0,661.0,14019.0,4391.0
794,2198.0,2828.0,2147.0,1410.0,4547.0,1440.0
795,2924.0,3348.0,1386.0,1255.0,2406.0,1105.0
796,5147.0,3810.0,394.0,545.0,13989.0,3836.0
797,3425.0,3591.0,1028.0,666.0,22410.0,3183.0
798,3019.0,4564.0,923.0,983.0,3417.0,1949.0
799,1856.0,2923.0,4019.0,1758.0,1054.0,604.0
800,3300.0,2812.0,1327.0,915.0,25454.0,1650.0
801,846.0,2869.0,3755.0,1453.0,1820.0,1118.0
802,2653.0,3514.0,2681.0,1123.0,6519.0,2680.0
803,3207.0,2560.0,383.0,628.0,13378.0,3245.0
804,3809.0,3382.0,1244.0,766.0,9530.0,4358.0
805,4076.0,3325.0,535.0,645.0,22529.0,3585.0
806,2645.0,3340.0,1066.0,854.0,26127.0,2786.0
807,1052.0,1083.0,744.0,428.0,11024.0,1423.0
808,1518.0,2536.0,798.0,573.0,7705.0,1456.0
809,2626.0,3848.0,1182.0,850.0,13138.0,5199.0
810,1104.0,2847.0,1507.0,1508.0,13589.0,1886.0
811,2805.0,3252.0,439.0,694.0,24567.0,3476.0
812,2361.0,2987.0,1225.0,1375.0,2215.0,1390.0
813,3747.0,2630.0,1554.0,1071.0,6019.0,3270.0
814,1880.0,2864.0,2385.0,1492.0,6104.0,1317.0
815,1907.0,1838.0,734.0,674.0,18511.0,1489.0
816,2747.0,3568.0,1757.0,1398.0,1966.0,1401.0
817,3977.0,4016.0,1100.0,1011.0,15424.0,8142.0
818,3696.0,3889.0,1511.0,1069.0,2959.0,1414.0
819,2570.0,2459.0,856.0,773.0,8723.0,3920.0
820,1468.0,1951.0,735.0,496.0,6268.0,1962.0
821,1330.0,1523.0,1078.0,790.0,1068.0,610.0
822,1333.0,3132.0,879.0,821.0,13614.0,3466.0
823,3450.0,6076.0,1438.0,1076.0,6071.0,2471.0
824,2574.0,3058.0,1378.0,1049.0,2295.0,1561.0
825,1794.0,2604.0,742.0,844.0,3965.0,995.0
826,981.0,787.0,635.0,453.0,16484.0,2483.0
827,2514.0,3507.0,1660.0,1085.0,11140.0,2747.0
828,2961.0,2715.0,996.0,788.0,15344.0,4914.0
829,3701.0,2520.0,314.0,734.0,3572.0,1158.0
830,3215.0,2264.0,626.0,930.0,6440.0,1780.0
831,2939.0,1950.0,454.0,850.0,3001.0,1500.0
832,2783.0,2864.0,569.0,1210.0,9148.0,2180.0
833,4535.0,2353.0,510.0,537.0,5571.0,2808.0
834,3184.0,6684.0,1180.0,1370.0,7293.0,1950.0
835,2976.0,7280.0,1558.0,1368.0,4658.0,1832.0
836,2467.0,7730.0,1808.0,1185.0,8419.0,2955.0
837,1913.0,5143.0,918.0,1046.0,21536.0,3364.0
838,2275.0,5091.0,700.0,957.0,15280.0,4528.0
839,2476.0,5602.0,1368.0,921.0,9675.0,3869.0
840,2180.0,5929.0,1345.0,1581.0,10922.0,2682.0
841,2145.0,4436.0,2040.0,2298.0,3074.0,1487.0
842,2172.0,3331.0,474.0,500.0,14954.0,3655.0
843,1897.0,5355.0,1817.0,1789.0,2836.0,912.0
844,2086.0,5623.0,2021.0,2323.0,2686.0,1079.0
845,5416.0,3322.0,531.0,1654.0,4091.0,922.0
846,6654.0,4967.0,557.0,1120.0,4281.0,1917.0
847,8046.0,4082.0,554.0,822.0,3748.0,1321.0
848,5824.0,2588.0,446.0,876.0,6488.0,1908.0
849,7962.0,4368.0,649.0,837.0,9159.0,2294.0
850,9447.0,6412.0,667.0,1108.0,11515.0,3417.0
851,5216.0,4823.0,1063.0,1583.0,4852.0,2182.0
852,6247.0,4510.0,580.0,1092.0,2355.0,1062.0
853,3930.0,6801.0,860.0,1558.0,5710.0,1939.0
854,8027.0,9751.0,837.0,1188.0,5645.0,1830.0
855,2387.0,3516.0,188.0,398.0,11282.0,3375.0
856,2632.0,4749.0,359.0,494.0,6176.0,2263.0
857,2709.0,3337.0,217.0,300.0,10865.0,4384.0
858,2348.0,5217.0,509.0,618.0,9935.0,2692.0
859,2155.0,5910.0,599.0,762.0,5780.0,2572.0
860,2517.0,2582.0,361.0,349.0,11292.0,3461.0
861,2342.0,8421.0,973.0,960.0,5963.0,2614.0
862,1994.0,3267.0,440.0,446.0,6847.0,3700.0
863,2267.0,2572.0,315.0,352.0,17529.0,4369.0
864,4712.0,1867.0,209.0,231.0,8962.0,3844.0
865,4156.0,2754.0,290.0,377.0,7987.0,3388.0
866,4466.0,1900.0,275.0,437.0,6701.0,2428.0
867,3095.0,2590.0,852.0,709.0,8542.0,2086.0
868,2924.0,3296.0,558.0,540.0,17155.0,5499.0
869,2669.0,3161.0,633.0,563.0,10998.0,3062.0
870,5306.0,2590.0,401.0,426.0,6738.0,3239.0
871,4892.0,3912.0,631.0,697.0,8239.0,2493.0
872,2166.0,2111.0,639.0,654.0,7820.0,2325.0
873,901.0,2006.0,350.0,441.0,7512.0,3674.0
874,26127.0,4685.0,927.0,1111.0,6458.0,1832.0
875,6326.0,2489.0,577.0,778.0,16255.0,1180.0
876,3523.0,3214.0,1025.0,1037.0,12849.0,1216.0
877,5157.0,2747.0,708.0,679.0,21740.0,1772.0
878,2999.0,4334.0,924.0,850.0,1075.0,666.0
879,2769.0,3552.0,1456.0,990.0,2044.0,1130.0
880,2656.0,4511.0,2275.0,1021.0,10237.0,1522.0
881,3058.0,4530.0,1028.0,890.0,7580.0,5813.0
882,3058.0,4530.0,1028.0,890.0,7580.0,5813.0
883,3773.0,2888.0,214.0,314.0,21502.0,5074.0
884,3689.0,4207.0,472.0,769.0,8166.0,3443.0
885,8747.0,3128.0,554.0,635.0,5583.0,3002.0
886,4851.0,3296.0,253.0,403.0,12036.0,4617.0
887,13237.0,3058.0,473.0,1232.0,15244.0,2348.0
888,9581.0,2899.0,870.0,2070.0,12672.0,1825.0
889,7633.0,5299.0,743.0,1875.0,14325.0,2033.0
890,8727.0,2459.0,678.0,1397.0,11036.0,1429.0
891,5968.0,4558.0,890.0,1512.0,7505.0,2457.0
892,5652.0,8743.0,976.0,1763.0,4536.0,1628.0
893,5809.0,6710.0,896.0,1714.0,9035.0,1284.0
894,6622.0,5280.0,1799.0,1283.0,8277.0,1150.0
895,5070.0,4732.0,692.0,1259.0,4880.0,1819.0
896,6194.0,3793.0,638.0,1423.0,7815.0,2000.0
897,3667.0,4309.0,1108.0,2221.0,4229.0,2289.0
898,2808.0,3336.0,1757.0,2178.0,5179.0,2303.0
899,3172.0,6175.0,1458.0,2402.0,3900.0,1818.0
900,2439.0,2524.0,1207.0,2739.0,3392.0,1671.0
901,3373.0,3603.0,944.0,1608.0,8429.0,3029.0
902,4036.0,3159.0,484.0,1592.0,14752.0,9190.0
903,2148.0,2309.0,674.0,1481.0,4396.0,1611.0
904,3390.0,2756.0,1140.0,1777.0,3109.0,1889.0
905,3247.0,2462.0,914.0,1337.0,2641.0,670.0
906,4504.0,2766.0,659.0,1323.0,13989.0,1656.0
907,3057.0,2185.0,399.0,1762.0,45973.0,1122.0
908,4929.0,3050.0,517.0,1314.0,3570.0,1576.0
909,6984.0,4092.0,901.0,1374.0,20495.0,1474.0
910,5528.0,2727.0,746.0,1581.0,14691.0,1585.0
911,3799.0,4456.0,3357.0,1778.0,7861.0,402.0
912,4257.0,2581.0,1076.0,1141.0,3679.0,1474.0
913,2253.0,2444.0,2878.0,1371.0,4635.0,2528.0
914,2332.0,2568.0,4991.0,1812.0,3717.0,2184.0
915,1759.0,2100.0,2713.0,1949.0,3925.0,1877.0
916,2263.0,3819.0,2944.0,2066.0,3361.0,2041.0
917,3336.0,4902.0,2103.0,1472.0,9689.0,2466.0
918,2594.0,1950.0,2923.0,1128.0,3349.0,1882.0
919,2446.0,3192.0,2429.0,2102.0,2290.0,1287.0
920,1711.0,1624.0,2263.0,1675.0,12665.0,2097.0
921,1711.0,1624.0,2263.0,1675.0,12665.0,2097.0
922,2631.0,2896.0,2223.0,1383.0,9199.0,3332.0
923,3979.0,3353.0,1167.0,1011.0,10920.0,1307.0
924,1594.0,4144.0,2143.0,3676.0,2709.0,1364.0
925,2636.0,1962.0,2682.0,1171.0,3981.0,1886.0
926,2813.0,1937.0,2503.0,1218.0,1560.0,964.0
927,1305.0,1082.0,4619.0,1195.0,1720.0,957.0
928,3157.0,4888.0,1988.0,1352.0,3461.0,1445.0
929,4210.0,4208.0,2471.0,1193.0,6479.0,573.0
930,1635.0,3181.0,3608.0,2490.0,3080.0,1719.0
931,1695.0,2074.0,1932.0,1380.0,4939.0,2808.0
932,2510.0,2403.0,2027.0,1612.0,1503.0,682.0
933,2230.0,1704.0,1575.0,1057.0,8749.0,2669.0
934,3176.0,3677.0,2066.0,1489.0,3503.0,1971.0
935,3598.0,1966.0,1935.0,1366.0,1794.0,1009.0
936,3523.0,3363.0,1421.0,1477.0,2512.0,1241.0
937,4723.0,3618.0,1008.0,1148.0,3266.0,2168.0
938,2350.0,2805.0,1144.0,1128.0,19412.0,863.0
939,3077.0,3564.0,1372.0,1970.0,4877.0,1504.0
940,3466.0,5475.0,1483.0,1560.0,4237.0,2311.0
941,4115.0,4893.0,1009.0,1419.0,6930.0,2906.0
942,4195.0,2336.0,910.0,977.0,3986.0,1848.0
943,6404.0,2008.0,472.0,941.0,7754.0,2919.0
944,4680.0,2345.0,690.0,877.0,16419.0,2311.0
945,6431.0,7358.0,1195.0,1199.0,14690.0,1896.0
946,3684.0,6853.0,1202.0,1199.0,5549.0,2079.0
947,5486.0,3111.0,775.0,1010.0,6263.0,2248.0
948,1622.0,5341.0,2072.0,1988.0,8621.0,4687.0
949,3349.0,4973.0,1037.0,1159.0,17700.0,4445.0
950,1556.0,5442.0,2023.0,1933.0,6942.0,3684.0
951,1078.0,3531.0,2741.0,3442.0,6045.0,3454.0
952,1814.0,5499.0,1617.0,3668.0,10062.0,5389.0
953,2402.0,8736.0,1443.0,1525.0,11673.0,3643.0
954,5439.0,5106.0,2221.0,1152.0,14207.0,2214.0
955,4384.0,4037.0,5031.0,811.0,38525.0,3594.0
956,3067.0,4878.0,7466.0,1342.0,21737.0,5448.0
957,2617.0,4153.0,5211.0,1541.0,4449.0,2328.0
958,2274.0,5434.0,5411.0,1229.0,22178.0,3971.0
959,2800.0,4236.0,5402.0,1177.0,7728.0,2967.0
960,2237.0,5031.0,13016.0,1961.0,4312.0,2390.0
961,2894.0,4837.0,6472.0,1329.0,6937.0,2339.0
962,1910.0,5604.0,12626.0,2476.0,7628.0,1603.0
963,1419.0,5163.0,10623.0,4909.0,6039.0,1902.0
964,2768.0,3535.0,5881.0,1112.0,14941.0,2998.0
965,2733.0,3783.0,7953.0,1110.0,5573.0,2592.0
966,2501.0,4707.0,6573.0,1411.0,9983.0,4623.0
967,1958.0,5966.0,53870.0,1763.0,3857.0,1945.0
968,2595.0,5627.0,13674.0,1935.0,6501.0,1582.0
969,2130.0,3998.0,7842.0,1256.0,6220.0,3206.0
970,2327.0,3248.0,9551.0,805.0,15996.0,3417.0
971,1767.0,3735.0,13004.0,1623.0,5907.0,1730.0
972,1484.0,3163.0,21907.0,1595.0,5842.0,2412.0
973,694.0,4666.0,29017.0,2946.0,12519.0,2508.0
974,1305.0,3087.0,23373.0,2418.0,3702.0,2397.0
975,1190.0,3621.0,15952.0,4262.0,4085.0,1534.0
976,1021.0,4109.0,51318.0,2790.0,2213.0,1520.0
977,508.0,3387.0,77036.0,1829.0,6919.0,2577.0
978,544.0,1731.0,300080.0,746.0,8660.0,1246.0
979,791.0,2998.0,242673.0,1394.0,5356.0,1388.0
980,617.0,2530.0,260255.0,1540.0,2492.0,1450.0
981,2523.0,5311.0,1390.0,1074.0,14274.0,2672.0
982,1526.0,3824.0,919.0,744.0,21502.0,2874.0
983,2382.0,4785.0,1388.0,1179.0,7861.0,2741.0
984,1008.0,4656.0,2089.0,1829.0,6040.0,1579.0
985,971.0,3651.0,1984.0,1191.0,9584.0,2842.0
986,1787.0,3689.0,3252.0,2773.0,1233.0,769.0
987,1787.0,3689.0,3252.0,2773.0,1233.0,769.0
988,1583.0,4359.0,3724.0,2061.0,5359.0,1251.0
989,2026.0,3437.0,1795.0,876.0,18215.0,4505.0
990,3128.0,2836.0,1127.0,653.0,7491.0,3682.0
991,1941.0,3738.0,1499.0,1114.0,13951.0,2265.0
992,2199.0,4666.0,2330.0,2309.0,5496.0,1854.0
993,1895.0,4601.0,878.0,866.0,19633.0,3000.0
994,1298.0,5659.0,1569.0,1700.0,5192.0,1588.0
995,2931.0,4186.0,1104.0,772.0,8714.0,2691.0
996,2480.0,1847.0,672.0,868.0,6453.0,2174.0
997,5452.0,2036.0,872.0,1020.0,4853.0,2330.0
998,7329.0,2236.0,424.0,714.0,10788.0,2358.0
999,5159.0,2133.0,401.0,825.0,6288.0,2460.0
1000,956.0,2931.0,594.0,694.0,4532.0,2296.0
1001,1193.0,4948.0,541.0,890.0,5932.0,2858.0
1002,1663.0,1851.0,890.0,700.0,7006.0,2388.0
1003,1865.0,2807.0,3111.0,1169.0,1373.0,746.0
1004,1672.0,2469.0,3443.0,1151.0,4142.0,2489.0
1005,1453.0,2233.0,1484.0,776.0,4966.0,2982.0
1006,690.0,3427.0,1405.0,1102.0,15332.0,2497.0
1007,1954.0,3171.0,1540.0,920.0,3060.0,1874.0
1008,1403.0,3406.0,3043.0,1555.0,9168.0,5185.0
1009,1669.0,3273.0,1388.0,1599.0,6755.0,3729.0
1010,1641.0,4993.0,975.0,934.0,4356.0,2330.0
1011,2579.0,5468.0,312.0,732.0,16615.0,3746.0
1012,2304.0,6963.0,495.0,959.0,11381.0,4836.0
1013,1804.0,2763.0,1370.0,684.0,3445.0,1340.0
1014,2485.0,3616.0,215.0,320.0,19541.0,4936.0
1015,2540.0,3736.0,618.0,509.0,13012.0,5202.0
1016,2747.0,8229.0,667.0,636.0,15048.0,4744.0
1017,2131.0,4331.0,450.0,678.0,14325.0,5867.0
1018,2265.0,4542.0,632.0,692.0,10766.0,2598.0
1019,3069.0,6289.0,447.0,815.0,11263.0,3671.0
1020,2476.0,5732.0,275.0,844.0,7437.0,3949.0
1021,2471.0,4026.0,428.0,770.0,12853.0,3966.0
1022,1764.0,5518.0,591.0,1407.0,9405.0,3206.0
1023,2628.0,4090.0,267.0,706.0,11530.0,5061.0
1024,2281.0,9129.0,639.0,1810.0,7505.0,3332.0
1025,2298.0,5071.0,288.0,795.0,16986.0,6070.0
1026,2824.0,4337.0,475.0,836.0,7591.0,3712.0
1027,2180.0,5375.0,228.0,432.0,10718.0,5384.0
1028,2733.0,5529.0,383.0,576.0,11166.0,4407.0
1029,2323.0,4996.0,383.0,759.0,9756.0,4921.0
1030,2239.0,3163.0,232.0,365.0,11642.0,6520.0
1031,4216.0,5047.0,687.0,587.0,13259.0,5287.0
1032,8340.0,6732.0,455.0,590.0,13736.0,4627.0
1033,3521.0,5529.0,963.0,1051.0,5415.0,2982.0
1034,7086.0,6858.0,618.0,700.0,8983.0,3513.0
1035,7086.0,6858.0,618.0,700.0,8983.0,3513.0
1036,2952.0,5348.0,352.0,544.0,14090.0,4918.0
1037,2949.0,5783.0,486.0,805.0,9495.0,4013.0
1038,2096.0,7036.0,7106.0,1232.0,8421.0,4047.0
1039,2577.0,4812.0,515.0,814.0,13103.0,4154.0
1040,3056.0,1863.0,194.0,247.0,17693.0,4089.0
1041,2542.0,6143.0,670.0,992.0,7977.0,3076.0
1042,3472.0,3191.0,4071.0,1742.0,4548.0,2260.0
1043,1299.0,3038.0,2544.0,1396.0,15324.0,3739.0
1044,2150.0,4316.0,1197.0,1314.0,8831.0,3241.0
1045,3477.0,3780.0,403.0,921.0,19029.0,3846.0
1046,2293.0,2775.0,359.0,474.0,35655.0,5527.0
1047,2177.0,2851.0,1756.0,932.0,4717.0,1986.0
1048,3776.0,2550.0,480.0,566.0,7328.0,3283.0
1049,4953.0,2021.0,303.0,448.0,5081.0,2820.0
1050,2296.0,5024.0,705.0,879.0,9451.0,2658.0
1051,2326.0,8184.0,959.0,1325.0,11437.0,3655.0
1052,2116.0,5742.0,1364.0,1596.0,4334.0,2592.0
1053,1222.0,4686.0,1188.0,1507.0,3834.0,1762.0
1054,2208.0,7004.0,1220.0,1448.0,3945.0,1690.0
1055,2013.0,7259.0,1647.0,1690.0,16865.0,3009.0
1056,1113.0,4418.0,986.0,1237.0,11449.0,3564.0
1057,1750.0,4360.0,2297.0,2290.0,5523.0,2992.0
1058,2333.0,5561.0,932.0,966.0,8633.0,4340.0
1059,2392.0,4857.0,1191.0,2865.0,7991.0,4228.0
1060,1645.0,4616.0,1239.0,4641.0,11003.0,2933.0
1061,1518.0,2979.0,1078.0,3521.0,8135.0,3936.0
1062,1308.0,3721.0,1415.0,9458.0,5758.0,4295.0
1063,1738.0,3646.0,875.0,2301.0,7762.0,3748.0
1064,1334.0,5696.0,2574.0,14325.0,5210.0,1900.0
1065,1423.0,3933.0,1376.0,12794.0,11017.0,4674.0
1066,2417.0,3955.0,626.0,10676.0,9158.0,4185.0
1067,8678.0,1824.0,255.0,226.0,18113.0,3694.0
1068,3889.0,5923.0,1599.0,582.0,8289.0,2452.0
1069,3431.0,7090.0,900.0,724.0,11335.0,2598.0
1070,4515.0,2881.0,340.0,357.0,12939.0,2803.0
1071,4045.0,7076.0,350.0,611.0,5312.0,2566.0
1072,4266.0,7170.0,567.0,775.0,5021.0,2580.0
1073,4097.0,5328.0,566.0,580.0,17662.0,2263.0
1074,3543.0,5818.0,1760.0,709.0,3267.0,1667.0
1075,3236.0,5201.0,522.0,806.0,4571.0,2534.0
1076,3494.0,3248.0,334.0,410.0,5618.0,1913.0
1077,2487.0,3126.0,577.0,755.0,3049.0,1974.0
1078,3343.0,6146.0,789.0,1166.0,2727.0,1588.0
1079,2121.0,5995.0,808.0,1002.0,3756.0,2150.0
1080,2121.0,5995.0,808.0,1002.0,3756.0,2150.0
1081,1057.0,5518.0,555.0,1163.0,8208.0,2478.0
1082,1692.0,2742.0,400.0,515.0,10282.0,4804.0
1083,2674.0,5091.0,461.0,998.0,4066.0,2535.0
1084,2139.0,5316.0,443.0,974.0,2588.0,1387.0
1085,3150.0,6975.0,736.0,879.0,7053.0,2743.0
1086,3562.0,9007.0,817.0,1639.0,6596.0,3650.0
1087,2681.0,3448.0,323.0,423.0,6079.0,1747.0
1088,5052.0,1838.0,198.0,264.0,8479.0,5141.0
1089,6305.0,2495.0,283.0,255.0,11165.0,3787.0
1090,1776.0,3105.0,283.0,471.0,7745.0,3408.0
1091,772.0,1898.0,239.0,310.0,20849.0,2934.0
1092,1318.0,2215.0,620.0,417.0,16277.0,5670.0
1093,2848.0,3870.0,921.0,630.0,10264.0,2870.0
1094,1777.0,6776.0,796.0,1135.0,8071.0,3147.0
1095,2054.0,3124.0,593.0,676.0,9773.0,5575.0
1096,3436.0,4136.0,339.0,594.0,10588.0,2876.0
1097,5437.0,5276.0,580.0,665.0,12207.0,4191.0
1098,4237.0,7470.0,1530.0,888.0,7330.0,3853.0
1099,3685.0,4785.0,573.0,628.0,18412.0,7223.0
1100,8033.0,4332.0,356.0,473.0,7876.0,3856.0
1101,5079.0,3138.0,212.0,313.0,19017.0,5156.0
1102,14228.0,2578.0,421.0,540.0,11929.0,4640.0
1103,14228.0,2578.0,421.0,540.0,11929.0,4640.0
1104,2646.0,4357.0,695.0,677.0,8010.0,3234.0
1105,2163.0,5358.0,511.0,1035.0,6050.0,2287.0
1106,2778.0,1510.0,946.0,404.0,9573.0,5119.0
1107,2512.0,4944.0,12375.0,1354.0,6024.0,1283.0
1108,5360.0,3092.0,771.0,943.0,8467.0,1224.0
1109,3282.0,6103.0,3435.0,1057.0,9929.0,1900.0
1110,2919.0,2909.0,635.0,817.0,5896.0,3203.0
1111,3185.0,2112.0,714.0,986.0,7217.0,2924.0
1112,1521.0,5635.0,1533.0,1023.0,7202.0,3153.0
1113,2155.0,5715.0,1649.0,921.0,16347.0,3504.0
1114,1729.0,5178.0,2419.0,1742.0,14150.0,3211.0
1115,1239.0,3073.0,2784.0,984.0,6011.0,3352.0
1116,1278.0,2627.0,6567.0,1327.0,6911.0,3870.0
1117,1202.0,3905.0,5109.0,2819.0,6271.0,2213.0
1118,1174.0,2667.0,4653.0,1387.0,8358.0,3997.0
1119,1048.0,4949.0,36495.0,6512.0,6390.0,2026.0
1120,997.0,4307.0,9679.0,2573.0,2532.0,971.0
1121,653.0,4745.0,4629.0,4901.0,10474.0,1997.0
1122,1038.0,2606.0,4626.0,1382.0,6880.0,4137.0
1123,931.0,4104.0,3219.0,2039.0,9095.0,3010.0
1124,5237.0,3217.0,3129.0,1493.0,6807.0,1901.0
1125,4694.0,2178.0,541.0,994.0,12579.0,2738.0
1126,6774.0,2018.0,628.0,1263.0,5880.0,1567.0
1127,1386.0,3639.0,1982.0,1266.0,6572.0,3245.0
1128,1040.0,3342.0,2332.0,1657.0,3837.0,2593.0
1129,707.0,1738.0,2419.0,1963.0,6896.0,4510.0
1130,955.0,2834.0,3338.0,2610.0,6091.0,2888.0
1131,510.0,3532.0,2431.0,23121.0,6140.0,2780.0
1132,612.0,2182.0,3292.0,3190.0,4362.0,2990.0
1133,1324.0,4356.0,2601.0,4856.0,5451.0,1147.0
1134,477.0,3985.0,2412.0,3657.0,4473.0,2526.0
1135,518.0,3472.0,2025.0,2872.0,3677.0,2026.0
1136,975.0,3040.0,3632.0,2310.0,2505.0,1636.0
1137,841.0,3243.0,2460.0,1620.0,4697.0,2476.0
1138,986.0,3200.0,4078.0,3241.0,5016.0,2003.0
1139,907.0,7611.0,6621.0,2981.0,6462.0,3533.0
1140,914.0,3845.0,5088.0,4747.0,16960.0,4280.0
1141,728.0,6125.0,4294.0,3770.0,3775.0,1290.0
1142,739.0,4746.0,4307.0,4090.0,8216.0,4965.0
1143,1125.0,4219.0,3503.0,1931.0,10133.0,3956.0
1144,2056.0,6225.0,2864.0,1552.0,12715.0,4281.0
1145,2916.0,5264.0,1455.0,1136.0,16173.0,3461.0
1146,2154.0,7873.0,1157.0,3665.0,6784.0,3953.0
1147,3581.0,3384.0,639.0,721.0,22229.0,3052.0
1148,2732.0,5591.0,749.0,626.0,13508.0,4884.0
1149,3371.0,5731.0,637.0,672.0,13114.0,4189.0
1150,3395.0,7363.0,1940.0,802.0,9779.0,3776.0
1151,1829.0,6913.0,2890.0,1079.0,7253.0,3994.0
1152,1829.0,6913.0,2890.0,1079.0,7253.0,3994.0
1153,2160.0,6638.0,1136.0,907.0,5350.0,3059.0
1154,2404.0,3364.0,521.0,578.0,18995.0,4984.0
1155,1346.0,3933.0,782.0,1191.0,18608.0,4403.0
1156,2347.0,4600.0,1654.0,1123.0,5744.0,1744.0
1157,2808.0,5844.0,1277.0,919.0,10759.0,2426.0
1158,2021.0,4810.0,1996.0,1610.0,6658.0,3284.0
1159,2243.0,3985.0,1243.0,986.0,8664.0,2958.0
1160,2278.0,4709.0,887.0,1070.0,6424.0,2839.0
1161,2775.0,3820.0,806.0,1045.0,10353.0,2719.0
1162,3146.0,6852.0,1618.0,1149.0,7134.0,2817.0
1163,3696.0,3815.0,1570.0,1249.0,9897.0,2423.0
1164,2670.0,5318.0,1066.0,895.0,8201.0,4163.0
1165,4490.0,3474.0,1138.0,580.0,9177.0,3573.0
1166,1593.0,5867.0,2851.0,1982.0,5081.0,2023.0
1167,2229.0,4946.0,1191.0,1289.0,6596.0,3275.0
1168,5455.0,2127.0,260.0,341.0,9675.0,5037.0
1169,1849.0,5842.0,599.0,1356.0,11410.0,3340.0
1170,3179.0,5117.0,460.0,945.0,7008.0,4178.0
1171,2516.0,11624.0,822.0,1847.0,5662.0,2726.0
1172,2868.0,7498.0,260.0,815.0,21813.0,7056.0
1173,2344.0,3794.0,272.0,558.0,7202.0,4490.0
1174,3161.0,4039.0,179.0,453.0,16821.0,4751.0
1175,2796.0,5214.0,269.0,733.0,7597.0,4456.0
1176,2628.0,6515.0,496.0,935.0,6261.0,3590.0
1177,3034.0,11028.0,747.0,1025.0,7133.0,3187.0
1178,2770.0,7211.0,610.0,1216.0,8121.0,4175.0
1179,1080.0,7115.0,675.0,1208.0,11250.0,5227.0
1180,2713.0,5703.0,497.0,1053.0,10272.0,2908.0
1181,2713.0,5703.0,497.0,1053.0,10272.0,2908.0
1182,2701.0,7766.0,405.0,905.0,10650.0,4320.0
1183,1904.0,3871.0,408.0,578.0,7807.0,3619.0
1184,3251.0,4433.0,458.0,911.0,20567.0,2641.0
1185,2117.0,2971.0,366.0,620.0,6468.0,4325.0
1186,26772.0,5191.0,732.0,723.0,6405.0,3148.0
1187,26772.0,5191.0,732.0,723.0,6405.0,3148.0
1188,47640.0,2813.0,260.0,281.0,15818.0,4666.0
1189,20901.0,3864.0,496.0,500.0,20337.0,3885.0
1190,22893.0,6218.0,560.0,586.0,12311.0,2920.0
1191,16751.0,6970.0,707.0,864.0,9540.0,4681.0
1192,6363.0,3825.0,923.0,1259.0,6899.0,2833.0
1193,10024.0,2248.0,381.0,741.0,11912.0,2033.0
1194,7262.0,6705.0,2508.0,1518.0,5052.0,1851.0
1195,12839.0,3212.0,478.0,1051.0,3861.0,1811.0
1196,8042.0,3312.0,633.0,933.0,8888.0,1894.0
1197,1300.0,6130.0,1729.0,1473.0,13061.0,2256.0
1198,1300.0,6130.0,1729.0,1473.0,13061.0,2256.0
1199,707.0,4623.0,1555.0,1240.0,6349.0,3546.0
1200,1793.0,5535.0,296.0,570.0,12995.0,5051.0
1201,1881.0,2343.0,449.0,394.0,20416.0,4028.0
1202,1458.0,4294.0,1128.0,790.0,8805.0,3933.0
1203,1275.0,3013.0,968.0,760.0,12341.0,4152.0
1204,1275.0,3013.0,968.0,760.0,12341.0,4152.0
1205,1482.0,3366.0,1057.0,905.0,5930.0,3349.0
1206,1903.0,4451.0,313.0,449.0,11715.0,3573.0
1207,2168.0,3482.0,859.0,606.0,16877.0,5248.0
1208,1747.0,5014.0,764.0,545.0,14300.0,4832.0
1209,1747.0,5014.0,764.0,545.0,14300.0,4832.0
1210,1364.0,3928.0,339.0,544.0,9940.0,3735.0
1211,1364.0,3928.0,339.0,544.0,9940.0,3735.0
1212,1488.0,5224.0,1390.0,971.0,7108.0,4050.0
1213,1488.0,5224.0,1390.0,971.0,7108.0,4050.0
1214,1462.0,7037.0,2243.0,727.0,6798.0,3855.0
1215,1635.0,4971.0,1282.0,1010.0,14679.0,5020.0
1216,1420.0,3756.0,360.0,592.0,9068.0,3947.0
1217,1420.0,3756.0,360.0,592.0,9068.0,3947.0
1218,1562.0,4983.0,850.0,7502.0,5584.0,3618.0
1219,1661.0,3218.0,790.0,1373.0,7348.0,2800.0
1220,2246.0,4204.0,1100.0,1226.0,2415.0,1295.0
1221,2477.0,4370.0,1010.0,911.0,4196.0,2016.0
1222,1867.0,3936.0,733.0,631.0,10931.0,3377.0
1223,1718.0,4189.0,1148.0,946.0,7078.0,2667.0
1224,2176.0,4053.0,691.0,731.0,8543.0,2255.0
1225,2176.0,4053.0,691.0,731.0,8543.0,2255.0
1226,1337.0,3116.0,728.0,576.0,22175.0,3248.0
1227,2089.0,3564.0,545.0,693.0,8427.0,2385.0
1228,8499.0,3064.0,265.0,458.0,14797.0,6011.0
1229,3178.0,3371.0,699.0,485.0,9435.0,3929.0
1230,3191.0,4176.0,861.0,771.0,6041.0,3265.0
1231,3914.0,3440.0,819.0,585.0,9534.0,3616.0
1232,3297.0,4945.0,777.0,679.0,7216.0,2942.0
1233,2456.0,5158.0,1844.0,1246.0,9983.0,3368.0
1234,3205.0,3249.0,677.0,498.0,6253.0,3169.0
1235,1987.0,3663.0,457.0,643.0,12781.0,3667.0
1236,1042.0,3191.0,710.0,846.0,10400.0,2925.0
1237,2805.0,3677.0,320.0,661.0,14019.0,4391.0
1238,2198.0,2828.0,2147.0,1410.0,4547.0,1440.0
1239,2924.0,3348.0,1386.0,1255.0,2406.0,1105.0
1240,5147.0,3810.0,394.0,545.0,13989.0,3836.0
1241,3425.0,3591.0,1028.0,666.0,22410.0,3183.0
1242,3019.0,4564.0,923.0,983.0,3417.0,1949.0
1243,1856.0,2923.0,4019.0,1758.0,1054.0,604.0
1244,3300.0,2812.0,1327.0,915.0,25454.0,1650.0
1245,846.0,2869.0,3755.0,1453.0,1820.0,1118.0
1246,2653.0,3514.0,2681.0,1123.0,6519.0,2680.0
1247,3207.0,2560.0,383.0,628.0,13378.0,3245.0
1248,3809.0,3382.0,1244.0,766.0,9530.0,4358.0
1249,4076.0,3325.0,535.0,645.0,22529.0,3585.0
1250,2645.0,3340.0,1066.0,854.0,26127.0,2786.0
1251,1052.0,1083.0,744.0,428.0,11024.0,1423.0
1252,1518.0,2536.0,798.0,573.0,7705.0,1456.0
1253,2626.0,3848.0,1182.0,850.0,13138.0,5199.0
1254,1104.0,2847.0,1507.0,1508.0,13589.0,1886.0
1255,2805.0,3252.0,439.0,694.0,24567.0,3476.0
1256,2361.0,2987.0,1225.0,1375.0,2215.0,1390.0
1257,3747.0,2630.0,1554.0,1071.0,6019.0,3270.0
1258,1880.0,2864.0,2385.0,1492.0,6104.0,1317.0
1259,1907.0,1838.0,734.0,674.0,18511.0,1489.0
1260,2747.0,3568.0,1757.0,1398.0,1966.0,1401.0
1261,3977.0,4016.0,1100.0,1011.0,15424.0,8142.0
1262,3696.0,3889.0,1511.0,1069.0,2959.0,1414.0
1263,2570.0,2459.0,856.0,773.0,8723.0,3920.0
1264,2570.0,2459.0,856.0,773.0,8723.0,3920.0
1265,1468.0,1951.0,735.0,496.0,6268.0,1962.0
1266,1330.0,1523.0,1078.0,790.0,1068.0,610.0
1267,1333.0,3132.0,879.0,821.0,13614.0,3466.0
1268,3450.0,6076.0,1438.0,1076.0,6071.0,2471.0
1269,2574.0,3058.0,1378.0,1049.0,2295.0,1561.0
1270,1794.0,2604.0,742.0,844.0,3965.0,995.0
1271,981.0,787.0,635.0,453.0,16484.0,2483.0
1272,2514.0,3507.0,1660.0,1085.0,11140.0,2747.0
1273,2961.0,2715.0,996.0,788.0,15344.0,4914.0
1274,3701.0,2520.0,314.0,734.0,3572.0,1158.0
1275,3215.0,2264.0,626.0,930.0,6440.0,1780.0
1276,2939.0,1950.0,454.0,850.0,3001.0,1500.0
1277,2939.0,1950.0,454.0,850.0,3001.0,1500.0
1278,2783.0,2864.0,569.0,1210.0,9148.0,2180.0
1279,4535.0,2353.0,510.0,537.0,5571.0,2808.0
1280,3184.0,6684.0,1180.0,1370.0,7293.0,1950.0
1281,2976.0,7280.0,1558.0,1368.0,4658.0,1832.0
1282,2467.0,7730.0,1808.0,1185.0,8419.0,2955.0
1283,1913.0,5143.0,918.0,1046.0,21536.0,3364.0
1284,2275.0,5091.0,700.0,957.0,15280.0,4528.0
1285,2476.0,5602.0,1368.0,921.0,9675.0,3869.0
1286,2180.0,5929.0,1345.0,1581.0,10922.0,2682.0
1287,2145.0,4436.0,2040.0,2298.0,3074.0,1487.0
1288,2172.0,3331.0,474.0,500.0,14954.0,3655.0
1289,1897.0,5355.0,1817.0,1789.0,2836.0,912.0
1290,2086.0,5623.0,2021.0,2323.0,2686.0,1079.0
1291,5416.0,3322.0,531.0,1654.0,4091.0,922.0
1292,6654.0,4967.0,557.0,1120.0,4281.0,1917.0
1293,8046.0,4082.0,554.0,822.0,3748.0,1321.0
1294,5824.0,2588.0,446.0,876.0,6488.0,1908.0
1295,7962.0,4368.0,649.0,837.0,9159.0,2294.0
1296,9447.0,6412.0,667.0,1108.0,11515.0,3417.0
1297,5216.0,4823.0,1063.0,1583.0,4852.0,2182.0
1298,6247.0,4510.0,580.0,1092.0,2355.0,1062.0
1299,3930.0,6801.0,860.0,1558.0,5710.0,1939.0
1300,8027.0,9751.0,837.0,1188.0,5645.0,1830.0
1301,2387.0,3516.0,188.0,398.0,11282.0,3375.0
1302,2632.0,4749.0,359.0,494.0,6176.0,2263.0
1303,2709.0,3337.0,217.0,300.0,10865.0,4384.0
1304,2348.0,5217.0,509.0,618.0,9935.0,2692.0
1305,2155.0,5910.0,599.0,762.0,5780.0,2572.0
1306,2517.0,2582.0,361.0,349.0,11292.0,3461.0
1307,2342.0,8421.0,973.0,960.0,5963.0,2614.0
1308,1994.0,3267.0,440.0,446.0,6847.0,3700.0
1309,2267.0,2572.0,315.0,352.0,17529.0,4369.0
1310,4712.0,1867.0,209.0,231.0,8962.0,3844.0
1311,4156.0,2754.0,290.0,377.0,7987.0,3388.0
1312,4466.0,1900.0,275.0,437.0,6701.0,2428.0
1313,3095.0,2590.0,852.0,709.0,8542.0,2086.0
1314,2924.0,3296.0,558.0,540.0,17155.0,5499.0
1315,2669.0,3161.0,633.0,563.0,10998.0,3062.0
1316,5306.0,2590.0,401.0,426.0,6738.0,3239.0
1317,4892.0,3912.0,631.0,697.0,8239.0,2493.0
1318,2166.0,2111.0,639.0,654.0,7820.0,2325.0
1319,901.0,2006.0,350.0,441.0,7512.0,3674.0
1320,26127.0,4685.0,927.0,1111.0,6458.0,1832.0
1321,6326.0,2489.0,577.0,778.0,16255.0,1180.0
1322,4523.0,4836.0,1210.0,1089.0,10977.0,2189.0
1323,3523.0,3214.0,1025.0,1037.0,12849.0,1216.0
1324,5157.0,2747.0,708.0,679.0,21740.0,1772.0
1325,2999.0,4334.0,924.0,850.0,1075.0,666.0
1326,2769.0,3552.0,1456.0,990.0,2044.0,1130.0
1327,2656.0,4511.0,2275.0,1021.0,10237.0,1522.0
1328,3058.0,4530.0,1028.0,890.0,7580.0,5813.0
1329,3573.0,5229.0,1489.0,1261.0,2031.0,1020.0
1330,3773.0,2888.0,214.0,314.0,21502.0,5074.0
1331,3689.0,4207.0,472.0,769.0,8166.0,3443.0
1332,8747.0,3128.0,554.0,635.0,5583.0,3002.0
1333,4851.0,3296.0,253.0,403.0,12036.0,4617.0
1334,13237.0,3058.0,473.0,1232.0,15244.0,2348.0
1335,9581.0,2899.0,870.0,2070.0,12672.0,1825.0
1336,7633.0,5299.0,743.0,1875.0,14325.0,2033.0
1337,8727.0,2459.0,678.0,1397.0,11036.0,1429.0
1338,5968.0,4558.0,890.0,1512.0,7505.0,2457.0
1339,5652.0,8743.0,976.0,1763.0,4536.0,1628.0
1340,5809.0,6710.0,896.0,1714.0,9035.0,1284.0
1341,6622.0,5280.0,1799.0,1283.0,8277.0,1150.0
1342,5070.0,4732.0,692.0,1259.0,4880.0,1819.0
1343,6194.0,3793.0,638.0,1423.0,7815.0,2000.0
1344,3667.0,4309.0,1108.0,2221.0,4229.0,2289.0
1345,2808.0,3336.0,1757.0,2178.0,5179.0,2303.0
1346,3172.0,6175.0,1458.0,2402.0,3900.0,1818.0
1347,2439.0,2524.0,1207.0,2739.0,3392.0,1671.0
1348,3373.0,3603.0,944.0,1608.0,8429.0,3029.0
1349,4036.0,3159.0,484.0,1592.0,14752.0,9190.0
1350,2148.0,2309.0,674.0,1481.0,4396.0,1611.0
1351,3390.0,2756.0,1140.0,1777.0,3109.0,1889.0
1352,3247.0,2462.0,914.0,1337.0,2641.0,670.0
1353,4504.0,2766.0,659.0,1323.0,13989.0,1656.0
1354,3057.0,2185.0,399.0,1762.0,45973.0,1122.0
1355,4929.0,3050.0,517.0,1314.0,3570.0,1576.0
1356,6984.0,4092.0,901.0,1374.0,20495.0,1474.0
1357,5528.0,2727.0,746.0,1581.0,14691.0,1585.0
1358,3799.0,4456.0,3357.0,1778.0,7861.0,402.0
1359,4257.0,2581.0,1076.0,1141.0,3679.0,1474.0
1360,2253.0,2444.0,2878.0,1371.0,4635.0,2528.0
1361,2332.0,2568.0,4991.0,1812.0,3717.0,2184.0
1362,1759.0,2100.0,2713.0,1949.0,3925.0,1877.0
1363,2263.0,3819.0,2944.0,2066.0,3361.0,2041.0
1364,3336.0,4902.0,2103.0,1472.0,9689.0,2466.0
1365,2594.0,1950.0,2923.0,1128.0,3349.0,1882.0
1366,2446.0,3192.0,2429.0,2102.0,2290.0,1287.0
1367,1711.0,1624.0,2263.0,1675.0,12665.0,2097.0
1368,2631.0,2896.0,2223.0,1383.0,9199.0,3332.0
1369,3979.0,3353.0,1167.0,1011.0,10920.0,1307.0
1370,1594.0,4144.0,2143.0,3676.0,2709.0,1364.0
1371,2636.0,1962.0,2682.0,1171.0,3981.0,1886.0
1372,2813.0,1937.0,2503.0,1218.0,1560.0,964.0
1373,1305.0,1082.0,4619.0,1195.0,1720.0,957.0
1374,3157.0,4888.0,1988.0,1352.0,3461.0,1445.0
1375,4210.0,4208.0,2471.0,1193.0,6479.0,573.0
1376,1635.0,3181.0,3608.0,2490.0,3080.0,1719.0
1377,1695.0,2074.0,1932.0,1380.0,4939.0,2808.0
1378,2510.0,2403.0,2027.0,1612.0,1503.0,682.0
1379,2230.0,1704.0,1575.0,1057.0,8749.0,2669.0
1380,3176.0,3677.0,2066.0,1489.0,3503.0,1971.0
1381,3598.0,1966.0,1935.0,1366.0,1794.0,1009.0
1382,3523.0,3363.0,1421.0,1477.0,2512.0,1241.0
1383,4723.0,3618.0,1008.0,1148.0,3266.0,2168.0
1384,2350.0,2805.0,1144.0,1128.0,19412.0,863.0
1385,3077.0,3564.0,1372.0,1970.0,4877.0,1504.0
1386,3466.0,5475.0,1483.0,1560.0,4237.0,2311.0
1387,4115.0,4893.0,1009.0,1419.0,6930.0,2906.0
1388,4195.0,2336.0,910.0,977.0,3986.0,1848.0
1389,6404.0,2008.0,472.0,941.0,7754.0,2919.0
1390,4680.0,2345.0,690.0,877.0,16419.0,2311.0
1391,6431.0,7358.0,1195.0,1199.0,14690.0,1896.0
1392,3684.0,6853.0,1202.0,1199.0,5549.0,2079.0
1393,5486.0,3111.0,775.0,1010.0,6263.0,2248.0
1394,1622.0,5341.0,2072.0,1988.0,8621.0,4687.0
1395,3349.0,4973.0,1037.0,1159.0,17700.0,4445.0
1396,1556.0,5442.0,2023.0,1933.0,6942.0,3684.0
1397,1078.0,3531.0,2741.0,3442.0,6045.0,3454.0
1398,1814.0,5499.0,1617.0,3668.0,10062.0,5389.0
1399,2402.0,8736.0,1443.0,1525.0,11673.0,3643.0
1400,5439.0,5106.0,2221.0,1152.0,14207.0,2214.0
1401,4384.0,4037.0,5031.0,811.0,38525.0,3594.0
1402,3067.0,4878.0,7466.0,1342.0,21737.0,5448.0
1403,2617.0,4153.0,5211.0,1541.0,4449.0,2328.0
1404,2274.0,5434.0,5411.0,1229.0,22178.0,3971.0
1405,2800.0,4236.0,5402.0,1177.0,7728.0,2967.0
1406,2237.0,5031.0,13016.0,1961.0,4312.0,2390.0
1407,2894.0,4837.0,6472.0,1329.0,6937.0,2339.0
1408,1910.0,5604.0,12626.0,2476.0,7628.0,1603.0
1409,1419.0,5163.0,10623.0,4909.0,6039.0,1902.0
1410,2768.0,3535.0,5881.0,1112.0,14941.0,2998.0
1411,2733.0,3783.0,7953.0,1110.0,5573.0,2592.0
1412,2501.0,4707.0,6573.0,1411.0,9983.0,4623.0
1413,1958.0,5966.0,53870.0,1763.0,3857.0,1945.0
1414,2595.0,5627.0,13674.0,1935.0,6501.0,1582.0
1415,2130.0,3998.0,7842.0,1256.0,6220.0,3206.0
1416,2327.0,3248.0,9551.0,805.0,15996.0,3417.0
1417,1767.0,3735.0,13004.0,1623.0,5907.0,1730.0
1418,1484.0,3163.0,21907.0,1595.0,5842.0,2412.0
1419,694.0,4666.0,29017.0,2946.0,12519.0,2508.0
1420,1305.0,3087.0,23373.0,2418.0,3702.0,2397.0
1421,1190.0,3621.0,15952.0,4262.0,4085.0,1534.0
1422,1021.0,4109.0,51318.0,2790.0,2213.0,1520.0
1423,508.0,3387.0,77036.0,1829.0,6919.0,2577.0
1424,544.0,1731.0,300080.0,746.0,8660.0,1246.0
1425,791.0,2998.0,242673.0,1394.0,5356.0,1388.0
1426,617.0,2530.0,260255.0,1540.0,2492.0,1450.0
1427,2523.0,5311.0,1390.0,1074.0,14274.0,2672.0
1428,1526.0,3824.0,919.0,744.0,21502.0,2874.0
1429,2382.0,4785.0,1388.0,1179.0,7861.0,2741.0
1430,1008.0,4656.0,2089.0,1829.0,6040.0,1579.0
1431,971.0,3651.0,1984.0,1191.0,9584.0,2842.0
1432,1787.0,3689.0,3252.0,2773.0,1233.0,769.0
1433,1583.0,4359.0,3724.0,2061.0,5359.0,1251.0
1434,2026.0,3437.0,1795.0,876.0,18215.0,4505.0
1435,3128.0,2836.0,1127.0,653.0,7491.0,3682.0
1436,1941.0,3738.0,1499.0,1114.0,13951.0,2265.0
1437,2199.0,4666.0,2330.0,2309.0,5496.0,1854.0
1438,1895.0,4601.0,878.0,866.0,19633.0,3000.0
1439,1298.0,5659.0,1569.0,1700.0,5192.0,1588.0
1440,2931.0,4186.0,1104.0,772.0,8714.0,2691.0
1441,2480.0,1847.0,672.0,868.0,6453.0,2174.0
1442,5452.0,2036.0,872.0,1020.0,4853.0,2330.0
1443,7329.0,2236.0,424.0,714.0,10788.0,2358.0
1444,5159.0,2133.0,401.0,825.0,6288.0,2460.0
1445,956.0,2931.0,594.0,694.0,4532.0,2296.0
1446,1193.0,4948.0,541.0,890.0,5932.0,2858.0
1447,1663.0,1851.0,890.0,700.0,7006.0,2388.0
1448,1865.0,2807.0,3111.0,1169.0,1373.0,746.0
1449,1672.0,2469.0,3443.0,1151.0,4142.0,2489.0
1450,1453.0,2233.0,1484.0,776.0,4966.0,2982.0
1451,690.0,3427.0,1405.0,1102.0,15332.0,2497.0
1452,1954.0,3171.0,1540.0,920.0,3060.0,1874.0
1453,1403.0,3406.0,3043.0,1555.0,9168.0,5185.0
1454,1669.0,3273.0,1388.0,1599.0,6755.0,3729.0
1455,1641.0,4993.0,975.0,934.0,4356.0,2330.0
1456,2579.0,5468.0,312.0,732.0,16615.0,3746.0
1457,2304.0,6963.0,495.0,959.0,11381.0,4836.0
1458,1804.0,2763.0,1370.0,684.0,3445.0,1340.0
1459,2485.0,3616.0,215.0,320.0,19541.0,4936.0
1460,2540.0,3736.0,618.0,509.0,13012.0,5202.0
1461,2747.0,8229.0,667.0,636.0,15048.0,4744.0
1462,2131.0,4331.0,450.0,678.0,14325.0,5867.0
1463,2265.0,4542.0,632.0,692.0,10766.0,2598.0
1464,3069.0,6289.0,447.0,815.0,11263.0,3671.0
1465,2476.0,5732.0,275.0,844.0,7437.0,3949.0
1466,2471.0,4026.0,428.0,770.0,12853.0,3966.0
1467,1764.0,5518.0,591.0,1407.0,9405.0,3206.0
1468,2628.0,4090.0,267.0,706.0,11530.0,5061.0
1469,2281.0,9129.0,639.0,1810.0,7505.0,3332.0
1470,2298.0,5071.0,288.0,795.0,16986.0,6070.0
1471,2824.0,4337.0,475.0,836.0,7591.0,3712.0
1472,2180.0,5375.0,228.0,432.0,10718.0,5384.0
1473,2733.0,5529.0,383.0,576.0,11166.0,4407.0
1474,2323.0,4996.0,383.0,759.0,9756.0,4921.0
1475,2239.0,3163.0,232.0,365.0,11642.0,6520.0
1476,4216.0,5047.0,687.0,587.0,13259.0,5287.0
1477,8340.0,6732.0,455.0,590.0,13736.0,4627.0
1478,3521.0,5529.0,963.0,1051.0,5415.0,2982.0
1479,7086.0,6858.0,618.0,700.0,8983.0,3513.0
1480,2952.0,5348.0,352.0,544.0,14090.0,4918.0
1481,2949.0,5783.0,486.0,805.0,9495.0,4013.0
1482,2096.0,7036.0,7106.0,1232.0,8421.0,4047.0
1483,2577.0,4812.0,515.0,814.0,13103.0,4154.0
1484,3056.0,1863.0,194.0,247.0,17693.0,4089.0
1485,2542.0,6143.0,670.0,992.0,7977.0,3076.0
1486,3472.0,3191.0,4071.0,1742.0,4548.0,2260.0
1487,1299.0,3038.0,2544.0,1396.0,15324.0,3739.0
1488,2150.0,4316.0,1197.0,1314.0,8831.0,3241.0
1489,3477.0,3780.0,403.0,921.0,19029.0,3846.0
1490,2293.0,2775.0,359.0,474.0,35655.0,5527.0
1491,2177.0,2851.0,1756.0,932.0,4717.0,1986.0
1492,3776.0,2550.0,480.0,566.0,7328.0,3283.0
1493,4953.0,2021.0,303.0,448.0,5081.0,2820.0
1494,2296.0,5024.0,705.0,879.0,9451.0,2658.0
1495,2326.0,8184.0,959.0,1325.0,11437.0,3655.0
1496,2116.0,5742.0,1364.0,1596.0,4334.0,2592.0
1497,1222.0,4686.0,1188.0,1507.0,3834.0,1762.0
1498,2208.0,7004.0,1220.0,1448.0,3945.0,1690.0
1499,2013.0,7259.0,1647.0,1690.0,16865.0,3009.0
1500,1113.0,4418.0,986.0,1237.0,11449.0,3564.0
1501,1750.0,4360.0,2297.0,2290.0,5523.0,2992.0
1502,2333.0,5561.0,932.0,966.0,8633.0,4340.0
1503,2392.0,4857.0,1191.0,2865.0,7991.0,4228.0
1504,1645.0,4616.0,1239.0,4641.0,11003.0,2933.0
1505,1518.0,2979.0,1078.0,3521.0,8135.0,3936.0
1506,1308.0,3721.0,1415.0,9458.0,5758.0,4295.0
1507,1738.0,3646.0,875.0,2301.0,7762.0,3748.0
1508,1334.0,5696.0,2574.0,14325.0,5210.0,1900.0
1509,1423.0,3933.0,1376.0,12794.0,11017.0,4674.0
1510,2417.0,3955.0,626.0,10676.0,9158.0,4185.0
1511,8678.0,1824.0,255.0,226.0,18113.0,3694.0
1512,3889.0,5923.0,1599.0,582.0,8289.0,2452.0
1513,3431.0,7090.0,900.0,724.0,11335.0,2598.0
1514,4515.0,2881.0,340.0,357.0,12939.0,2803.0
1515,4045.0,7076.0,350.0,611.0,5312.0,2566.0
1516,4266.0,7170.0,567.0,775.0,5021.0,2580.0
1517,4097.0,5328.0,566.0,580.0,17662.0,2263.0
1518,3543.0,5818.0,1760.0,709.0,3267.0,1667.0
1519,3236.0,5201.0,522.0,806.0,4571.0,2534.0
1520,3494.0,3248.0,334.0,410.0,5618.0,1913.0
1521,2487.0,3126.0,577.0,755.0,3049.0,1974.0
1522,3343.0,6146.0,789.0,1166.0,2727.0,1588.0
1523,2121.0,5995.0,808.0,1002.0,3756.0,2150.0
1524,1057.0,5518.0,555.0,1163.0,8208.0,2478.0
1525,1692.0,2742.0,400.0,515.0,10282.0,4804.0
1526,2674.0,5091.0,461.0,998.0,4066.0,2535.0
1527,2139.0,5316.0,443.0,974.0,2588.0,1387.0
1528,3150.0,6975.0,736.0,879.0,7053.0,2743.0
1529,3562.0,9007.0,817.0,1639.0,6596.0,3650.0
1530,2681.0,3448.0,323.0,423.0,6079.0,1747.0
1531,5052.0,1838.0,198.0,264.0,8479.0,5141.0
1532,6305.0,2495.0,283.0,255.0,11165.0,3787.0
1533,1776.0,3105.0,283.0,471.0,7745.0,3408.0
1534,772.0,1898.0,239.0,310.0,20849.0,2934.0
1535,1318.0,2215.0,620.0,417.0,16277.0,5670.0
1536,2848.0,3870.0,921.0,630.0,10264.0,2870.0
1537,1777.0,6776.0,796.0,1135.0,8071.0,3147.0
1538,2054.0,3124.0,593.0,676.0,9773.0,5575.0
1539,3436.0,4136.0,339.0,594.0,10588.0,2876.0
1540,5437.0,5276.0,580.0,665.0,12207.0,4191.0
1541,4237.0,7470.0,1530.0,888.0,7330.0,3853.0
1542,3685.0,4785.0,573.0,628.0,18412.0,7223.0
1543,8033.0,4332.0,356.0,473.0,7876.0,3856.0
1544,5079.0,3138.0,212.0,313.0,19017.0,5156.0
1545,14228.0,2578.0,421.0,540.0,11929.0,4640.0
1546,2646.0,4357.0,695.0,677.0,8010.0,3234.0
1547,2163.0,5358.0,511.0,1035.0,6050.0,2287.0
1548,2778.0,1510.0,946.0,404.0,9573.0,5119.0
1549,2512.0,4944.0,12375.0,1354.0,6024.0,1283.0
1550,5360.0,3092.0,771.0,943.0,8467.0,1224.0
1551,3081.0,5472.0,4878.0,1386.0,1415.0,834.0
1552,3282.0,6103.0,3435.0,1057.0,9929.0,1900.0
1553,2919.0,2909.0,635.0,817.0,5896.0,3203.0
1554,3185.0,2112.0,714.0,986.0,7217.0,2924.0
1555,1521.0,5635.0,1533.0,1023.0,7202.0,3153.0
1556,2155.0,5715.0,1649.0,921.0,16347.0,3504.0
1557,1729.0,5178.0,2419.0,1742.0,14150.0,3211.0
1558,1239.0,3073.0,2784.0,984.0,6011.0,3352.0
1559,1278.0,2627.0,6567.0,1327.0,6911.0,3870.0
1560,1202.0,3905.0,5109.0,2819.0,6271.0,2213.0
1561,1174.0,2667.0,4653.0,1387.0,8358.0,3997.0
1562,1048.0,4949.0,36495.0,6512.0,6390.0,2026.0
1563,997.0,4307.0,9679.0,2573.0,2532.0,971.0
1564,653.0,4745.0,4629.0,4901.0,10474.0,1997.0
1565,1038.0,2606.0,4626.0,1382.0,6880.0,4137.0
1566,931.0,4104.0,3219.0,2039.0,9095.0,3010.0
1567,5237.0,3217.0,3129.0,1493.0,6807.0,1901.0
1568,4694.0,2178.0,541.0,994.0,12579.0,2738.0
1569,6774.0,2018.0,628.0,1263.0,5880.0,1567.0
1570,1386.0,3639.0,1982.0,1266.0,6572.0,3245.0
1571,1040.0,3342.0,2332.0,1657.0,3837.0,2593.0
1572,707.0,1738.0,2419.0,1963.0,6896.0,4510.0
1573,955.0,2834.0,3338.0,2610.0,6091.0,2888.0
1574,510.0,3532.0,2431.0,23121.0,6140.0,2780.0
1575,612.0,2182.0,3292.0,3190.0,4362.0,2990.0
1576,1324.0,4356.0,2601.0,4856.0,5451.0,1147.0
1577,477.0,3985.0,2412.0,3657.0,4473.0,2526.0
1578,518.0,3472.0,2025.0,2872.0,3677.0,2026.0
1579,975.0,3040.0,3632.0,2310.0,2505.0,1636.0
1580,841.0,3243.0,2460.0,1620.0,4697.0,2476.0
1581,986.0,3200.0,4078.0,3241.0,5016.0,2003.0
1582,907.0,7611.0,6621.0,2981.0,6462.0,3533.0
1583,914.0,3845.0,5088.0,4747.0,16960.0,4280.0
1584,728.0,6125.0,4294.0,3770.0,3775.0,1290.0
1585,739.0,4746.0,4307.0,4090.0,8216.0,4965.0
1586,1125.0,4219.0,3503.0,1931.0,10133.0,3956.0
1587,2056.0,6225.0,2864.0,1552.0,12715.0,4281.0
1588,2916.0,5264.0,1455.0,1136.0,16173.0,3461.0
1589,2154.0,7873.0,1157.0,3665.0,6784.0,3953.0
1590,3581.0,3384.0,639.0,721.0,22229.0,3052.0
1591,2732.0,5591.0,749.0,626.0,13508.0,4884.0
1592,3371.0,5731.0,637.0,672.0,13114.0,4189.0
1593,3395.0,7363.0,1940.0,802.0,9779.0,3776.0
1594,1829.0,6913.0,2890.0,1079.0,7253.0,3994.0
1595,2160.0,6638.0,1136.0,907.0,5350.0,3059.0
1596,2404.0,3364.0,521.0,578.0,18995.0,4984.0
1597,1346.0,3933.0,782.0,1191.0,18608.0,4403.0
1598,2347.0,4600.0,1654.0,1123.0,5744.0,1744.0
1599,2808.0,5844.0,1277.0,919.0,10759.0,2426.0
1600,2021.0,4810.0,1996.0,1610.0,6658.0,3284.0
1601,2243.0,3985.0,1243.0,986.0,8664.0,2958.0
1602,2278.0,4709.0,887.0,1070.0,6424.0,2839.0
1603,2775.0,3820.0,806.0,1045.0,10353.0,2719.0
1604,3146.0,6852.0,1618.0,1149.0,7134.0,2817.0
1605,2670.0,5318.0,1066.0,895.0,8201.0,4163.0
1606,4490.0,3474.0,1138.0,580.0,9177.0,3573.0
1607,1593.0,5867.0,2851.0,1982.0,5081.0,2023.0
1608,2229.0,4946.0,1191.0,1289.0,6596.0,3275.0
1609,5455.0,2127.0,260.0,341.0,9675.0,5037.0
1610,1849.0,5842.0,599.0,1356.0,11410.0,3340.0
1611,3179.0,5117.0,460.0,945.0,7008.0,4178.0
1612,2516.0,11624.0,822.0,1847.0,5662.0,2726.0
1613,2868.0,7498.0,260.0,815.0,21813.0,7056.0
1614,2344.0,3794.0,272.0,558.0,7202.0,4490.0
1615,3161.0,4039.0,179.0,453.0,16821.0,4751.0
1616,2796.0,5214.0,269.0,733.0,7597.0,4456.0
1617,2628.0,6515.0,496.0,935.0,6261.0,3590.0
1618,3034.0,11028.0,747.0,1025.0,7133.0,3187.0
1619,2770.0,7211.0,610.0,1216.0,8121.0,4175.0
1620,1080.0,7115.0,675.0,1208.0,11250.0,5227.0
1621,2713.0,5703.0,497.0,1053.0,10272.0,2908.0
1622,2701.0,7766.0,405.0,905.0,10650.0,4320.0
1623,1904.0,3871.0,408.0,578.0,7807.0,3619.0
1624,3251.0,4433.0,458.0,911.0,20567.0,2641.0
1625,2117.0,2971.0,366.0,620.0,6468.0,4325.0
1626,26772.0,5191.0,732.0,723.0,6405.0,3148.0
1627,47640.0,2813.0,260.0,281.0,15818.0,4666.0
1628,20901.0,3864.0,496.0,500.0,20337.0,3885.0
1629,22893.0,6218.0,560.0,586.0,12311.0,2920.0
1630,16751.0,6970.0,707.0,864.0,9540.0,4681.0
1631,6363.0,3825.0,923.0,1259.0,6899.0,2833.0
1632,10024.0,2248.0,381.0,741.0,11912.0,2033.0
1633,7262.0,6705.0,2508.0,1518.0,5052.0,1851.0
1634,12839.0,3212.0,478.0,1051.0,3861.0,1811.0
1635,8042.0,3312.0,633.0,933.0,8888.0,1894.0
1636,1300.0,6130.0,1729.0,1473.0,13061.0,2256.0
1637,707.0,4623.0,1555.0,1240.0,6349.0,3546.0
1638,1793.0,5535.0,296.0,570.0,12995.0,5051.0
1639,1852.0,6265.0,873.0,929.0,10627.0,3268.0
1640,1881.0,2343.0,449.0,394.0,20416.0,4028.0
1641,1458.0,4294.0,1128.0,790.0,8805.0,3933.0
1642,1275.0,3013.0,968.0,760.0,12341.0,4152.0
1643,1482.0,3366.0,1057.0,905.0,5930.0,3349.0
1644,1903.0,4451.0,313.0,449.0,11715.0,3573.0
1645,2168.0,3482.0,859.0,606.0,16877.0,5248.0
1646,1747.0,5014.0,764.0,545.0,14300.0,4832.0
1647,1364.0,3928.0,339.0,544.0,9940.0,3735.0
1648,1082.0,5142.0,1674.0,2393.0,6837.0,4748.0
1649,1485.0,8713.0,651.0,1571.0,9266.0,3249.0
1650,1488.0,5224.0,1390.0,971.0,7108.0,4050.0
1651,1462.0,7037.0,2243.0,727.0,6798.0,3855.0
1652,1635.0,4971.0,1282.0,1010.0,14679.0,5020.0
1653,1420.0,3756.0,360.0,592.0,9068.0,3947.0
1654,1562.0,4983.0,850.0,7502.0,5584.0,3618.0
1655,1661.0,3218.0,790.0,1373.0,7348.0,2800.0
1656,2246.0,4204.0,1100.0,1226.0,2415.0,1295.0
1657,2477.0,4370.0,1010.0,911.0,4196.0,2016.0
1658,1867.0,3936.0,733.0,631.0,10931.0,3377.0
1659,1718.0,4189.0,1148.0,946.0,7078.0,2667.0
1660,2176.0,4053.0,691.0,731.0,8543.0,2255.0
1661,1337.0,3116.0,728.0,576.0,22175.0,3248.0
1662,2089.0,3564.0,545.0,693.0,8427.0,2385.0
1663,8499.0,3064.0,265.0,458.0,14797.0,6011.0
1664,3178.0,3371.0,699.0,485.0,9435.0,3929.0
1665,3191.0,4176.0,861.0,771.0,6041.0,3265.0
1666,3914.0,3440.0,819.0,585.0,9534.0,3616.0
1667,3297.0,4945.0,777.0,679.0,7216.0,2942.0
1668,2456.0,5158.0,1844.0,1246.0,9983.0,3368.0
1669,3205.0,3249.0,677.0,498.0,6253.0,3169.0
1670,3379.0,5177.0,929.0,669.0,12728.0,3168.0
1671,1987.0,3663.0,457.0,643.0,12781.0,3667.0
1672,1042.0,3191.0,710.0,846.0,10400.0,2925.0
1673,2805.0,3677.0,320.0,661.0,14019.0,4391.0
1674,2198.0,2828.0,2147.0,1410.0,4547.0,1440.0
1675,2924.0,3348.0,1386.0,1255.0,2406.0,1105.0
1676,5147.0,3810.0,394.0,545.0,13989.0,3836.0
1677,3425.0,3591.0,1028.0,666.0,22410.0,3183.0
1678,3019.0,4564.0,923.0,983.0,3417.0,1949.0
1679,1856.0,2923.0,4019.0,1758.0,1054.0,604.0
1680,3300.0,2812.0,1327.0,915.0,25454.0,1650.0
1681,846.0,2869.0,3755.0,1453.0,1820.0,1118.0
1682,2653.0,3514.0,2681.0,1123.0,6519.0,2680.0
1683,3207.0,2560.0,383.0,628.0,13378.0,3245.0
1684,3809.0,3382.0,1244.0,766.0,9530.0,4358.0
1685,4076.0,3325.0,535.0,645.0,22529.0,3585.0
1686,2645.0,3340.0,1066.0,854.0,26127.0,2786.0
1687,1052.0,1083.0,744.0,428.0,11024.0,1423.0
1688,1518.0,2536.0,798.0,573.0,7705.0,1456.0
1689,2626.0,3848.0,1182.0,850.0,13138.0,5199.0
1690,1104.0,2847.0,1507.0,1508.0,13589.0,1886.0
1691,2805.0,3252.0,439.0,694.0,24567.0,3476.0
1692,2361.0,2987.0,1225.0,1375.0,2215.0,1390.0
1693,3747.0,2630.0,1554.0,1071.0,6019.0,3270.0
1694,1880.0,2864.0,2385.0,1492.0,6104.0,1317.0
1695,1907.0,1838.0,734.0,674.0,18511.0,1489.0
1696,2747.0,3568.0,1757.0,1398.0,1966.0,1401.0
1697,3977.0,4016.0,1100.0,1011.0,15424.0,8142.0
1698,3696.0,3889.0,1511.0,1069.0,2959.0,1414.0
1699,2570.0,2459.0,856.0,773.0,8723.0,3920.0
1700,1468.0,1951.0,735.0,496.0,6268.0,1962.0
1701,1330.0,1523.0,1078.0,790.0,1068.0,610.0
1702,1333.0,3132.0,879.0,821.0,13614.0,3466.0
1703,3450.0,6076.0,1438.0,1076.0,6071.0,2471.0
1704,2574.0,3058.0,1378.0,1049.0,2295.0,1561.0
1705,1794.0,2604.0,742.0,844.0,3965.0,995.0
1706,981.0,787.0,635.0,453.0,16484.0,2483.0
1707,2514.0,3507.0,1660.0,1085.0,11140.0,2747.0
1708,2961.0,2715.0,996.0,788.0,15344.0,4914.0
1709,3701.0,2520.0,314.0,734.0,3572.0,1158.0
1710,3215.0,2264.0,626.0,930.0,6440.0,1780.0
1711,2939.0,1950.0,454.0,850.0,3001.0,1500.0
1712,2783.0,2864.0,569.0,1210.0,9148.0,2180.0
1713,4535.0,2353.0,510.0,537.0,5571.0,2808.0
1714,3184.0,6684.0,1180.0,1370.0,7293.0,1950.0
1715,2976.0,7280.0,1558.0,1368.0,4658.0,1832.0
1716,2467.0,7730.0,1808.0,1185.0,8419.0,2955.0
1717,1913.0,5143.0,918.0,1046.0,21536.0,3364.0
1718,2275.0,5091.0,700.0,957.0,15280.0,4528.0
1719,2476.0,5602.0,1368.0,921.0,9675.0,3869.0
1720,2180.0,5929.0,1345.0,1581.0,10922.0,2682.0
1721,2145.0,4436.0,2040.0,2298.0,3074.0,1487.0
1722,2172.0,3331.0,474.0,500.0,14954.0,3655.0
1723,1897.0,5355.0,1817.0,1789.0,2836.0,912.0
1724,2086.0,5623.0,2021.0,2323.0,2686.0,1079.0
1725,5416.0,3322.0,531.0,1654.0,4091.0,922.0
1726,6654.0,4967.0,557.0,1120.0,4281.0,1917.0
1727,8046.0,4082.0,554.0,822.0,3748.0,1321.0
1728,5824.0,2588.0,446.0,876.0,6488.0,1908.0
1729,7962.0,4368.0,649.0,837.0,9159.0,2294.0
1730,9447.0,6412.0,667.0,1108.0,11515.0,3417.0
1731,5216.0,4823.0,1063.0,1583.0,4852.0,2182.0
1732,6247.0,4510.0,580.0,1092.0,2355.0,1062.0
1733,3930.0,6801.0,860.0,1558.0,5710.0,1939.0
1734,8027.0,9751.0,837.0,1188.0,5645.0,1830.0
1735,2387.0,3516.0,188.0,398.0,11282.0,3375.0
1736,2632.0,4749.0,359.0,494.0,6176.0,2263.0
1737,2709.0,3337.0,217.0,300.0,10865.0,4384.0
1738,2348.0,5217.0,509.0,618.0,9935.0,2692.0
1739,2155.0,5910.0,599.0,762.0,5780.0,2572.0
1740,2517.0,2582.0,361.0,349.0,11292.0,3461.0
1741,2342.0,8421.0,973.0,960.0,5963.0,2614.0
1742,1994.0,3267.0,440.0,446.0,6847.0,3700.0
1743,2267.0,2572.0,315.0,352.0,17529.0,4369.0
1744,4712.0,1867.0,209.0,231.0,8962.0,3844.0
1745,4156.0,2754.0,290.0,377.0,7987.0,3388.0
1746,4466.0,1900.0,275.0,437.0,6701.0,2428.0
