,Estimate; MARITAL STATUS - Never married.1,Estimate; RESIDENCE 1 YEAR AGO - Different house in the U.S. - Same county,Estimate; RESIDENCE 1 YEAR AGO - Different house in the U.S. - Different county - Same state
0,74872.0,74999.0,11211.0
1,74872.0,74999.0,11211.0
2,75432.0,52925.0,28388.0
3,73131.0,63601.0,29586.0
4,57811.0,59480.0,22962.0
5,72152.0,55765.0,17901.0
6,66379.0,47727.0,27291.0
7,118108.0,73302.0,25188.0
8,78101.0,73247.0,17366.0
9,77549.0,96739.0,12777.0
10,77549.0,96739.0,12777.0
11,94004.0,95836.0,11613.0
12,57953.0,75295.0,29452.0
13,66650.0,83503.0,13594.0
14,84032.0,100727.0,4960.0
15,112393.0,117787.0,4907.0
16,69432.0,71923.0,3841.0
17,65721.0,68668.0,25687.0
18,87801.0,60102.0,19621.0
19,67848.0,85199.0,29569.0
20,71192.0,75693.0,31700.0
21,79707.0,58684.0,28252.0
22,87446.0,89061.0,32662.0
23,61461.0,53716.0,31317.0
24,90490.0,84831.0,23294.0
25,109862.0,112133.0,24342.0
26,81434.0,96073.0,21306.0
27,82460.0,85632.0,21612.0
28,89393.0,92798.0,21323.0
29,81073.0,85553.0,30919.0
30,86089.0,61484.0,27747.0
31,133805.0,54054.0,28093.0
32,123632.0,71790.0,33655.0
33,91695.0,46668.0,32648.0
34,83983.0,63459.0,24668.0
35,102982.0,98691.0,23323.0
36,71760.0,59439.0,18326.0
37,84113.0,53819.0,22421.0
38,94276.0,79281.0,17782.0
39,96227.0,66960.0,25880.0
40,82940.0,82944.0,35600.0
41,88937.0,86678.0,18386.0
42,77332.0,88370.0,19789.0
43,97448.0,100889.0,34688.0
44,86860.0,84671.0,11637.0
45,85713.0,59218.0,17253.0
46,103415.0,61172.0,10792.0
47,115024.0,73017.0,6921.0
48,112086.0,69103.0,4131.0
49,96874.0,79027.0,9620.0
50,100552.0,85592.0,29072.0
51,108103.0,67849.0,12909.0
52,109842.0,75076.0,15374.0
53,125099.0,82273.0,7208.0
54,106220.0,57011.0,28913.0
55,72720.0,92262.0,21029.0
56,142885.0,73398.0,8613.0
57,104341.0,51857.0,9854.0
58,92001.0,53082.0,22449.0
59,118513.0,67099.0,4243.0
60,105929.0,84102.0,32416.0
61,79674.0,60021.0,28680.0
62,115577.0,80323.0,5618.0
63,118749.0,83983.0,4719.0
64,84421.0,77501.0,21459.0
65,101966.0,78182.0,12227.0
66,111093.0,85627.0,17033.0
67,90127.0,71163.0,17307.0
68,69764.0,72528.0,14800.0
69,80223.0,71612.0,9341.0
70,99716.0,85186.0,12469.0
71,96155.0,78786.0,18381.0
72,109266.0,80489.0,12507.0
73,112640.0,70099.0,55951.0
74,95260.0,76854.0,34531.0
75,68098.0,71201.0,25038.0
76,69009.0,87019.0,17640.0
77,78431.0,59752.0,43236.0
78,79133.0,67983.0,47186.0
79,99833.0,57777.0,11630.0
80,85265.0,40649.0,22625.0
81,106050.0,55603.0,11549.0
82,91349.0,59476.0,5167.0
83,88440.0,57296.0,13146.0
84,118858.0,78219.0,7784.0
85,71674.0,66289.0,23226.0
86,97849.0,84978.0,46572.0
87,86283.0,57281.0,51047.0
88,79305.0,73438.0,19285.0
89,115293.0,101277.0,20962.0
90,73220.0,59981.0,21243.0
91,91958.0,50603.0,38953.0
92,67260.0,64321.0,14596.0
93,89475.0,56787.0,18499.0
94,59933.0,49072.0,26879.0
95,59933.0,49072.0,26879.0
96,65602.0,53952.0,21094.0
97,75244.0,64787.0,16750.0
98,75244.0,64787.0,16750.0
99,107935.0,95160.0,20657.0
100,89438.0,70713.0,17416.0
101,64419.0,63526.0,24103.0
102,55512.0,50721.0,19154.0
103,69729.0,54876.0,24793.0
104,67523.0,65877.0,19404.0
105,67523.0,65877.0,19404.0
106,113564.0,101363.0,18877.0
107,76427.0,53635.0,17625.0
108,89793.0,74487.0,18941.0
109,86278.0,72944.0,17065.0
110,137568.0,67891.0,10770.0
111,85920.0,50202.0,9804.0
112,95146.0,63569.0,8516.0
113,94891.0,66020.0,5552.0
114,84557.0,61612.0,22760.0
115,97219.0,57965.0,34756.0
116,79372.0,54492.0,36571.0
117,107197.0,58637.0,27028.0
118,150554.0,82225.0,50747.0
119,77087.0,49677.0,31691.0
120,72322.0,45159.0,19999.0
121,82272.0,55564.0,33085.0
122,61035.0,34537.0,25088.0
123,92687.0,53456.0,42045.0
124,76173.0,59351.0,40762.0
125,88040.0,49026.0,29571.0
126,98842.0,63456.0,39832.0
127,58691.0,51060.0,26150.0
128,84339.0,64202.0,2190.0
129,80522.0,64161.0,4274.0
130,69358.0,74736.0,29058.0
131,74971.0,78249.0,28108.0
132,126530.0,67610.0,5833.0
133,119802.0,59965.0,8555.0
134,87079.0,51239.0,7573.0
135,108401.0,72461.0,3796.0
136,125038.0,80973.0,10854.0
137,77005.0,36801.0,22618.0
138,161519.0,104125.0,9923.0
139,100362.0,66236.0,5444.0
140,70610.0,57359.0,14294.0
141,83634.0,44222.0,26432.0
142,80135.0,57967.0,24876.0
143,101046.0,82458.0,37248.0
144,66890.0,42019.0,20658.0
145,64257.0,53205.0,25682.0
146,74664.0,53578.0,27638.0
147,80429.0,67238.0,21973.0
148,70067.0,54505.0,29424.0
149,90337.0,55021.0,14216.0
150,75423.0,64936.0,17567.0
151,75325.0,61754.0,18064.0
152,80565.0,67925.0,36278.0
153,75388.0,59825.0,28168.0
154,71292.0,60411.0,30775.0
155,109735.0,79245.0,19414.0
156,68780.0,60959.0,30879.0
157,83565.0,61666.0,21375.0
158,81028.0,65173.0,19737.0
159,80069.0,69611.0,29602.0
160,73703.0,65662.0,30112.0
161,69193.0,61936.0,35294.0
162,75461.0,76684.0,30019.0
163,76498.0,57663.0,16910.0
164,68216.0,79759.0,23430.0
165,62153.0,52623.0,23789.0
166,70360.0,65019.0,27960.0
167,93188.0,74780.0,14122.0
168,70345.0,44044.0,28132.0
169,57968.0,55068.0,24748.0
170,87042.0,80021.0,31205.0
171,92199.0,62207.0,23763.0
172,135630.0,64213.0,20943.0
173,91964.0,76162.0,26683.0
174,89312.0,52178.0,25122.0
175,88414.0,55330.0,28165.0
176,88414.0,55330.0,28165.0
177,73903.0,57808.0,15778.0
178,68789.0,56144.0,21708.0
179,78867.0,40007.0,22934.0
180,109272.0,44929.0,21087.0
181,102686.0,42861.0,19320.0
182,120100.0,61490.0,12764.0
183,97899.0,39124.0,22862.0
184,81711.0,60052.0,14821.0
185,133119.0,64230.0,22017.0
186,99373.0,56068.0,11327.0
187,104996.0,55216.0,16307.0
188,90731.0,56945.0,10575.0
189,94292.0,35456.0,20144.0
190,110382.0,52829.0,22026.0
191,88366.0,47102.0,13344.0
192,176355.0,69342.0,26868.0
193,114392.0,49493.0,27828.0
194,81716.0,43225.0,12285.0
195,62683.0,45992.0,27982.0
196,79151.0,65509.0,34836.0
197,84245.0,76377.0,28863.0
198,76241.0,54827.0,41605.0
199,86335.0,72555.0,13921.0
200,79406.0,63690.0,24415.0
201,72662.0,55225.0,27566.0
202,92255.0,62544.0,35851.0
203,91028.0,59142.0,25162.0
204,64039.0,49571.0,19988.0
205,75677.0,55310.0,23918.0
206,102846.0,86644.0,21894.0
207,124606.0,87171.0,11167.0
208,71586.0,47975.0,27145.0
209,72646.0,38371.0,26561.0
210,68889.0,47320.0,23477.0
211,93005.0,63731.0,33128.0
212,121039.0,89680.0,31726.0
213,67637.0,42393.0,38870.0
214,60372.0,42337.0,21468.0
215,62937.0,49292.0,29538.0
216,83449.0,54553.0,26482.0
217,122001.0,53563.0,21604.0
218,93031.0,57917.0,31745.0
219,85376.0,62333.0,31610.0
220,137000.0,87302.0,31461.0
221,75511.0,51269.0,21515.0
222,69925.0,54177.0,27507.0
223,79153.0,77205.0,37400.0
224,103231.0,83503.0,23083.0
225,71690.0,52730.0,34139.0
226,77289.0,82017.0,37081.0
227,61277.0,65367.0,35337.0
228,61277.0,65367.0,35337.0
229,97860.0,91861.0,34602.0
230,65488.0,70369.0,21443.0
231,76427.0,65744.0,16746.0
232,50172.0,41171.0,22464.0
233,91187.0,141912.0,972.0
234,67263.0,80138.0,14787.0
235,85840.0,120566.0,908.0
236,68323.0,113726.0,8487.0
237,75533.0,48137.0,17663.0
238,73818.0,45339.0,13979.0
239,103370.0,44408.0,18205.0
240,103370.0,44408.0,18205.0
241,91698.0,44663.0,16274.0
242,80733.0,40981.0,11233.0
243,75316.0,28514.0,12961.0
244,79865.0,28030.0,10945.0
245,101973.0,45559.0,21892.0
246,73938.0,25243.0,15740.0
247,121009.0,69239.0,13303.0
248,103604.0,37542.0,10173.0
249,134535.0,47865.0,10574.0
250,85440.0,26245.0,18310.0
251,99775.0,39739.0,17827.0
252,89825.0,70756.0,18063.0
253,79278.0,62594.0,16770.0
254,84713.0,45672.0,12388.0
255,80585.0,34243.0,6005.0
256,93871.0,25926.0,8902.0
257,78101.0,24229.0,14351.0
258,94771.0,22625.0,15439.0
259,128701.0,40511.0,15133.0
260,91585.0,37937.0,11242.0
261,126982.0,48790.0,17971.0
262,147945.0,50201.0,9411.0
263,142058.0,35448.0,11198.0
264,130511.0,52423.0,13535.0
265,100094.0,31076.0,8831.0
266,170743.0,48779.0,21703.0
267,161416.0,44923.0,17702.0
268,109068.0,45192.0,15616.0
269,154992.0,61096.0,16156.0
270,119825.0,45129.0,15013.0
271,95836.0,44143.0,11675.0
272,83868.0,32405.0,18056.0
273,84418.0,48286.0,30410.0
274,111279.0,48567.0,29831.0
275,72786.0,58440.0,25337.0
276,89184.0,54898.0,23709.0
277,85804.0,55989.0,25004.0
278,95566.0,70208.0,20823.0
279,111308.0,84374.0,14666.0
280,114843.0,76640.0,14534.0
281,75597.0,44352.0,24034.0
282,112102.0,73306.0,27823.0
283,70773.0,57538.0,26170.0
284,70773.0,57538.0,26170.0
285,79245.0,63119.0,29101.0
286,121989.0,90970.0,38344.0
287,85209.0,52862.0,26618.0
288,74743.0,47907.0,23950.0
289,71704.0,47594.0,29032.0
290,77055.0,55445.0,23029.0
291,80884.0,54236.0,16663.0
292,77736.0,60926.0,19682.0
293,62379.0,46096.0,25203.0
294,138162.0,108414.0,29902.0
295,138162.0,108414.0,29902.0
296,75246.0,57967.0,26327.0
297,97265.0,78092.0,21916.0
298,76046.0,61462.0,20589.0
299,116591.0,100015.0,27369.0
300,72670.0,66419.0,28153.0
301,73968.0,59808.0,25314.0
302,64518.0,51722.0,20694.0
303,71126.0,50084.0,24784.0
304,77053.0,69691.0,21132.0
305,103635.0,80474.0,16609.0
306,92079.0,83558.0,24613.0
307,131995.0,93857.0,12081.0
308,76802.0,58375.0,29617.0
309,96019.0,58306.0,22179.0
310,69207.0,40297.0,19906.0
311,78970.0,65113.0,36226.0
312,71694.0,50888.0,21472.0
313,81123.0,82653.0,27367.0
314,61566.0,58378.0,27506.0
315,64163.0,53955.0,43588.0
316,74713.0,75940.0,34496.0
317,83457.0,72324.0,29707.0
318,72758.0,94304.0,21999.0
319,114211.0,83839.0,21335.0
320,87023.0,98925.0,26894.0
321,76608.0,77762.0,33584.0
322,141522.0,68990.0,12890.0
323,174181.0,75664.0,16655.0
324,81083.0,41130.0,23399.0
325,78743.0,28390.0,16069.0
326,72731.0,28479.0,14271.0
327,72731.0,28479.0,14271.0
328,75118.0,49838.0,20978.0
329,75765.0,46474.0,16531.0
330,78690.0,50335.0,22332.0
331,67178.0,41683.0,13867.0
332,67178.0,41683.0,13867.0
333,104889.0,41538.0,18065.0
334,86522.0,56886.0,23340.0
335,86522.0,56886.0,23340.0
336,83199.0,60874.0,11755.0
337,83199.0,60874.0,11755.0
338,71611.0,40076.0,16893.0
339,71611.0,40076.0,16893.0
340,77314.0,42916.0,6724.0
341,69588.0,37569.0,13956.0
342,87257.0,63699.0,23807.0
343,72755.0,48708.0,22176.0
344,78747.0,58530.0,27782.0
345,79947.0,60904.0,17480.0
346,75727.0,56745.0,21022.0
347,107050.0,60539.0,30922.0
348,82175.0,53593.0,18443.0
349,89401.0,74968.0,40638.0
350,63535.0,62553.0,24159.0
351,74198.0,56309.0,21550.0
352,72163.0,61297.0,22173.0
353,71422.0,59539.0,22747.0
354,111381.0,80533.0,24978.0
355,60192.0,53191.0,31487.0
356,66499.0,52259.0,20713.0
357,129950.0,104275.0,8636.0
358,74985.0,72515.0,44997.0
359,87044.0,83402.0,19183.0
360,71244.0,48441.0,29844.0
361,59494.0,58526.0,33649.0
362,74824.0,73628.0,23034.0
363,80231.0,76148.0,26627.0
364,81126.0,89259.0,10944.0
365,65373.0,47747.0,40671.0
366,107185.0,106277.0,20144.0
367,77873.0,61484.0,26977.0
368,62506.0,58422.0,42927.0
369,75634.0,74897.0,22385.0
370,62914.0,56306.0,40887.0
371,73485.0,73109.0,30162.0
372,77732.0,68741.0,18864.0
373,78643.0,65709.0,6455.0
374,95910.0,87853.0,41896.0
375,110522.0,118322.0,14666.0
376,77304.0,89049.0,48948.0
377,100168.0,91505.0,18560.0
378,95869.0,90618.0,36312.0
379,71658.0,44282.0,33477.0
380,67957.0,52711.0,25391.0
381,87609.0,79248.0,33755.0
382,71522.0,71776.0,44606.0
383,78005.0,62302.0,42618.0
384,72525.0,66920.0,32992.0
385,80023.0,59855.0,12842.0
386,87869.0,90623.0,11587.0
387,106133.0,80433.0,16258.0
388,68941.0,60363.0,39984.0
389,89074.0,86091.0,19803.0
390,87623.0,76634.0,14599.0
391,79658.0,54286.0,17848.0
392,109729.0,106139.0,34556.0
393,66017.0,60145.0,33856.0
394,62616.0,53455.0,31638.0
395,70168.0,68673.0,22611.0
396,76381.0,80225.0,19389.0
397,70621.0,85356.0,12633.0
398,75169.0,49476.0,11766.0
399,77988.0,35317.0,29559.0
400,88767.0,64782.0,27340.0
401,130618.0,80131.0,52274.0
402,83520.0,37668.0,37302.0
403,88111.0,35075.0,39398.0
404,87604.0,51021.0,44451.0
405,76217.0,44485.0,35090.0
406,76217.0,44485.0,35090.0
407,117945.0,45403.0,28420.0
408,72583.0,56840.0,31610.0
409,73023.0,31128.0,23534.0
410,90824.0,55373.0,29041.0
411,64442.0,61495.0,13615.0
412,76871.0,71087.0,24132.0
413,65338.0,68132.0,13186.0
414,67916.0,71257.0,20200.0
415,77808.0,77322.0,23609.0
416,68819.0,67676.0,19399.0
417,118016.0,80292.0,17342.0
418,65088.0,63630.0,18568.0
419,89549.0,83156.0,13788.0
420,74597.0,73786.0,23023.0
421,71381.0,38151.0,17229.0
422,55959.0,42174.0,15455.0
423,73734.0,61766.0,18590.0
424,95180.0,78162.0,22525.0
425,85141.0,62885.0,33852.0
426,135372.0,110351.0,12372.0
427,74029.0,46904.0,27878.0
428,68638.0,51020.0,27693.0
429,61807.0,47382.0,20415.0
430,71499.0,47581.0,24361.0
431,54550.0,62923.0,14401.0
432,75611.0,57792.0,11998.0
433,80791.0,57764.0,28938.0
434,85525.0,62948.0,28479.0
435,58787.0,54141.0,25097.0
436,73450.0,71783.0,17921.0
437,67897.0,54980.0,22848.0
438,124365.0,74186.0,20336.0
439,83733.0,79177.0,18181.0
440,76406.0,105918.0,12433.0
441,108439.0,100112.0,12720.0
442,60812.0,57751.0,26875.0
443,77509.0,80910.0,13855.0
444,85479.0,83271.0,3713.0
445,117784.0,114694.0,5850.0
446,78254.0,70235.0,3657.0
447,68103.0,70237.0,28516.0
448,90938.0,75676.0,26248.0
449,74845.0,78318.0,26757.0
450,71124.0,53104.0,24231.0
451,75160.0,68435.0,38882.0
452,83343.0,57356.0,33825.0
453,87020.0,67857.0,42168.0
454,67296.0,47546.0,29745.0
455,92488.0,68492.0,32772.0
456,107906.0,91134.0,28023.0
457,84893.0,76668.0,32083.0
458,80640.0,67849.0,18633.0
459,94979.0,79682.0,27491.0
460,85553.0,71161.0,24789.0
461,90387.0,58333.0,28081.0
462,138026.0,48711.0,25394.0
463,132988.0,67137.0,35455.0
464,98187.0,45304.0,31085.0
465,83398.0,47299.0,25476.0
466,102094.0,91460.0,24377.0
467,83793.0,52779.0,19259.0
468,77308.0,52060.0,20598.0
469,97651.0,61403.0,15031.0
470,104311.0,50824.0,27643.0
471,89108.0,64402.0,33129.0
472,96710.0,80409.0,24831.0
473,85275.0,87927.0,18793.0
474,99527.0,90056.0,35350.0
475,94045.0,66883.0,8848.0
476,88034.0,59864.0,20218.0
477,99702.0,56157.0,9798.0
478,120133.0,68072.0,8913.0
479,117076.0,61016.0,3474.0
480,107012.0,78928.0,6535.0
481,109524.0,76648.0,28174.0
482,107699.0,55599.0,8544.0
483,113492.0,79284.0,14817.0
484,129166.0,72768.0,7945.0
485,111832.0,62435.0,34728.0
486,84043.0,69976.0,25401.0
487,141857.0,73569.0,9123.0
488,105401.0,41861.0,7727.0
489,89913.0,58806.0,27458.0
490,120097.0,54709.0,2048.0
491,105130.0,73885.0,33131.0
492,85088.0,59656.0,31324.0
493,131399.0,78217.0,6447.0
494,123839.0,70331.0,4370.0
495,89986.0,76703.0,20532.0
496,107584.0,60077.0,8905.0
497,114078.0,62487.0,14896.0
498,88526.0,62233.0,13967.0
499,73047.0,72485.0,16046.0
500,77884.0,77735.0,12325.0
501,99002.0,76335.0,5710.0
502,93337.0,89920.0,15693.0
503,114334.0,77860.0,10291.0
504,117445.0,84036.0,58342.0
505,94594.0,70894.0,41037.0
506,74264.0,64115.0,25937.0
507,73389.0,63772.0,41658.0
508,71736.0,101893.0,18456.0
509,83371.0,65361.0,46108.0
510,87092.0,54152.0,41938.0
511,98353.0,63382.0,9725.0
512,87023.0,50072.0,24121.0
513,113792.0,54808.0,11787.0
514,96178.0,56747.0,5555.0
515,90025.0,48071.0,9939.0
516,123172.0,67894.0,9352.0
517,76285.0,60530.0,25618.0
518,97943.0,77424.0,49767.0
519,89564.0,57974.0,51734.0
520,77218.0,77979.0,19298.0
521,125867.0,111378.0,29261.0
522,70861.0,47060.0,25564.0
523,105664.0,47081.0,43823.0
524,68954.0,67817.0,18973.0
525,100804.0,69233.0,22676.0
526,61495.0,52002.0,20887.0
527,61495.0,52002.0,20887.0
528,72034.0,39823.0,23835.0
529,81701.0,61973.0,14012.0
530,117399.0,94267.0,21726.0
531,98605.0,70877.0,20047.0
532,67640.0,67378.0,24114.0
533,63456.0,56320.0,23623.0
534,74182.0,52824.0,19858.0
535,76888.0,70441.0,19473.0
536,114383.0,91033.0,19743.0
537,75932.0,73119.0,17920.0
538,86600.0,89594.0,21668.0
539,88604.0,77141.0,15225.0
540,141200.0,69744.0,9039.0
541,90073.0,50250.0,9744.0
542,94716.0,65905.0,8418.0
543,106306.0,61050.0,6265.0
544,88298.0,73903.0,33330.0
545,100473.0,63926.0,32695.0
546,85091.0,54999.0,40279.0
547,111533.0,49888.0,34564.0
548,156183.0,80798.0,48089.0
549,82419.0,48232.0,33827.0
550,87941.0,41836.0,25421.0
551,86392.0,62826.0,26523.0
552,69160.0,32763.0,30356.0
553,95871.0,49283.0,42327.0
554,84787.0,64635.0,35719.0
555,91781.0,51520.0,30493.0
556,109479.0,52110.0,36780.0
557,65850.0,38991.0,22026.0
558,87783.0,65651.0,1654.0
559,87783.0,65651.0,1654.0
560,79079.0,59195.0,5474.0
561,76633.0,70172.0,32894.0
562,72324.0,78523.0,25466.0
563,133061.0,67428.0,5507.0
564,126469.0,60463.0,8997.0
565,94958.0,50205.0,6585.0
566,115049.0,69835.0,3830.0
567,121371.0,81647.0,11272.0
568,74838.0,37735.0,23832.0
569,158446.0,108414.0,9768.0
570,96355.0,66672.0,7196.0
571,79690.0,59615.0,11555.0
572,91690.0,47644.0,27113.0
573,87081.0,49289.0,21466.0
574,100462.0,80272.0,45410.0
575,69912.0,36199.0,22316.0
576,68224.0,51947.0,30538.0
577,79193.0,50622.0,29291.0
578,83434.0,59254.0,23157.0
579,69979.0,55859.0,27940.0
580,69979.0,55859.0,27940.0
581,90906.0,53535.0,15914.0
582,76994.0,56608.0,21275.0
583,73605.0,67722.0,18332.0
584,79397.0,69817.0,39121.0
585,78181.0,60634.0,26967.0
586,75256.0,66416.0,27373.0
587,117646.0,89372.0,17684.0
588,73232.0,59635.0,27522.0
589,81690.0,59641.0,26843.0
590,87961.0,69117.0,24634.0
591,84017.0,74515.0,28710.0
592,76608.0,63707.0,32351.0
593,68545.0,63094.0,33953.0
594,80390.0,71685.0,30654.0
595,80336.0,70601.0,18705.0
596,70052.0,71621.0,15926.0
597,64526.0,58281.0,22810.0
598,64526.0,58281.0,22810.0
599,72791.0,67113.0,35761.0
600,99190.0,82393.0,13664.0
601,69059.0,50182.0,37504.0
602,60077.0,48186.0,27984.0
603,91651.0,92191.0,39360.0
604,97048.0,49616.0,23894.0
605,137160.0,58865.0,23458.0
606,99406.0,81524.0,23006.0
607,97232.0,52971.0,22980.0
608,93075.0,53618.0,24631.0
609,101814.0,64111.0,33028.0
610,78478.0,52608.0,18175.0
611,71658.0,43496.0,20332.0
612,79025.0,42561.0,23644.0
613,108850.0,60534.0,28804.0
614,116344.0,58297.0,27387.0
615,119210.0,66863.0,12604.0
616,103167.0,45008.0,23048.0
617,81407.0,65499.0,15936.0
618,136145.0,60904.0,23514.0
619,107550.0,66502.0,13815.0
620,105629.0,60037.0,19765.0
621,96853.0,61611.0,15937.0
622,96449.0,35810.0,24886.0
623,112839.0,53729.0,19784.0
624,95332.0,48843.0,12372.0
625,184263.0,70767.0,25802.0
626,117045.0,43578.0,29630.0
627,88980.0,50683.0,18959.0
628,67516.0,48668.0,30243.0
629,82364.0,69788.0,35764.0
630,88986.0,76419.0,30299.0
631,78909.0,51564.0,38980.0
632,87009.0,64590.0,19292.0
633,84361.0,71161.0,27958.0
634,70218.0,46706.0,27193.0
635,93891.0,69521.0,41933.0
636,99428.0,52346.0,27863.0
637,66329.0,42128.0,23518.0
638,74724.0,51289.0,21381.0
639,103711.0,75515.0,22850.0
640,135617.0,83796.0,13608.0
641,125116.0,74607.0,22515.0
642,73038.0,39611.0,27808.0
643,75801.0,34092.0,31243.0
644,71444.0,46142.0,22265.0
645,100217.0,58815.0,38641.0
646,121282.0,85883.0,36833.0
647,70476.0,35601.0,40237.0
648,62897.0,41783.0,24340.0
649,61678.0,43172.0,29414.0
650,88301.0,63103.0,28783.0
651,88301.0,63103.0,28783.0
652,118940.0,49328.0,18793.0
653,90890.0,45453.0,32676.0
654,87767.0,50618.0,32482.0
655,137785.0,79527.0,28872.0
656,80021.0,48568.0,23462.0
657,74748.0,51555.0,33051.0
658,84026.0,70043.0,36165.0
659,109448.0,80729.0,20964.0
660,73949.0,57542.0,36527.0
661,77163.0,75976.0,35350.0
662,66680.0,66717.0,31471.0
663,107164.0,89712.0,36796.0
664,69122.0,65714.0,26022.0
665,78184.0,73327.0,17776.0
666,52780.0,46251.0,23142.0
667,92728.0,124563.0,384.0
668,72049.0,78175.0,18112.0
669,85381.0,104403.0,1602.0
670,92363.0,96306.0,2967.0
671,78355.0,51715.0,19712.0
672,73005.0,47670.0,14201.0
673,105902.0,46486.0,23788.0
674,94403.0,45524.0,18086.0
675,82464.0,45559.0,14375.0
676,83892.0,43843.0,12958.0
677,84479.0,33674.0,14416.0
678,98508.0,35554.0,18794.0
679,82341.0,24427.0,18156.0
680,126859.0,58332.0,14041.0
681,111785.0,35039.0,10930.0
682,142636.0,55024.0,14596.0
683,87269.0,27629.0,16158.0
684,95882.0,37386.0,21281.0
685,91906.0,62968.0,19267.0
686,82590.0,58183.0,16714.0
687,91490.0,39293.0,16031.0
688,87511.0,35124.0,9063.0
689,92284.0,27913.0,8782.0
690,76328.0,23309.0,12100.0
691,94834.0,34258.0,12961.0
692,129113.0,34332.0,14768.0
693,100249.0,35347.0,8672.0
694,130361.0,42172.0,23173.0
695,159837.0,43828.0,11074.0
696,150404.0,39236.0,8180.0
697,131396.0,52103.0,9333.0
698,93803.0,32183.0,5625.0
699,170905.0,58028.0,24131.0
700,168831.0,51545.0,20772.0
701,116988.0,46960.0,16796.0
702,164130.0,38225.0,16136.0
703,116157.0,39042.0,19894.0
704,94666.0,49524.0,13919.0
705,88107.0,33622.0,16276.0
706,89126.0,44025.0,27505.0
707,111880.0,51685.0,32590.0
708,78737.0,58067.0,35419.0
709,92749.0,53257.0,25116.0
710,95269.0,60724.0,25032.0
711,98990.0,62935.0,23110.0
712,113157.0,68732.0,15515.0
713,118704.0,61641.0,14523.0
714,81002.0,43759.0,21023.0
715,122584.0,64999.0,33166.0
716,72795.0,51798.0,21901.0
717,72795.0,51798.0,21901.0
718,79891.0,70119.0,33723.0
719,133000.0,94866.0,36652.0
720,88234.0,61754.0,29459.0
721,82103.0,42995.0,21189.0
722,74159.0,50652.0,28001.0
723,79140.0,49455.0,25860.0
724,86570.0,68447.0,18571.0
725,85441.0,51154.0,18879.0
726,64578.0,48757.0,25902.0
727,141715.0,106615.0,25769.0
728,78241.0,61143.0,23941.0
729,100960.0,68312.0,25346.0
730,81189.0,61048.0,17719.0
731,128416.0,108785.0,29111.0
732,73713.0,62660.0,30316.0
733,80833.0,62033.0,30838.0
734,65979.0,46988.0,19855.0
735,74014.0,55658.0,24711.0
736,79857.0,78766.0,25541.0
737,79857.0,78766.0,25541.0
738,108665.0,95466.0,17170.0
739,93590.0,84426.0,24948.0
740,132639.0,88568.0,12521.0
741,74148.0,66409.0,33394.0
742,91645.0,59071.0,23647.0
743,73668.0,43630.0,20036.0
744,81359.0,62538.0,37194.0
745,76655.0,49671.0,17756.0
746,80425.0,87916.0,27860.0
747,64123.0,63874.0,30806.0
748,69071.0,59219.0,40949.0
749,83392.0,75195.0,40870.0
750,92652.0,96728.0,26732.0
751,86500.0,80622.0,35126.0
752,76653.0,88061.0,24985.0
753,115506.0,86005.0,30685.0
754,88381.0,87968.0,28717.0
755,85231.0,70597.0,38290.0
756,138364.0,62124.0,10747.0
757,177894.0,65782.0,16969.0
758,177894.0,65782.0,16969.0
759,79368.0,52954.0,18140.0
760,80027.0,42531.0,20536.0
761,84618.0,32987.0,19373.0
762,81045.0,30072.0,17160.0
763,81045.0,30072.0,17160.0
764,77962.0,46082.0,19188.0
765,71730.0,43838.0,20378.0
766,81148.0,49675.0,23061.0
767,66327.0,43626.0,14035.0
768,66327.0,43626.0,14035.0
769,87789.0,46179.0,23620.0
770,87789.0,46179.0,23620.0
771,87245.0,55971.0,14538.0
772,87245.0,55971.0,14538.0
773,73276.0,41150.0,12238.0
774,73276.0,41150.0,12238.0
775,78128.0,42135.0,4489.0
776,74762.0,41458.0,10787.0
777,84840.0,57672.0,27399.0
778,85623.0,53133.0,20048.0
779,76622.0,56511.0,23812.0
780,85285.0,57592.0,15705.0
781,81656.0,43127.0,15854.0
782,108836.0,65143.0,32768.0
783,82402.0,58536.0,15630.0
784,91746.0,72363.0,37133.0
785,66748.0,51295.0,23964.0
786,81791.0,60064.0,31161.0
787,76483.0,62793.0,17765.0
788,81306.0,68785.0,29003.0
789,113542.0,78968.0,22588.0
790,64210.0,49852.0,34184.0
791,70364.0,51892.0,21174.0
792,135295.0,110087.0,6991.0
793,75527.0,69526.0,38286.0
794,83877.0,76762.0,16539.0
795,75257.0,56467.0,29569.0
796,64756.0,49946.0,37132.0
797,75418.0,73707.0,32346.0
798,90446.0,71852.0,24739.0
799,98623.0,87003.0,14402.0
800,76422.0,53724.0,44398.0
801,118918.0,83060.0,16924.0
802,78885.0,69249.0,31344.0
803,66356.0,51043.0,40757.0
804,85354.0,83135.0,30736.0
805,65889.0,55249.0,41736.0
806,80296.0,55997.0,37441.0
807,83914.0,54611.0,20455.0
808,88054.0,67287.0,5686.0
809,100560.0,80449.0,54186.0
810,114161.0,105235.0,14366.0
811,79531.0,93942.0,53843.0
812,103926.0,105115.0,18136.0
813,98782.0,82624.0,45335.0
814,81295.0,43516.0,37692.0
815,75669.0,62088.0,28209.0
816,89027.0,87514.0,41486.0
817,79794.0,64596.0,39073.0
818,77137.0,74351.0,47979.0
819,72899.0,72771.0,33166.0
820,84670.0,63878.0,13374.0
821,97577.0,88905.0,10489.0
822,114364.0,75601.0,19614.0
823,75816.0,69410.0,44203.0
824,90526.0,86729.0,27103.0
825,95925.0,83983.0,13396.0
826,83643.0,52497.0,15510.0
827,118184.0,88605.0,33213.0
828,75813.0,57124.0,30628.0
829,62418.0,61037.0,30235.0
830,73612.0,69479.0,29818.0
831,73388.0,78087.0,19114.0
832,75362.0,71835.0,14973.0
833,75506.0,44247.0,15603.0
834,83380.0,37727.0,45353.0
835,85981.0,62840.0,37665.0
836,138696.0,84304.0,48421.0
837,84072.0,31955.0,42220.0
838,88148.0,43578.0,40174.0
839,95659.0,53491.0,46180.0
840,83907.0,43138.0,38589.0
841,119756.0,49700.0,28418.0
842,75197.0,44982.0,41914.0
843,73153.0,51893.0,30680.0
844,91989.0,63942.0,28658.0
845,67276.0,60259.0,20716.0
846,80648.0,72626.0,26314.0
847,65188.0,65011.0,14381.0
848,72364.0,64784.0,20280.0
849,79890.0,74251.0,27400.0
850,66782.0,75450.0,21459.0
851,115412.0,101826.0,17118.0
852,68379.0,56510.0,21236.0
853,88966.0,82750.0,16944.0
854,79658.0,71790.0,23817.0
855,70584.0,35449.0,17346.0
856,58897.0,41749.0,11281.0
857,55395.0,39597.0,16918.0
858,78568.0,55790.0,19224.0
859,98999.0,80434.0,23190.0
860,84647.0,58809.0,35258.0
861,138729.0,100521.0,15581.0
862,74319.0,48584.0,32686.0
863,71386.0,47814.0,29044.0
864,60056.0,44612.0,21800.0
865,72265.0,49733.0,25024.0
866,54138.0,59025.0,15576.0
867,86232.0,46076.0,9457.0
868,83638.0,52158.0,28788.0
869,81116.0,51333.0,23136.0
870,62401.0,52029.0,19879.0
871,78496.0,65040.0,24779.0
872,71389.0,55834.0,22364.0
873,119943.0,61112.0,18009.0
874,85832.0,78966.0,21038.0
875,101002.0,69038.0,33450.0
876,99689.0,95712.0,11176.0
877,58941.0,67762.0,31407.0
878,80394.0,99120.0,12068.0
879,83660.0,84946.0,3800.0
880,132178.0,112770.0,3384.0
881,77149.0,73821.0,4973.0
882,77149.0,73821.0,4973.0
883,68155.0,87445.0,30170.0
884,88595.0,62771.0,26565.0
885,81035.0,74441.0,28650.0
886,70764.0,51421.0,23348.0
887,75142.0,64020.0,35814.0
888,84430.0,55780.0,28524.0
889,91342.0,66352.0,44371.0
890,71762.0,50660.0,47828.0
891,95998.0,53332.0,28329.0
892,114356.0,78339.0,29741.0
893,88015.0,65850.0,23565.0
894,86415.0,77069.0,25692.0
895,94120.0,75209.0,30539.0
896,87039.0,63080.0,27033.0
897,96288.0,49920.0,35018.0
898,139106.0,49209.0,22881.0
899,137965.0,52111.0,35875.0
900,98604.0,36777.0,31466.0
901,85084.0,38589.0,22352.0
902,105882.0,84252.0,21138.0
903,81221.0,64668.0,21560.0
904,83515.0,45888.0,21585.0
905,99685.0,67746.0,16473.0
906,106896.0,42674.0,25225.0
907,85645.0,68610.0,25008.0
908,95504.0,80854.0,14621.0
909,88227.0,91331.0,18234.0
910,102786.0,84593.0,34601.0
911,94608.0,61931.0,8630.0
912,94880.0,47364.0,17848.0
913,102090.0,46770.0,10025.0
914,120407.0,53340.0,7168.0
915,118599.0,48757.0,3992.0
916,103269.0,61327.0,10269.0
917,110284.0,70169.0,34063.0
918,107909.0,48862.0,7113.0
919,110721.0,71129.0,14280.0
920,142288.0,69790.0,8074.0
921,142288.0,69790.0,8074.0
922,111500.0,49165.0,34645.0
923,85128.0,57358.0,19667.0
924,144890.0,55469.0,8046.0
925,105102.0,39415.0,11493.0
926,92462.0,46336.0,23771.0
927,120571.0,43786.0,2383.0
928,121597.0,59706.0,27655.0
929,86267.0,60409.0,36097.0
930,123632.0,61989.0,6039.0
931,128334.0,47383.0,2946.0
932,88583.0,73584.0,23722.0
933,113145.0,64682.0,13424.0
934,112944.0,54637.0,14501.0
935,94309.0,59522.0,16179.0
936,75960.0,69068.0,12875.0
937,83417.0,86561.0,11580.0
938,107773.0,65451.0,5924.0
939,93958.0,86827.0,14786.0
940,110838.0,85253.0,9630.0
941,125670.0,67594.0,54372.0
942,100677.0,82705.0,41400.0
943,77744.0,69128.0,27879.0
944,72665.0,60025.0,47445.0
945,76210.0,84889.0,19055.0
946,89804.0,59884.0,42778.0
947,90914.0,54698.0,42860.0
948,103052.0,53486.0,14782.0
949,88092.0,43122.0,22755.0
950,113723.0,56104.0,11634.0
951,95502.0,59539.0,5513.0
952,89573.0,44462.0,11919.0
953,129018.0,76715.0,8432.0
954,83056.0,61596.0,24118.0
955,70043.0,58309.0,41764.0
956,99278.0,66676.0,36618.0
957,85017.0,63106.0,24934.0
958,122197.0,104256.0,34162.0
959,83013.0,56141.0,23733.0
960,112270.0,57387.0,44494.0
961,75833.0,56947.0,14293.0
962,103025.0,62165.0,24489.0
963,119103.0,94020.0,24904.0
964,65116.0,47126.0,26975.0
965,74505.0,58074.0,25331.0
966,89271.0,75234.0,18784.0
967,120864.0,86236.0,26360.0
968,89689.0,65808.0,25029.0
969,80509.0,65292.0,25406.0
970,69578.0,50003.0,21542.0
971,79782.0,63208.0,27250.0
972,79356.0,52674.0,18714.0
973,131691.0,69888.0,15198.0
974,89641.0,69873.0,15568.0
975,89132.0,76385.0,20259.0
976,98565.0,66413.0,20536.0
977,135726.0,63441.0,9635.0
978,90796.0,58278.0,8893.0
979,102538.0,59873.0,7294.0
980,101975.0,64726.0,7809.0
981,90568.0,85743.0,31600.0
982,97296.0,61361.0,32097.0
983,84832.0,48154.0,28866.0
984,118334.0,59876.0,35795.0
985,159503.0,79551.0,43286.0
986,91399.0,49035.0,33780.0
987,91399.0,49035.0,33780.0
988,89199.0,46799.0,23350.0
989,83976.0,51936.0,33059.0
990,74046.0,35542.0,38081.0
991,98277.0,53762.0,48569.0
992,86021.0,63974.0,35101.0
993,93750.0,54191.0,38472.0
994,111011.0,55036.0,51580.0
995,66565.0,47994.0,24042.0
996,83353.0,59609.0,2635.0
997,87245.0,50100.0,5550.0
998,81923.0,82360.0,29860.0
999,80532.0,73783.0,28219.0
1000,131600.0,57529.0,5975.0
1001,128317.0,66347.0,10263.0
1002,87763.0,53541.0,10144.0
1003,115006.0,61458.0,3731.0
1004,126028.0,79887.0,9787.0
1005,78560.0,37980.0,23278.0
1006,164555.0,94465.0,9079.0
1007,80479.0,55398.0,21772.0
1008,103754.0,62188.0,5914.0
1009,78417.0,50523.0,13729.0
1010,95732.0,42340.0,25850.0
1011,83792.0,53933.0,24361.0
1012,103477.0,70332.0,40299.0
1013,71047.0,42999.0,32205.0
1014,68771.0,52272.0,26693.0
1015,72969.0,64039.0,28706.0
1016,82440.0,60337.0,21659.0
1017,75066.0,49269.0,19566.0
1018,91969.0,54985.0,14577.0
1019,82442.0,58583.0,21844.0
1020,80525.0,76606.0,23592.0
1021,79484.0,71349.0,43128.0
1022,88963.0,53577.0,29701.0
1023,74144.0,59253.0,26731.0
1024,123506.0,67716.0,19543.0
1025,71767.0,55812.0,33503.0
1026,86123.0,58815.0,32110.0
1027,83769.0,68657.0,23944.0
1028,85992.0,64939.0,25193.0
1029,90023.0,81280.0,32775.0
1030,77998.0,55393.0,31339.0
1031,73331.0,65888.0,34220.0
1032,78206.0,66810.0,27878.0
1033,82961.0,68043.0,18709.0
1034,74033.0,68809.0,19614.0
1035,74033.0,68809.0,19614.0
1036,66631.0,51327.0,21982.0
1037,79284.0,66940.0,30942.0
1038,104846.0,92739.0,17174.0
1039,78038.0,49538.0,32266.0
1040,59862.0,42134.0,22244.0
1041,100294.0,86973.0,39459.0
1042,96920.0,57674.0,27818.0
1043,142487.0,64148.0,22045.0
1044,105307.0,72808.0,22979.0
1045,95982.0,56221.0,18914.0
1046,98120.0,56208.0,26641.0
1047,102635.0,69586.0,31338.0
1048,77354.0,47072.0,16011.0
1049,72484.0,46460.0,20349.0
1050,83475.0,48279.0,20047.0
1051,111418.0,57234.0,24538.0
1052,113861.0,66431.0,25851.0
1053,120208.0,60220.0,12564.0
1054,106151.0,44960.0,21155.0
1055,89008.0,58618.0,23569.0
1056,134222.0,57671.0,27455.0
1057,91914.0,41227.0,16604.0
1058,112526.0,57520.0,11395.0
1059,111299.0,59191.0,24006.0
1060,102839.0,56027.0,12220.0
1061,96002.0,34636.0,23501.0
1062,104795.0,45904.0,19167.0
1063,94777.0,49009.0,13722.0
1064,189355.0,77674.0,31535.0
1065,122795.0,53996.0,27537.0
1066,94937.0,47552.0,12430.0
1067,69278.0,48056.0,31323.0
1068,86523.0,68927.0,35829.0
1069,87904.0,75222.0,29183.0
1070,80103.0,46725.0,40567.0
1071,83033.0,68621.0,19612.0
1072,85698.0,62839.0,28649.0
1073,72937.0,46945.0,29517.0
1074,93646.0,67534.0,34818.0
1075,96065.0,63064.0,25940.0
1076,71459.0,54068.0,19414.0
1077,79735.0,43640.0,22971.0
1078,109583.0,78819.0,21828.0
1079,128157.0,74230.0,13310.0
1080,128157.0,74230.0,13310.0
1081,125203.0,67036.0,21946.0
1082,75518.0,47477.0,32116.0
1083,74267.0,41261.0,33027.0
1084,75409.0,47165.0,23234.0
1085,97563.0,51823.0,39850.0
1086,120333.0,78978.0,36355.0
1087,73129.0,38836.0,38924.0
1088,66736.0,38992.0,24491.0
1089,64726.0,45357.0,27278.0
1090,96486.0,56838.0,23435.0
1091,113484.0,53488.0,16484.0
1092,93754.0,49380.0,30224.0
1093,93241.0,65372.0,29356.0
1094,142712.0,78574.0,24622.0
1095,76099.0,49960.0,25671.0
1096,77500.0,59819.0,33170.0
1097,81369.0,64701.0,34911.0
1098,109230.0,66775.0,18165.0
1099,71485.0,59241.0,37421.0
1100,79287.0,69389.0,40719.0
1101,65881.0,64788.0,30865.0
1102,106666.0,92044.0,36256.0
1103,106666.0,92044.0,36256.0
1104,71339.0,68171.0,27896.0
1105,80822.0,66441.0,17913.0
1106,54480.0,43136.0,24561.0
1107,100490.0,106009.0,1462.0
1108,75467.0,77720.0,17371.0
1109,91089.0,87632.0,4971.0
1110,78942.0,56095.0,19180.0
1111,72652.0,49620.0,15708.0
1112,106111.0,46828.0,22617.0
1113,94660.0,56546.0,17525.0
1114,88521.0,41199.0,16465.0
1115,85146.0,39477.0,17762.0
1116,88031.0,37730.0,13933.0
1117,99553.0,42910.0,24084.0
1118,77944.0,24898.0,20060.0
1119,129758.0,53632.0,13912.0
1120,110971.0,34186.0,12170.0
1121,145255.0,51111.0,11408.0
1122,82386.0,24435.0,19439.0
1123,99224.0,36658.0,24652.0
1124,96786.0,75490.0,12860.0
1125,79680.0,54522.0,15380.0
1126,92569.0,40961.0,15198.0
1127,86238.0,26904.0,7296.0
1128,94917.0,26109.0,10699.0
1129,84170.0,22190.0,16205.0
1130,102431.0,21768.0,16840.0
1131,139406.0,26079.0,14103.0
1132,105642.0,36012.0,12300.0
1133,139408.0,42775.0,20417.0
1134,167496.0,43940.0,15072.0
1135,143361.0,36984.0,11747.0
1136,120133.0,53740.0,10360.0
1137,95986.0,33425.0,12232.0
1138,171636.0,53745.0,21703.0
1139,177356.0,42309.0,14771.0
1140,110338.0,36167.0,11837.0
1141,160122.0,35452.0,10439.0
1142,124205.0,37849.0,17834.0
1143,92846.0,46842.0,16329.0
1144,90127.0,37049.0,28926.0
1145,90013.0,37822.0,22665.0
1146,111313.0,52333.0,33200.0
1147,78003.0,49880.0,28741.0
1148,93357.0,51689.0,23494.0
1149,92685.0,56353.0,25299.0
1150,97553.0,60434.0,21153.0
1151,115789.0,77799.0,20307.0
1152,115789.0,77799.0,20307.0
1153,120977.0,63672.0,13192.0
1154,78949.0,46548.0,21457.0
1155,121620.0,66214.0,32456.0
1156,79926.0,50891.0,32836.0
1157,78526.0,59714.0,30289.0
1158,132615.0,94752.0,40697.0
1159,87795.0,49633.0,29144.0
1160,87588.0,51162.0,24368.0
1161,92402.0,56002.0,34858.0
1162,92004.0,55383.0,29900.0
1163,86849.0,49299.0,24236.0
1164,85919.0,57995.0,29415.0
1165,68516.0,51539.0,24375.0
1166,136629.0,93593.0,22115.0
1167,104453.0,70555.0,29551.0
1168,80687.0,66890.0,24120.0
1169,94941.0,73610.0,27027.0
1170,82495.0,68372.0,21815.0
1171,136434.0,119954.0,27202.0
1172,76214.0,61691.0,33287.0
1173,76450.0,61625.0,29561.0
1174,69985.0,49639.0,16591.0
1175,73934.0,60013.0,18388.0
1176,81344.0,67111.0,32888.0
1177,106543.0,85464.0,17978.0
1178,94603.0,68783.0,26557.0
1179,134453.0,84834.0,12663.0
1180,78818.0,66677.0,28182.0
1181,78818.0,66677.0,28182.0
1182,101698.0,55506.0,23512.0
1183,69180.0,42378.0,17914.0
1184,87933.0,60691.0,42805.0
1185,73265.0,58317.0,21251.0
1186,85480.0,86592.0,29195.0
1187,85480.0,86592.0,29195.0
1188,66752.0,54641.0,28031.0
1189,73236.0,50131.0,38665.0
1190,80872.0,79198.0,32969.0
1191,102135.0,103016.0,28332.0
1192,90688.0,73441.0,32358.0
1193,79170.0,83736.0,29965.0
1194,123148.0,88765.0,21144.0
1195,94813.0,105629.0,27952.0
1196,90532.0,70247.0,44713.0
1197,140739.0,65943.0,17103.0
1198,140739.0,65943.0,17103.0
1199,179574.0,71589.0,17981.0
1200,81252.0,53195.0,20122.0
1201,83895.0,62573.0,33029.0
1202,88501.0,52640.0,22961.0
1203,76979.0,31886.0,17427.0
1204,76979.0,31886.0,17427.0
1205,77520.0,35157.0,15534.0
1206,77046.0,46447.0,23335.0
1207,74366.0,46145.0,17532.0
1208,84706.0,49584.0,23819.0
1209,84706.0,49584.0,23819.0
1210,72314.0,42832.0,15693.0
1211,72314.0,42832.0,15693.0
1212,91527.0,62355.0,24352.0
1213,91527.0,62355.0,24352.0
1214,92056.0,60970.0,16058.0
1215,85446.0,50451.0,17269.0
1216,77592.0,43579.0,11959.0
1217,77592.0,43579.0,11959.0
1218,80832.0,52131.0,6127.0
1219,78591.0,35655.0,12812.0
1220,93312.0,54933.0,23930.0
1221,84827.0,47473.0,26923.0
1222,82437.0,46984.0,33299.0
1223,85923.0,79439.0,22282.0
1224,80724.0,41954.0,14880.0
1225,80724.0,41954.0,14880.0
1226,115543.0,49967.0,29770.0
1227,90291.0,54420.0,16161.0
1228,95725.0,66837.0,30910.0
1229,64221.0,49884.0,22655.0
1230,79437.0,63781.0,25839.0
1231,78200.0,52611.0,20680.0
1232,82450.0,61214.0,25424.0
1233,120566.0,65827.0,25458.0
1234,68698.0,54814.0,28523.0
1235,70949.0,52403.0,19161.0
1236,135790.0,99797.0,7967.0
1237,79228.0,59312.0,44846.0
1238,88787.0,84291.0,21006.0
1239,84267.0,47499.0,34957.0
1240,66980.0,47332.0,32984.0
1241,87319.0,77874.0,33860.0
1242,88935.0,73514.0,26616.0
1243,91116.0,81888.0,10135.0
1244,80735.0,60170.0,38101.0
1245,128355.0,72232.0,19400.0
1246,92317.0,60825.0,29893.0
1247,77440.0,68382.0,35873.0
1248,86891.0,83969.0,28379.0
1249,66647.0,65421.0,47050.0
1250,77982.0,68910.0,35445.0
1251,91289.0,59437.0,13192.0
1252,94738.0,74035.0,9624.0
1253,110108.0,94266.0,47534.0
1254,123552.0,106337.0,16312.0
1255,84674.0,82165.0,46440.0
1256,111345.0,84981.0,19550.0
1257,104007.0,85170.0,40072.0
1258,88981.0,56525.0,30562.0
1259,86920.0,61903.0,27447.0
1260,95475.0,83157.0,42549.0
1261,81364.0,53735.0,40588.0
1262,94848.0,78073.0,44535.0
1263,81419.0,66536.0,37224.0
1264,81419.0,66536.0,37224.0
1265,87858.0,48443.0,15215.0
1266,100169.0,79245.0,7547.0
1267,119207.0,58868.0,14084.0
1268,83781.0,80786.0,46936.0
1269,94049.0,86759.0,20854.0
1270,102006.0,58995.0,15403.0
1271,87445.0,44273.0,16724.0
1272,127392.0,77200.0,31204.0
1273,78265.0,67523.0,37725.0
1274,70774.0,62498.0,32686.0
1275,80923.0,67384.0,29414.0
1276,85475.0,87628.0,21828.0
1277,85475.0,87628.0,21828.0
1278,75472.0,73519.0,21061.0
1279,76869.0,46864.0,13880.0
1280,79867.0,35942.0,42140.0
1281,89153.0,65064.0,35785.0
1282,113629.0,58697.0,41465.0
1283,118882.0,52193.0,53315.0
1284,90616.0,34800.0,40797.0
1285,99869.0,48984.0,45566.0
1286,88231.0,44064.0,39058.0
1287,114631.0,47173.0,31260.0
1288,70623.0,48643.0,34627.0
1289,78784.0,42312.0,26728.0
1290,98030.0,65950.0,26440.0
1291,68662.0,66246.0,24874.0
1292,83713.0,71333.0,30289.0
1293,71901.0,69444.0,12696.0
1294,74102.0,61074.0,22671.0
1295,82263.0,79356.0,32028.0
1296,70575.0,57465.0,26797.0
1297,122978.0,91642.0,16436.0
1298,72730.0,60683.0,21078.0
1299,100137.0,96604.0,12373.0
1300,78413.0,78007.0,27230.0
1301,71472.0,42932.0,18105.0
1302,59709.0,42119.0,17215.0
1303,55534.0,42136.0,14446.0
1304,78084.0,49856.0,23941.0
1305,103472.0,86199.0,23765.0
1306,88495.0,55769.0,39789.0
1307,140612.0,102262.0,13704.0
1308,81069.0,46062.0,31506.0
1309,73309.0,48468.0,29051.0
1310,62703.0,45745.0,24124.0
1311,75562.0,48719.0,27570.0
1312,56562.0,61542.0,14453.0
1313,86225.0,49159.0,9558.0
1314,86335.0,56016.0,24075.0
1315,90280.0,48434.0,25236.0
1316,64598.0,50430.0,20178.0
1317,80371.0,64159.0,26098.0
1318,76428.0,49993.0,23016.0
1319,125245.0,69605.0,19692.0
1320,81422.0,81244.0,16924.0
1321,98631.0,66922.0,38148.0
1322,78769.0,92341.0,14577.0
1323,107459.0,88235.0,12015.0
1324,67797.0,57151.0,31755.0
1325,88483.0,104277.0,9729.0
1326,89370.0,84485.0,3541.0
1327,132254.0,105545.0,5929.0
1328,78824.0,75319.0,5080.0
1329,116970.0,108238.0,7833.0
1330,68404.0,69147.0,36474.0
1331,86635.0,60845.0,27704.0
1332,80457.0,73562.0,23836.0
1333,68811.0,50265.0,28476.0
1334,75035.0,56862.0,36399.0
1335,85451.0,55660.0,31416.0
1336,94243.0,61675.0,36920.0
1337,68599.0,39625.0,42787.0
1338,95343.0,54228.0,32355.0
1339,112267.0,74013.0,31408.0
1340,92029.0,69288.0,26966.0
1341,83646.0,66888.0,19153.0
1342,95536.0,58094.0,23108.0
1343,90305.0,64062.0,26993.0
1344,97259.0,49147.0,32728.0
1345,139182.0,54638.0,29062.0
1346,144544.0,58652.0,36763.0
1347,100033.0,40298.0,31207.0
1348,89997.0,42256.0,24255.0
1349,107107.0,69191.0,27807.0
1350,82913.0,66637.0,17265.0
1351,84406.0,56989.0,21689.0
1352,101705.0,73934.0,16265.0
1353,107025.0,49007.0,29417.0
1354,93808.0,56741.0,25776.0
1355,94159.0,80702.0,18283.0
1356,85011.0,73857.0,22020.0
1357,104898.0,83332.0,36072.0
1358,92127.0,55814.0,10015.0
1359,89627.0,57500.0,17810.0
1360,104231.0,40729.0,11167.0
1361,121381.0,50230.0,4993.0
1362,114903.0,39350.0,5064.0
1363,107705.0,66689.0,9917.0
1364,110572.0,64649.0,31981.0
1365,110942.0,40576.0,7275.0
1366,107918.0,70912.0,11704.0
1367,140300.0,67944.0,6749.0
1368,106415.0,42849.0,28956.0
1369,89946.0,53659.0,21971.0
1370,145777.0,57388.0,7722.0
1371,107373.0,39255.0,6859.0
1372,89173.0,43560.0,23458.0
1373,128376.0,38014.0,2378.0
1374,114884.0,58798.0,28279.0
1375,92674.0,67060.0,33411.0
1376,126357.0,59583.0,4115.0
1377,126409.0,44857.0,4941.0
1378,95847.0,71033.0,21047.0
1379,118453.0,57617.0,9244.0
1380,114807.0,52435.0,18404.0
1381,88363.0,53268.0,12410.0
1382,74113.0,74967.0,15427.0
1383,88738.0,77488.0,13782.0
1384,102137.0,70228.0,8204.0
1385,103620.0,92688.0,17239.0
1386,115945.0,89007.0,10211.0
1387,129916.0,68007.0,53207.0
1388,106735.0,68386.0,43345.0
1389,78815.0,60508.0,27496.0
1390,74654.0,54124.0,47179.0
1391,73290.0,89087.0,20538.0
1392,88528.0,56384.0,45138.0
1393,95796.0,60254.0,40529.0
1394,103288.0,55518.0,11087.0
1395,92264.0,39978.0,23307.0
1396,111897.0,55377.0,18159.0
1397,96542.0,50965.0,5903.0
1398,93407.0,41378.0,10054.0
1399,133312.0,68559.0,10439.0
1400,79737.0,69105.0,23884.0
1401,76235.0,62090.0,39794.0
1402,104099.0,52484.0,53437.0
1403,85960.0,72878.0,33830.0
1404,124362.0,95967.0,35209.0
1405,81924.0,51924.0,32062.0
1406,109213.0,53656.0,37165.0
1407,77428.0,56826.0,18763.0
1408,106978.0,50753.0,29019.0
1409,120286.0,74846.0,24766.0
1410,66792.0,47125.0,36054.0
1411,80172.0,62979.0,27789.0
1412,92837.0,71336.0,12393.0
1413,117839.0,104320.0,24120.0
1414,98568.0,61711.0,27126.0
1415,77063.0,68696.0,21252.0
1416,66833.0,48282.0,26435.0
1417,79984.0,54964.0,29132.0
1418,83035.0,66088.0,15439.0
1419,120447.0,78262.0,15653.0
1420,91772.0,65635.0,15976.0
1421,92743.0,77482.0,20421.0
1422,100086.0,51343.0,20516.0
1423,142763.0,67865.0,11794.0
1424,92679.0,58393.0,9223.0
1425,107941.0,57061.0,7731.0
1426,100535.0,64235.0,7092.0
1427,88534.0,67739.0,33558.0
1428,103861.0,64923.0,33682.0
1429,87157.0,46966.0,36730.0
1430,128701.0,46704.0,27429.0
1431,174028.0,77283.0,53403.0
1432,87862.0,42063.0,30201.0
1433,89764.0,42228.0,26078.0
1434,85453.0,45685.0,25643.0
1435,75123.0,43517.0,34435.0
1436,100614.0,47456.0,45967.0
1437,92449.0,61124.0,38312.0
1438,92562.0,56876.0,31180.0
1439,110120.0,42631.0,40154.0
1440,65854.0,37816.0,22804.0
1441,87734.0,59941.0,1497.0
1442,79874.0,48436.0,5809.0
1443,84861.0,81098.0,28175.0
1444,79963.0,75570.0,25467.0
1445,134009.0,65456.0,5708.0
1446,132190.0,58335.0,7521.0
1447,87426.0,49556.0,9180.0
1448,119674.0,64198.0,2521.0
1449,128013.0,71865.0,10712.0
1450,80521.0,44403.0,22275.0
1451,153353.0,82468.0,7583.0
1452,83500.0,55935.0,23368.0
1453,105308.0,69453.0,5781.0
1454,82732.0,51815.0,15777.0
1455,85470.0,40830.0,36640.0
1456,81790.0,54821.0,24269.0
1457,98702.0,66046.0,35953.0
1458,77449.0,44927.0,29703.0
1459,64742.0,47352.0,26119.0
1460,75678.0,49381.0,28792.0
1461,81331.0,61064.0,18170.0
1462,71584.0,53615.0,24330.0
1463,90687.0,45667.0,18037.0
1464,78447.0,51107.0,20506.0
1465,73889.0,65572.0,23397.0
1466,81806.0,71628.0,42608.0
1467,87343.0,55618.0,31338.0
1468,73086.0,54785.0,28216.0
1469,126981.0,76714.0,17746.0
1470,73585.0,67464.0,26194.0
1471,83759.0,57847.0,38043.0
1472,86169.0,57836.0,27127.0
1473,89349.0,66616.0,25017.0
1474,88406.0,71741.0,32957.0
1475,74218.0,54974.0,26637.0
1476,69778.0,62984.0,37381.0
1477,74098.0,63669.0,30113.0
1478,83136.0,58414.0,18377.0
1479,70132.0,75080.0,20129.0
1480,65086.0,50408.0,25543.0
1481,75758.0,63936.0,37479.0
1482,99455.0,81378.0,12651.0
1483,77301.0,58210.0,33170.0
1484,58863.0,37143.0,26394.0
1485,95415.0,99596.0,37813.0
1486,105960.0,57003.0,33293.0
1487,150262.0,57320.0,19112.0
1488,102136.0,62217.0,28450.0
1489,100258.0,45888.0,25125.0
1490,96685.0,59869.0,29441.0
1491,100108.0,67077.0,28881.0
1492,79959.0,48879.0,20697.0
1493,68307.0,50474.0,24136.0
1494,82650.0,49443.0,22270.0
1495,115506.0,57047.0,26003.0
1496,118156.0,56521.0,21782.0
1497,118216.0,59123.0,15239.0
1498,102389.0,42680.0,28376.0
1499,86398.0,69014.0,17384.0
1500,130627.0,52857.0,20904.0
1501,93511.0,53888.0,13354.0
1502,114976.0,65913.0,18222.0
1503,112647.0,52375.0,19973.0
1504,101083.0,55907.0,13043.0
1505,97865.0,36625.0,27290.0
1506,109084.0,51730.0,17880.0
1507,97116.0,48022.0,22252.0
1508,189324.0,72825.0,34997.0
1509,112961.0,49730.0,27799.0
1510,89381.0,44707.0,18545.0
1511,69050.0,43444.0,28783.0
1512,86687.0,67240.0,33957.0
1513,86167.0,72342.0,26797.0
1514,80490.0,47624.0,42441.0
1515,92143.0,56781.0,20910.0
1516,82608.0,69220.0,23109.0
1517,75873.0,45741.0,29007.0
1518,94707.0,65163.0,41417.0
1519,99872.0,54266.0,30934.0
1520,74297.0,55172.0,24228.0
1521,75355.0,45468.0,20704.0
1522,106961.0,68794.0,25854.0
1523,127852.0,70770.0,13187.0
1524,124233.0,58186.0,21997.0
1525,75066.0,40305.0,24034.0
1526,75926.0,41116.0,31823.0
1527,74066.0,47953.0,17964.0
1528,103583.0,62914.0,40152.0
1529,124674.0,83286.0,30702.0
1530,72614.0,33902.0,36017.0
1531,65118.0,43207.0,24586.0
1532,66913.0,48880.0,36431.0
1533,91917.0,47894.0,24266.0
1534,115698.0,53953.0,23354.0
1535,96617.0,42534.0,32313.0
1536,97122.0,56711.0,32648.0
1537,134804.0,69434.0,31501.0
1538,75405.0,48697.0,21907.0
1539,78196.0,44670.0,34745.0
1540,82053.0,64250.0,37268.0
1541,105563.0,76718.0,18888.0
1542,81024.0,55530.0,37171.0
1543,79609.0,67630.0,35396.0
1544,66936.0,64448.0,33952.0
1545,107702.0,83667.0,32733.0
1546,73683.0,61417.0,27704.0
1547,80322.0,66707.0,18512.0
1548,54676.0,46546.0,22906.0
1549,106684.0,100948.0,964.0
1550,77336.0,72406.0,19757.0
1551,89904.0,94068.0,1419.0
1552,84152.0,90294.0,3211.0
1553,83252.0,54765.0,22308.0
1554,71739.0,46709.0,13430.0
1555,104627.0,45232.0,22092.0
1556,94321.0,53180.0,22801.0
1557,84518.0,43641.0,17506.0
1558,84622.0,39569.0,19004.0
1559,83498.0,34822.0,16061.0
1560,101049.0,40087.0,19546.0
1561,84079.0,22668.0,20976.0
1562,127204.0,45090.0,12516.0
1563,108156.0,38641.0,13463.0
1564,147549.0,49219.0,13409.0
1565,82985.0,28342.0,20277.0
1566,103017.0,49395.0,23270.0
1567,96860.0,55842.0,10376.0
1568,82381.0,53778.0,20408.0
1569,94806.0,36730.0,16091.0
1570,88704.0,30891.0,7595.0
1571,99651.0,31433.0,14084.0
1572,77102.0,25405.0,15461.0
1573,102572.0,34175.0,17764.0
1574,145180.0,33038.0,16726.0
1575,101456.0,37298.0,8495.0
1576,138816.0,40033.0,17319.0
1577,170790.0,38347.0,14026.0
1578,148888.0,33768.0,11068.0
1579,125279.0,52840.0,12751.0
1580,98994.0,36114.0,14302.0
1581,161664.0,63756.0,23791.0
1582,172118.0,36408.0,16620.0
1583,110982.0,32557.0,14096.0
1584,154081.0,36996.0,15137.0
1585,127164.0,37411.0,19399.0
1586,99006.0,38833.0,14952.0
1587,88636.0,41943.0,19847.0
1588,88271.0,33546.0,23396.0
1589,112087.0,52321.0,34876.0
1590,76837.0,45776.0,33600.0
1591,88895.0,52044.0,20984.0
1592,92491.0,47909.0,22484.0
1593,92934.0,60521.0,21558.0
1594,111253.0,79215.0,17531.0
1595,117207.0,73377.0,14657.0
1596,77832.0,45195.0,21483.0
1597,121334.0,72439.0,31352.0
1598,85678.0,49035.0,34871.0
1599,74560.0,52345.0,30427.0
1600,128902.0,89379.0,39031.0
1601,93349.0,45257.0,21164.0
1602,87755.0,41241.0,22493.0
1603,92224.0,63811.0,31988.0
1604,86062.0,61779.0,24101.0
1605,88214.0,54983.0,25545.0
1606,74563.0,43315.0,25098.0
1607,140942.0,91655.0,17493.0
1608,101639.0,64520.0,28865.0
1609,79553.0,63752.0,28684.0
1610,103456.0,70914.0,25385.0
1611,80020.0,55654.0,24225.0
1612,138954.0,112538.0,23589.0
1613,76467.0,59546.0,33589.0
1614,79593.0,60475.0,25322.0
1615,68192.0,45187.0,16704.0
1616,77581.0,57338.0,24720.0
1617,80662.0,63033.0,28147.0
1618,108065.0,86601.0,15768.0
1619,93251.0,77699.0,32030.0
1620,135151.0,82823.0,13451.0
1621,81012.0,58328.0,33958.0
1622,98027.0,55509.0,23988.0
1623,74188.0,44706.0,21893.0
1624,86892.0,65042.0,39952.0
1625,73409.0,51152.0,23479.0
1626,86411.0,89319.0,27143.0
1627,65140.0,54291.0,31135.0
1628,75830.0,59897.0,42055.0
1629,82323.0,73378.0,39124.0
1630,96309.0,100346.0,26036.0
1631,93408.0,77925.0,26831.0
1632,76653.0,83155.0,22975.0
1633,124823.0,80008.0,25682.0
1634,93960.0,81973.0,27850.0
1635,92273.0,57626.0,36722.0
1636,148007.0,61436.0,14748.0
1637,189502.0,67046.0,17983.0
1638,80479.0,58907.0,19759.0
1639,79851.0,54128.0,21980.0
1640,85345.0,50835.0,28169.0
1641,81953.0,51158.0,27543.0
1642,79611.0,37533.0,18253.0
1643,77145.0,35144.0,18744.0
1644,76496.0,44391.0,23680.0
1645,76342.0,38860.0,17084.0
1646,82895.0,48912.0,24199.0
1647,65513.0,42749.0,15725.0
1648,109527.0,47867.0,18959.0
1649,126422.0,77200.0,15278.0
1650,94971.0,56568.0,21745.0
1651,87318.0,62358.0,17015.0
1652,86455.0,51222.0,15834.0
1653,74102.0,52188.0,17189.0
1654,88209.0,37565.0,5511.0
1655,74520.0,29021.0,11343.0
1656,93001.0,49977.0,26737.0
1657,81476.0,53962.0,19445.0
1658,80548.0,46746.0,30636.0
1659,89474.0,63016.0,21410.0
1660,89230.0,52451.0,16865.0
1661,119694.0,56796.0,31587.0
1662,92686.0,45486.0,16201.0
1663,92173.0,61658.0,38123.0
1664,66148.0,50834.0,21901.0
1665,81539.0,60360.0,20846.0
1666,80591.0,51532.0,23945.0
1667,86152.0,50319.0,33231.0
1668,119298.0,79805.0,20650.0
1669,65568.0,54793.0,30719.0
1670,72721.0,50325.0,29968.0
1671,77698.0,60356.0,18896.0
1672,136132.0,82906.0,7526.0
1673,78880.0,59684.0,42874.0
1674,95325.0,83531.0,19578.0
1675,90527.0,60140.0,40183.0
1676,69553.0,44736.0,36421.0
1677,76642.0,70502.0,31791.0
1678,94317.0,58849.0,27110.0
1679,90117.0,94654.0,13043.0
1680,84764.0,69533.0,49251.0
1681,129073.0,93887.0,21437.0
1682,97317.0,66717.0,32208.0
1683,74806.0,65760.0,40230.0
1684,87952.0,82811.0,37206.0
1685,70110.0,65666.0,34879.0
1686,85418.0,62245.0,39629.0
1687,92818.0,51596.0,26026.0
1688,92500.0,77012.0,9667.0
1689,109146.0,87620.0,54697.0
1690,128122.0,102743.0,13381.0
1691,85297.0,78891.0,49280.0
1692,115761.0,80140.0,16719.0
1693,104889.0,80965.0,40314.0
1694,88166.0,67351.0,42662.0
1695,85748.0,56107.0,19212.0
1696,92091.0,84577.0,37790.0
1697,81547.0,53139.0,36108.0
1698,95596.0,74292.0,53255.0
1699,82149.0,59136.0,27527.0
1700,91945.0,58378.0,11491.0
1701,105273.0,89838.0,9010.0
1702,123003.0,59313.0,19187.0
1703,91102.0,80031.0,42687.0
1704,95267.0,76739.0,23405.0
1705,96742.0,66505.0,14856.0
1706,87377.0,43012.0,13305.0
1707,126200.0,79033.0,36448.0
1708,77162.0,56884.0,38449.0
1709,74783.0,64614.0,31337.0
1710,80951.0,65588.0,32171.0
1711,83725.0,82243.0,23637.0
1712,78264.0,80408.0,18608.0
1713,77049.0,43147.0,14441.0
1714,85772.0,37321.0,34041.0
1715,84526.0,57076.0,36084.0
1716,111271.0,57354.0,45054.0
1717,119968.0,55589.0,51263.0
1718,91870.0,40012.0,31830.0
1719,96031.0,56586.0,50165.0
1720,92627.0,56676.0,40142.0
1721,121129.0,49114.0,29001.0
1722,76582.0,43416.0,27286.0
1723,82392.0,38358.0,36898.0
1724,98091.0,58513.0,26488.0
1725,66421.0,72159.0,19992.0
1726,84147.0,75556.0,27774.0
1727,70537.0,70404.0,19557.0
1728,77492.0,57205.0,27359.0
1729,85350.0,79177.0,27254.0
1730,69312.0,55942.0,30153.0
1731,128887.0,97785.0,21275.0
1732,69915.0,63526.0,29435.0
1733,96498.0,91787.0,15504.0
1734,80160.0,65520.0,30693.0
1735,72380.0,41072.0,20921.0
1736,62993.0,39059.0,13259.0
1737,55257.0,38148.0,12916.0
1738,81007.0,65366.0,19033.0
1739,104288.0,74900.0,21445.0
1740,88977.0,62140.0,36714.0
1741,142000.0,90568.0,11458.0
1742,82483.0,49300.0,29573.0
1743,69311.0,53537.0,31977.0
1744,61473.0,45361.0,23101.0
1745,72538.0,46938.0,25874.0
1746,52802.0,57526.0,13812.0
